row,repository,group,component,state,evidence,snapshot,source_paths
Tangle,tangle,Languages and research,Syntax,D,Security-labelled syntax and formal core were reviewed; this is not the catalogue’s former KRL conflation.,187509b346179fae340e8cbd1ad28285b8c7cef2; ## main...origin/main [ahead 5],dialects/braid-calculus/grammar-sketch.ebnf; dialects/quantum-circuit/grammar-sketch.ebnf; dialects/skein-algebra/grammar-sketch.ebnf
Tangle,tangle,Languages and research,Semantics,D,Security-labelled syntax and formal core were reviewed; this is not the catalogue’s former KRL conflation.,187509b346179fae340e8cbd1ad28285b8c7cef2; ## main...origin/main [ahead 5],docs/spec/FORMAL-SEMANTICS.md
Tangle,tangle,Languages and research,Type checker,F,A related filename was enumerated. Its existence establishes neither implementation nor correctness.,187509b346179fae340e8cbd1ad28285b8c7cef2; ## main...origin/main [ahead 5],compiler/lib/typecheck.ml; compiler/test/test_typecheck.ml
Tangle,tangle,Languages and research,Ownership / effects,?,No sufficient component assessment in this audit. This is not a claim of absence.,187509b346179fae340e8cbd1ad28285b8c7cef2; ## main...origin/main [ahead 5],
Tangle,tangle,Languages and research,AST,I,OCaml frontend and REPL implementation sources were inspected.,187509b346179fae340e8cbd1ad28285b8c7cef2; ## main...origin/main [ahead 5],compiler/lib/ast.ml; src/rust/src/ast.rs; src/rust/src/ast_jtv.rs
Tangle,tangle,Languages and research,Judgement / evidence graph,?,No sufficient component assessment in this audit. This is not a claim of absence.,187509b346179fae340e8cbd1ad28285b8c7cef2; ## main...origin/main [ahead 5],
Tangle,tangle,Languages and research,Lexer,I,OCaml frontend and REPL implementation sources were inspected.,187509b346179fae340e8cbd1ad28285b8c7cef2; ## main...origin/main [ahead 5],.github/workflows/secret-scanner.yml; bench/bench_lexer.ml; bench/bench_lexer.rs
Tangle,tangle,Languages and research,Parser,I,OCaml frontend and REPL implementation sources were inspected.,187509b346179fae340e8cbd1ad28285b8c7cef2; ## main...origin/main [ahead 5],bench/bench_parser.ml; bench/bench_parser_rust.rs; compiler/fuzz/fuzz_parser.ml
Tangle,tangle,Languages and research,Elaboration / IR,?,No sufficient component assessment in this audit. This is not a claim of absence.,187509b346179fae340e8cbd1ad28285b8c7cef2; ## main...origin/main [ahead 5],
Tangle,tangle,Languages and research,REPL,I,OCaml frontend and REPL implementation sources were inspected.,187509b346179fae340e8cbd1ad28285b8c7cef2; ## main...origin/main [ahead 5],compiler/lib/repl.ml
Tangle,tangle,Languages and research,LSP / debugger,F,A related filename was enumerated. Its existence establishes neither implementation nor correctness.,187509b346179fae340e8cbd1ad28285b8c7cef2; ## main...origin/main [ahead 5],compiler/tangle-lsp/Cargo.toml; compiler/tangle-lsp/docs/lsp-diagnostic-categories.md; compiler/tangle-lsp/src/backend.rs
Tangle,tangle,Languages and research,Interpreter / runner,F,A related filename was enumerated. Its existence establishes neither implementation nor correctness.,187509b346179fae340e8cbd1ad28285b8c7cef2; ## main...origin/main [ahead 5],compiler/lib/eval.ml; compiler/test/test_eval.ml; src/rust/src/eval.rs
Tangle,tangle,Languages and research,Meta-interpreter,?,No sufficient component assessment in this audit. This is not a claim of absence.,187509b346179fae340e8cbd1ad28285b8c7cef2; ## main...origin/main [ahead 5],
Tangle,tangle,Languages and research,Compiler / build,F,A related filename was enumerated. Its existence establishes neither implementation nor correctness.,187509b346179fae340e8cbd1ad28285b8c7cef2; ## main...origin/main [ahead 5],compiler/bin/dune; compiler/bin/main.ml; compiler/dune-project
Tangle,tangle,Languages and research,Meta-compiler,F,A related filename was enumerated. Its existence establishes neither implementation nor correctness.,187509b346179fae340e8cbd1ad28285b8c7cef2; ## main...origin/main [ahead 5],proofs/bootstrap-lean.sh
Tangle,tangle,Languages and research,Code generators,F,A related filename was enumerated. Its existence establishes neither implementation nor correctness.,187509b346179fae340e8cbd1ad28285b8c7cef2; ## main...origin/main [ahead 5],compiler/tangle-lsp/src/backend.rs; compiler/test/tg3/tg3_emit.ml
Tangle,tangle,Languages and research,Coprocessor / GPU,?,No sufficient component assessment in this audit. This is not a claim of absence.,187509b346179fae340e8cbd1ad28285b8c7cef2; ## main...origin/main [ahead 5],
Tangle,tangle,Languages and research,FFI / ABI / verifier,F,A related filename was enumerated. Its existence establishes neither implementation nor correctness.,187509b346179fae340e8cbd1ad28285b8c7cef2; ## main...origin/main [ahead 5],ffi/zig/build.zig; ffi/zig/src/main.zig; ffi/zig/test/integration_test.zig
Tangle,tangle,Languages and research,Standard library,F,A related filename was enumerated. Its existence establishes neither implementation nor correctness.,187509b346179fae340e8cbd1ad28285b8c7cef2; ## main...origin/main [ahead 5],lib/stdlib.tangle
Tangle,tangle,Languages and research,Aggregate library,?,No sufficient component assessment in this audit. This is not a claim of absence.,187509b346179fae340e8cbd1ad28285b8c7cef2; ## main...origin/main [ahead 5],
Tangle,tangle,Languages and research,Other libraries / packages,F,A related filename was enumerated. Its existence establishes neither implementation nor correctness.,187509b346179fae340e8cbd1ad28285b8c7cef2; ## main...origin/main [ahead 5],.machine_readable/6a2/ECOSYSTEM.a2ml
Tangle,tangle,Languages and research,Unit / conformance tests,F,A related filename was enumerated. Its existence establishes neither implementation nor correctness.,187509b346179fae340e8cbd1ad28285b8c7cef2; ## main...origin/main [ahead 5],compiler/tangle-wasm/tests/differential.rs; compiler/test/dune; compiler/test/test_check.ml
Tangle,tangle,Languages and research,Property tests / fuzzing,F,A related filename was enumerated. Its existence establishes neither implementation nor correctness.,187509b346179fae340e8cbd1ad28285b8c7cef2; ## main...origin/main [ahead 5],compiler/fuzz/fuzz_lexer.ml; compiler/fuzz/fuzz_parser.ml; src/rust/fuzz/Cargo.toml
Tangle,tangle,Languages and research,Formal model / proofs,P,"Lean core checked: progress, preservation, determinism, safety, and inference equivalence. This is the model, not a compiler refinement proof.",187509b346179fae340e8cbd1ad28285b8c7cef2; ## main...origin/main [ahead 5],proofs/TG3Differential.lean; proofs/Tangle.lean
Tangle,tangle,Languages and research,Proof / runtime correspondence,?,An end-to-end refinement from the OCaml implementation to the checked Lean core was not established.,187509b346179fae340e8cbd1ad28285b8c7cef2; ## main...origin/main [ahead 5],ASSUMPTIONS.md; proofs/TG3-REFINEMENT.md
Tangle,tangle,Languages and research,CI / security gates,F,A related filename was enumerated. Its existence establishes neither implementation nor correctness.,187509b346179fae340e8cbd1ad28285b8c7cef2; ## main...origin/main [ahead 5],.github/workflows/codeql.yml; .github/workflows/dependabot-automerge.yml; .github/workflows/dogfood-gate.yml
Tangle,tangle,Languages and research,Benchmarks / measurement,F,A related filename was enumerated. Its existence establishes neither implementation nor correctness.,187509b346179fae340e8cbd1ad28285b8c7cef2; ## main...origin/main [ahead 5],bench/bench_lexer.ml; bench/bench_lexer.rs; bench/bench_parser.ml
Tangle,tangle,Languages and research,Release / packaging,F,A related filename was enumerated. Its existence establishes neither implementation nor correctness.,187509b346179fae340e8cbd1ad28285b8c7cef2; ## main...origin/main [ahead 5],guix.scm
Oblíbený,oblibeny,Languages and research,Syntax,D,Reversible core syntax/semantics reviewed; whole-toolchain 100% completion claims were unsupported.,105971c7c52227dbb12dc4bfda9e2a02e46c637b; ## main...origin/main [ahead 3]; repair observations refer separately to https://github.com/hyperpolymath/oblibeny/pull/127,docs/LANGUAGE-SPEC.md; docs/academic/engineering/01-hardware-specifications.adoc; docs/academic/engineering/02-protocol-specifications.adoc
Oblíbený,oblibeny,Languages and research,Semantics,D,Reversible core syntax/semantics reviewed; whole-toolchain 100% completion claims were unsupported.,105971c7c52227dbb12dc4bfda9e2a02e46c637b; ## main...origin/main [ahead 3]; repair observations refer separately to https://github.com/hyperpolymath/oblibeny/pull/127,
Oblíbený,oblibeny,Languages and research,Type checker,!,Static analysis has call/size gaps; debugger stepping is an index and continuation is unfinished; profiler reports zero placeholders; deployment completion not established.,105971c7c52227dbb12dc4bfda9e2a02e46c637b; ## main...origin/main [ahead 3]; repair observations refer separately to https://github.com/hyperpolymath/oblibeny/pull/127,lib/typecheck.ml; src/abi/Lang/Checker.idr
Oblíbený,oblibeny,Languages and research,Ownership / effects,?,No sufficient component assessment in this audit. This is not a claim of absence.,105971c7c52227dbb12dc4bfda9e2a02e46c637b; ## main...origin/main [ahead 3]; repair observations refer separately to https://github.com/hyperpolymath/oblibeny/pull/127,
Oblíbený,oblibeny,Languages and research,AST,I,OCaml core implementation inspected; 27 conformance cases passed for the tested slice.,105971c7c52227dbb12dc4bfda9e2a02e46c637b; ## main...origin/main [ahead 3]; repair observations refer separately to https://github.com/hyperpolymath/oblibeny/pull/127,lib/ast.ml; src/abi/Lang/Syntax.idr
Oblíbený,oblibeny,Languages and research,Judgement / evidence graph,?,No sufficient component assessment in this audit. This is not a claim of absence.,105971c7c52227dbb12dc4bfda9e2a02e46c637b; ## main...origin/main [ahead 3]; repair observations refer separately to https://github.com/hyperpolymath/oblibeny/pull/127,
Oblíbený,oblibeny,Languages and research,Lexer,I,OCaml core implementation inspected; 27 conformance cases passed for the tested slice.,105971c7c52227dbb12dc4bfda9e2a02e46c637b; ## main...origin/main [ahead 3]; repair observations refer separately to https://github.com/hyperpolymath/oblibeny/pull/127,.github/workflows/secret-scanner.yml; lib/lexer.ml
Oblíbený,oblibeny,Languages and research,Parser,I,OCaml core implementation inspected; 27 conformance cases passed for the tested slice.,105971c7c52227dbb12dc4bfda9e2a02e46c637b; ## main...origin/main [ahead 3]; repair observations refer separately to https://github.com/hyperpolymath/oblibeny/pull/127,lib/parser.mly
Oblíbený,oblibeny,Languages and research,Elaboration / IR,F,A related filename was enumerated. Its existence establishes neither implementation nor correctness.,105971c7c52227dbb12dc4bfda9e2a02e46c637b; ## main...origin/main [ahead 3]; repair observations refer separately to https://github.com/hyperpolymath/oblibeny/pull/127,docs/specs/ir/oir-specification.adoc
Oblíbený,oblibeny,Languages and research,REPL,?,No sufficient component assessment in this audit. This is not a claim of absence.,105971c7c52227dbb12dc4bfda9e2a02e46c637b; ## main...origin/main [ahead 3]; repair observations refer separately to https://github.com/hyperpolymath/oblibeny/pull/127,
Oblíbený,oblibeny,Languages and research,LSP / debugger,!,Static analysis has call/size gaps; debugger stepping is an index and continuation is unfinished; profiler reports zero placeholders; deployment completion not established.,105971c7c52227dbb12dc4bfda9e2a02e46c637b; ## main...origin/main [ahead 3]; repair observations refer separately to https://github.com/hyperpolymath/oblibeny/pull/127,LSP-SERVER-IMPLEMENTATION.md; bin/oblibeny_lsp.ml; lib/debugger.ml
Oblíbený,oblibeny,Languages and research,Interpreter / runner,I,OCaml core implementation inspected; 27 conformance cases passed for the tested slice.,105971c7c52227dbb12dc4bfda9e2a02e46c637b; ## main...origin/main [ahead 3]; repair observations refer separately to https://github.com/hyperpolymath/oblibeny/pull/127,lib/eval.ml; src/abi/Lang/Eval.idr
Oblíbený,oblibeny,Languages and research,Meta-interpreter,?,No sufficient component assessment in this audit. This is not a claim of absence.,105971c7c52227dbb12dc4bfda9e2a02e46c637b; ## main...origin/main [ahead 3]; repair observations refer separately to https://github.com/hyperpolymath/oblibeny/pull/127,
Oblíbený,oblibeny,Languages and research,Compiler / build,F,A related filename was enumerated. Its existence establishes neither implementation nor correctness.,105971c7c52227dbb12dc4bfda9e2a02e46c637b; ## main...origin/main [ahead 3]; repair observations refer separately to https://github.com/hyperpolymath/oblibeny/pull/127,docs/specs/architecture/compiler-architecture.adoc; ffi/zig/build.zig
Oblíbený,oblibeny,Languages and research,Meta-compiler,F,A related filename was enumerated. Its existence establishes neither implementation nor correctness.,105971c7c52227dbb12dc4bfda9e2a02e46c637b; ## main...origin/main [ahead 3]; repair observations refer separately to https://github.com/hyperpolymath/oblibeny/pull/127,Containerfile.bootstrap; docs/DISTROLESS-BOOTSTRAP.adoc
Oblíbený,oblibeny,Languages and research,Code generators,F,A related filename was enumerated. Its existence establishes neither implementation nor correctness.,105971c7c52227dbb12dc4bfda9e2a02e46c637b; ## main...origin/main [ahead 3]; repair observations refer separately to https://github.com/hyperpolymath/oblibeny/pull/127,docs/specs/backend/rust-backend.adoc
Oblíbený,oblibeny,Languages and research,Coprocessor / GPU,?,No sufficient component assessment in this audit. This is not a claim of absence.,105971c7c52227dbb12dc4bfda9e2a02e46c637b; ## main...origin/main [ahead 3]; repair observations refer separately to https://github.com/hyperpolymath/oblibeny/pull/127,
Oblíbený,oblibeny,Languages and research,FFI / ABI / verifier,F,A related filename was enumerated. Its existence establishes neither implementation nor correctness.,105971c7c52227dbb12dc4bfda9e2a02e46c637b; ## main...origin/main [ahead 3]; repair observations refer separately to https://github.com/hyperpolymath/oblibeny/pull/127,docs/academic/verification/01-formal-verification.adoc; docs/academic/verification/02-program-analysis.adoc; docs/academic/verification/03-concurrency-distributed.adoc
Oblíbený,oblibeny,Languages and research,Standard library,?,No sufficient component assessment in this audit. This is not a claim of absence.,105971c7c52227dbb12dc4bfda9e2a02e46c637b; ## main...origin/main [ahead 3]; repair observations refer separately to https://github.com/hyperpolymath/oblibeny/pull/127,
Oblíbený,oblibeny,Languages and research,Aggregate library,F,A related filename was enumerated. Its existence establishes neither implementation nor correctness.,105971c7c52227dbb12dc4bfda9e2a02e46c637b; ## main...origin/main [ahead 3]; repair observations refer separately to https://github.com/hyperpolymath/oblibeny/pull/127,examples/alib/README.md; examples/alib/arithmetic.obl; examples/alib/comparison.obl
Oblíbený,oblibeny,Languages and research,Other libraries / packages,F,A related filename was enumerated. Its existence establishes neither implementation nor correctness.,105971c7c52227dbb12dc4bfda9e2a02e46c637b; ## main...origin/main [ahead 3]; repair observations refer separately to https://github.com/hyperpolymath/oblibeny/pull/127,.machine_readable/6a2/ECOSYSTEM.a2ml; examples/packages/hello.zpkg/META.scm; examples/packages/hello.zpkg/README.adoc
Oblíbený,oblibeny,Languages and research,Unit / conformance tests,T,27 conformance cases passed; this does not certify debugger or deployment.,105971c7c52227dbb12dc4bfda9e2a02e46c637b; ## main...origin/main [ahead 3]; repair observations refer separately to https://github.com/hyperpolymath/oblibeny/pull/127,test/conformance_test.ml; test/dune
Oblíbený,oblibeny,Languages and research,Property tests / fuzzing,?,No sufficient component assessment in this audit. This is not a claim of absence.,105971c7c52227dbb12dc4bfda9e2a02e46c637b; ## main...origin/main [ahead 3]; repair observations refer separately to https://github.com/hyperpolymath/oblibeny/pull/127,
Oblíbený,oblibeny,Languages and research,Formal model / proofs,?,No sufficient component assessment in this audit. This is not a claim of absence.,105971c7c52227dbb12dc4bfda9e2a02e46c637b; ## main...origin/main [ahead 3]; repair observations refer separately to https://github.com/hyperpolymath/oblibeny/pull/127,
Oblíbený,oblibeny,Languages and research,Proof / runtime correspondence,F,A related filename was enumerated. Its existence establishes neither implementation nor correctness.,105971c7c52227dbb12dc4bfda9e2a02e46c637b; ## main...origin/main [ahead 3]; repair observations refer separately to https://github.com/hyperpolymath/oblibeny/pull/127,docs/proof-debt.md
Oblíbený,oblibeny,Languages and research,CI / security gates,I,CI/security configuration and actual PR checks were inspected and repaired in PR 127. Build/test/security results are separate from main branch policy and merge approval; follow the live PR for final status.,105971c7c52227dbb12dc4bfda9e2a02e46c637b; ## main...origin/main [ahead 3]; repair observations refer separately to https://github.com/hyperpolymath/oblibeny/pull/127,.github/workflows/ci.yml; .github/workflows/codeql.yml; .github/workflows/governance.yml
Oblíbený,oblibeny,Languages and research,Benchmarks / measurement,!,Static analysis has call/size gaps; debugger stepping is an index and continuation is unfinished; profiler reports zero placeholders; deployment completion not established.,105971c7c52227dbb12dc4bfda9e2a02e46c637b; ## main...origin/main [ahead 3]; repair observations refer separately to https://github.com/hyperpolymath/oblibeny/pull/127,lib/profiler.ml
Oblíbený,oblibeny,Languages and research,Release / packaging,!,Static analysis has call/size gaps; debugger stepping is an index and continuation is unfinished; profiler reports zero placeholders; deployment completion not established.,105971c7c52227dbb12dc4bfda9e2a02e46c637b; ## main...origin/main [ahead 3]; repair observations refer separately to https://github.com/hyperpolymath/oblibeny/pull/127,
KitchenSpeak,kitchenspeak,Languages and research,Syntax,D,Cooking syntax and safety model reviewed; physical guarantees depend on sensor and environment assumptions.,"7e85048ba46c45f2e0fbb159de73f58585a2a430; ## main...origin/main [ahead 11, behind 27]",docs/spec/0001-lexical-grammar.adoc; docs/spec/0002-concrete-grammar.adoc; grammar.ebnf
KitchenSpeak,kitchenspeak,Languages and research,Semantics,D,Cooking syntax and safety model reviewed; physical guarantees depend on sensor and environment assumptions.,"7e85048ba46c45f2e0fbb159de73f58585a2a430; ## main...origin/main [ahead 11, behind 27]",docs/design/0002-semantics.adoc
KitchenSpeak,kitchenspeak,Languages and research,Type checker,?,No sufficient component assessment in this audit. This is not a claim of absence.,"7e85048ba46c45f2e0fbb159de73f58585a2a430; ## main...origin/main [ahead 11, behind 27]",
KitchenSpeak,kitchenspeak,Languages and research,Ownership / effects,F,A related filename was enumerated. Its existence establishes neither implementation nor correctness.,"7e85048ba46c45f2e0fbb159de73f58585a2a430; ## main...origin/main [ahead 11, behind 27]",decisions/0004-echo-attaches-to-linear-dyadic.adoc; docs/governance/audit/effects/0.3-AI-MANIFEST.a2ml; docs/governance/audit/effects/README.adoc
KitchenSpeak,kitchenspeak,Languages and research,AST,I,Compiler frontend sources are present and the conformance corpus exercises accepted and rejected inputs.,"7e85048ba46c45f2e0fbb159de73f58585a2a430; ## main...origin/main [ahead 11, behind 27]",src/compiler/ast.ml
KitchenSpeak,kitchenspeak,Languages and research,Judgement / evidence graph,?,No sufficient component assessment in this audit. This is not a claim of absence.,"7e85048ba46c45f2e0fbb159de73f58585a2a430; ## main...origin/main [ahead 11, behind 27]",
KitchenSpeak,kitchenspeak,Languages and research,Lexer,I,Compiler frontend sources are present and the conformance corpus exercises accepted and rejected inputs.,"7e85048ba46c45f2e0fbb159de73f58585a2a430; ## main...origin/main [ahead 11, behind 27]",.github/workflows/secret-scanner.yml; src/compiler/lexer.ml
KitchenSpeak,kitchenspeak,Languages and research,Parser,I,Compiler frontend sources are present and the conformance corpus exercises accepted and rejected inputs.,"7e85048ba46c45f2e0fbb159de73f58585a2a430; ## main...origin/main [ahead 11, behind 27]",docs/spec/0001-lexical-grammar.adoc; docs/spec/0002-concrete-grammar.adoc; grammar.ebnf
KitchenSpeak,kitchenspeak,Languages and research,Elaboration / IR,?,No sufficient component assessment in this audit. This is not a claim of absence.,"7e85048ba46c45f2e0fbb159de73f58585a2a430; ## main...origin/main [ahead 11, behind 27]",
KitchenSpeak,kitchenspeak,Languages and research,REPL,?,No sufficient component assessment in this audit. This is not a claim of absence.,"7e85048ba46c45f2e0fbb159de73f58585a2a430; ## main...origin/main [ahead 11, behind 27]",
KitchenSpeak,kitchenspeak,Languages and research,LSP / debugger,?,No sufficient component assessment in this audit. This is not a claim of absence.,"7e85048ba46c45f2e0fbb159de73f58585a2a430; ## main...origin/main [ahead 11, behind 27]",
KitchenSpeak,kitchenspeak,Languages and research,Interpreter / runner,?,No sufficient component assessment in this audit. This is not a claim of absence.,"7e85048ba46c45f2e0fbb159de73f58585a2a430; ## main...origin/main [ahead 11, behind 27]",
KitchenSpeak,kitchenspeak,Languages and research,Meta-interpreter,?,No sufficient component assessment in this audit. This is not a claim of absence.,"7e85048ba46c45f2e0fbb159de73f58585a2a430; ## main...origin/main [ahead 11, behind 27]",
KitchenSpeak,kitchenspeak,Languages and research,Compiler / build,F,A related filename was enumerated. Its existence establishes neither implementation nor correctness.,"7e85048ba46c45f2e0fbb159de73f58585a2a430; ## main...origin/main [ahead 11, behind 27]",src/compiler/ast.ml; src/compiler/check.ml; src/compiler/dune
KitchenSpeak,kitchenspeak,Languages and research,Meta-compiler,F,A related filename was enumerated. Its existence establishes neither implementation nor correctness.,"7e85048ba46c45f2e0fbb159de73f58585a2a430; ## main...origin/main [ahead 11, behind 27]",features/ssg/ssg-bootstrap.sh
KitchenSpeak,kitchenspeak,Languages and research,Code generators,?,No sufficient component assessment in this audit. This is not a claim of absence.,"7e85048ba46c45f2e0fbb159de73f58585a2a430; ## main...origin/main [ahead 11, behind 27]",
KitchenSpeak,kitchenspeak,Languages and research,Coprocessor / GPU,?,No sufficient component assessment in this audit. This is not a claim of absence.,"7e85048ba46c45f2e0fbb159de73f58585a2a430; ## main...origin/main [ahead 11, behind 27]",
KitchenSpeak,kitchenspeak,Languages and research,FFI / ABI / verifier,F,A related filename was enumerated. Its existence establishes neither implementation nor correctness.,"7e85048ba46c45f2e0fbb159de73f58585a2a430; ## main...origin/main [ahead 11, behind 27]",.machine_readable/scripts/verification/0.3-AI-MANIFEST.a2ml; .machine_readable/scripts/verification/README.adoc; src/interface/Abi/0.3-AI-MANIFEST.a2ml
KitchenSpeak,kitchenspeak,Languages and research,Standard library,F,A related filename was enumerated. Its existence establishes neither implementation nor correctness.,"7e85048ba46c45f2e0fbb159de73f58585a2a430; ## main...origin/main [ahead 11, behind 27]",docs/design/0004-stdlib-ontology.adoc; src/compiler/stdlib_ks.ml
KitchenSpeak,kitchenspeak,Languages and research,Aggregate library,?,No sufficient component assessment in this audit. This is not a claim of absence.,"7e85048ba46c45f2e0fbb159de73f58585a2a430; ## main...origin/main [ahead 11, behind 27]",
KitchenSpeak,kitchenspeak,Languages and research,Other libraries / packages,F,A related filename was enumerated. Its existence establishes neither implementation nor correctness.,"7e85048ba46c45f2e0fbb159de73f58585a2a430; ## main...origin/main [ahead 11, behind 27]",.machine_readable/6a2/ECOSYSTEM.a2ml; .machine_readable/ECOSYSTEM.a2ml
KitchenSpeak,kitchenspeak,Languages and research,Unit / conformance tests,T,15 positive/negative conformance cases passed.,"7e85048ba46c45f2e0fbb159de73f58585a2a430; ## main...origin/main [ahead 11, behind 27]",src/interface/ffi/test/0.4-AI-MANIFEST.a2ml; src/interface/ffi/test/README.adoc; src/interface/ffi/test/integration_test.zig
KitchenSpeak,kitchenspeak,Languages and research,Property tests / fuzzing,F,A related filename was enumerated. Its existence establishes neither implementation nor correctness.,"7e85048ba46c45f2e0fbb159de73f58585a2a430; ## main...origin/main [ahead 11, behind 27]",tests/fuzz/README.adoc; verification/fuzzing/0.2-AI-MANIFEST.a2ml; verification/fuzzing/README.adoc
KitchenSpeak,kitchenspeak,Languages and research,Formal model / proofs,!,NoCurdle contains sensor-bound and temperature postulates; no unconditional physical-safety theorem or runtime refinement was established.,"7e85048ba46c45f2e0fbb159de73f58585a2a430; ## main...origin/main [ahead 11, behind 27]",proofs/agda/Dough.agda; proofs/agda/EchoBridge.agda; proofs/agda/NoCurdle.agda
KitchenSpeak,kitchenspeak,Languages and research,Proof / runtime correspondence,!,NoCurdle contains sensor-bound and temperature postulates; no unconditional physical-safety theorem or runtime refinement was established.,"7e85048ba46c45f2e0fbb159de73f58585a2a430; ## main...origin/main [ahead 11, behind 27]",
KitchenSpeak,kitchenspeak,Languages and research,CI / security gates,F,A related filename was enumerated. Its existence establishes neither implementation nor correctness.,"7e85048ba46c45f2e0fbb159de73f58585a2a430; ## main...origin/main [ahead 11, behind 27]",.github/workflows/boj-build.yml; .github/workflows/codeql.yml; .github/workflows/dependabot-automerge.yml
KitchenSpeak,kitchenspeak,Languages and research,Benchmarks / measurement,F,A related filename was enumerated. Its existence establishes neither implementation nor correctness.,"7e85048ba46c45f2e0fbb159de73f58585a2a430; ## main...origin/main [ahead 11, behind 27]",benches/template_bench.sh; verification/benchmarks/0.2-AI-MANIFEST.a2ml; verification/benchmarks/README.adoc
KitchenSpeak,kitchenspeak,Languages and research,Release / packaging,F,A related filename was enumerated. Its existence establishes neither implementation nor correctness.,"7e85048ba46c45f2e0fbb159de73f58585a2a430; ## main...origin/main [ahead 11, behind 27]",.github/workflows/release.yml; build/guix.scm; manifest.scm
Eclexia,eclexia,Languages and research,Syntax,D,"Resource-aware language implementation, compiler and CLI were reviewed.","6025f7742d99b0925bdf64ba5f5aa7af1664d0f2; ## main...origin/main [ahead 109, behind 9]",SPECIFICATION.md; editors/vscode/syntaxes/eclexia.tmLanguage.json; formal/coq/src/Syntax.v
Eclexia,eclexia,Languages and research,Semantics,D,"Resource-aware language implementation, compiler and CLI were reviewed.","6025f7742d99b0925bdf64ba5f5aa7af1664d0f2; ## main...origin/main [ahead 109, behind 9]",spec/axiomatic-semantics.md; spec/operational-semantics.md
Eclexia,eclexia,Languages and research,Type checker,F,A related filename was enumerated. Its existence establishes neither implementation nor correctness.,"6025f7742d99b0925bdf64ba5f5aa7af1664d0f2; ## main...origin/main [ahead 109, behind 9]",formal/coq/src/Typing.v
Eclexia,eclexia,Languages and research,Ownership / effects,F,A related filename was enumerated. Its existence establishes neither implementation nor correctness.,"6025f7742d99b0925bdf64ba5f5aa7af1664d0f2; ## main...origin/main [ahead 109, behind 9]",compiler/eclexia-effects/Cargo.toml; compiler/eclexia-effects/src/evidence.rs; compiler/eclexia-effects/src/lib.rs
Eclexia,eclexia,Languages and research,AST,F,A related filename was enumerated. Its existence establishes neither implementation nor correctness.,"6025f7742d99b0925bdf64ba5f5aa7af1664d0f2; ## main...origin/main [ahead 109, behind 9]",formal/coq/src/Syntax.v
Eclexia,eclexia,Languages and research,Judgement / evidence graph,?,No sufficient component assessment in this audit. This is not a claim of absence.,"6025f7742d99b0925bdf64ba5f5aa7af1664d0f2; ## main...origin/main [ahead 109, behind 9]",
Eclexia,eclexia,Languages and research,Lexer,I,Rust lexer/parser/compiler/bytecode/VM/CLI and standard-library implementation inspected.,"6025f7742d99b0925bdf64ba5f5aa7af1664d0f2; ## main...origin/main [ahead 109, behind 9]",.github/workflows/secret-scanner.yml; compiler/eclexia-lexer/Cargo.toml; compiler/eclexia-lexer/src/lib.rs
Eclexia,eclexia,Languages and research,Parser,I,Rust lexer/parser/compiler/bytecode/VM/CLI and standard-library implementation inspected.,"6025f7742d99b0925bdf64ba5f5aa7af1664d0f2; ## main...origin/main [ahead 109, behind 9]",compiler/eclexia-parser/Cargo.toml; compiler/eclexia-parser/src/error.rs; compiler/eclexia-parser/src/expr.rs
Eclexia,eclexia,Languages and research,Elaboration / IR,?,No sufficient component assessment in this audit. This is not a claim of absence.,"6025f7742d99b0925bdf64ba5f5aa7af1664d0f2; ## main...origin/main [ahead 109, behind 9]",
Eclexia,eclexia,Languages and research,REPL,I,Rust lexer/parser/compiler/bytecode/VM/CLI and standard-library implementation inspected.,"6025f7742d99b0925bdf64ba5f5aa7af1664d0f2; ## main...origin/main [ahead 109, behind 9]",compiler/eclexia/src/repl.rs
Eclexia,eclexia,Languages and research,LSP / debugger,F,A related filename was enumerated. Its existence establishes neither implementation nor correctness.,"6025f7742d99b0925bdf64ba5f5aa7af1664d0f2; ## main...origin/main [ahead 109, behind 9]",compiler/eclexia-debugger/Cargo.toml; compiler/eclexia-debugger/src/breakpoint.rs; compiler/eclexia-debugger/src/inspection.rs
Eclexia,eclexia,Languages and research,Interpreter / runner,I,Rust lexer/parser/compiler/bytecode/VM/CLI and standard-library implementation inspected.,"6025f7742d99b0925bdf64ba5f5aa7af1664d0f2; ## main...origin/main [ahead 109, behind 9]",compiler/eclexia-codegen/src/vm.rs; compiler/eclexia-interp/src/eval.rs; compiler/eclexia/src/bench_runner.rs
Eclexia,eclexia,Languages and research,Meta-interpreter,?,No sufficient component assessment in this audit. This is not a claim of absence.,"6025f7742d99b0925bdf64ba5f5aa7af1664d0f2; ## main...origin/main [ahead 109, behind 9]",
Eclexia,eclexia,Languages and research,Compiler / build,I,Rust lexer/parser/compiler/bytecode/VM/CLI and standard-library implementation inspected.,"6025f7742d99b0925bdf64ba5f5aa7af1664d0f2; ## main...origin/main [ahead 109, behind 9]",.clusterfuzzlite/build.sh; .github/workflows/build.yml; compiler/eclexia-absinterp/Cargo.toml
Eclexia,eclexia,Languages and research,Meta-compiler,F,A related filename was enumerated. Its existence establishes neither implementation nor correctness.,"6025f7742d99b0925bdf64ba5f5aa7af1664d0f2; ## main...origin/main [ahead 109, behind 9]",docs/roadmap/SELF-HOSTING-ROADMAP.md
Eclexia,eclexia,Languages and research,Code generators,I,Rust lexer/parser/compiler/bytecode/VM/CLI and standard-library implementation inspected.,"6025f7742d99b0925bdf64ba5f5aa7af1664d0f2; ## main...origin/main [ahead 109, behind 9]",compiler/eclexia-codegen/Cargo.toml; compiler/eclexia-codegen/src/bytecode.rs; compiler/eclexia-codegen/src/lib.rs
Eclexia,eclexia,Languages and research,Coprocessor / GPU,?,No sufficient component assessment in this audit. This is not a claim of absence.,"6025f7742d99b0925bdf64ba5f5aa7af1664d0f2; ## main...origin/main [ahead 109, behind 9]",
Eclexia,eclexia,Languages and research,FFI / ABI / verifier,!,Oikosbot expects a JSON policy protocol and --input interface that the inspected Eclexia CLI does not implement. Resource provenance/units and runtime correspondence remain open.,"6025f7742d99b0925bdf64ba5f5aa7af1664d0f2; ## main...origin/main [ahead 109, behind 9]",ffi/zig/build.zig; ffi/zig/src/main.zig; ffi/zig/src/resource.zig
Eclexia,eclexia,Languages and research,Standard library,I,Rust lexer/parser/compiler/bytecode/VM/CLI and standard-library implementation inspected.,"6025f7742d99b0925bdf64ba5f5aa7af1664d0f2; ## main...origin/main [ahead 109, behind 9]",docs/stdlib-index.html; stdlib/README.md; stdlib/async.ecl
Eclexia,eclexia,Languages and research,Aggregate library,?,No sufficient component assessment in this audit. This is not a claim of absence.,"6025f7742d99b0925bdf64ba5f5aa7af1664d0f2; ## main...origin/main [ahead 109, behind 9]",
Eclexia,eclexia,Languages and research,Other libraries / packages,F,A related filename was enumerated. Its existence establishes neither implementation nor correctness.,"6025f7742d99b0925bdf64ba5f5aa7af1664d0f2; ## main...origin/main [ahead 109, behind 9]",.machine_readable/6a2/ECOSYSTEM.a2ml; compiler/eclexia/src/package_manager.rs; libraries/eclexia-cli/Cargo.toml
Eclexia,eclexia,Languages and research,Unit / conformance tests,T,The two conformance test harnesses passed for this local snapshot.,"6025f7742d99b0925bdf64ba5f5aa7af1664d0f2; ## main...origin/main [ahead 109, behind 9]",compiler/eclexia-codegen/tests/integration_test.rs; compiler/eclexia-codegen/tests/pipeline_test.rs; compiler/eclexia/src/test_runner.rs
Eclexia,eclexia,Languages and research,Property tests / fuzzing,F,A related filename was enumerated. Its existence establishes neither implementation nor correctness.,"6025f7742d99b0925bdf64ba5f5aa7af1664d0f2; ## main...origin/main [ahead 109, behind 9]",.clusterfuzzlite/Dockerfile; .clusterfuzzlite/build.sh; .clusterfuzzlite/project.yaml
Eclexia,eclexia,Languages and research,Formal model / proofs,F,A related filename was enumerated. Its existence establishes neither implementation nor correctness.,"6025f7742d99b0925bdf64ba5f5aa7af1664d0f2; ## main...origin/main [ahead 109, behind 9]",formal/agda/ResourceTracking.agda; formal/coq/src/Echo.v; formal/coq/src/EchoThermo.v
Eclexia,eclexia,Languages and research,Proof / runtime correspondence,!,Oikosbot expects a JSON policy protocol and --input interface that the inspected Eclexia CLI does not implement. Resource provenance/units and runtime correspondence remain open.,"6025f7742d99b0925bdf64ba5f5aa7af1664d0f2; ## main...origin/main [ahead 109, behind 9]",docs/proof-debt.md
Eclexia,eclexia,Languages and research,CI / security gates,F,A related filename was enumerated. Its existence establishes neither implementation nor correctness.,"6025f7742d99b0925bdf64ba5f5aa7af1664d0f2; ## main...origin/main [ahead 109, behind 9]",.github/workflows/build.yml; .github/workflows/cargo-audit.yml; .github/workflows/cflite_batch.yml
Eclexia,eclexia,Languages and research,Benchmarks / measurement,F,A related filename was enumerated. Its existence establishes neither implementation nor correctness.,"6025f7742d99b0925bdf64ba5f5aa7af1664d0f2; ## main...origin/main [ahead 109, behind 9]",benches/bench_energy.ecl; benches/bench_example.ecl; compiler/eclexia-tiered/src/profile.rs
Eclexia,eclexia,Languages and research,Release / packaging,F,A related filename was enumerated. Its existence establishes neither implementation nor correctness.,"6025f7742d99b0925bdf64ba5f5aa7af1664d0f2; ## main...origin/main [ahead 109, behind 9]",formal/coq/manifest.scm; guix.scm
Ephapax v2,ephapax,Languages and research,Syntax,D,Current Rust/Idris frontend and layered linear-region semantics reviewed; do not inherit guarantees from the failed v1.,"b289a47bb418d4772a158e8fa636739e0986a646; ## main...origin/main [ahead 13, behind 15]",docs/v2-grammar-and-codegen-gaps-2026-06-16.adoc; editors/tree-sitter-ephapax/grammar.js; editors/vscode/syntaxes/ephapax.tmLanguage.json
Ephapax v2,ephapax,Languages and research,Semantics,D,Current Rust/Idris frontend and layered linear-region semantics reviewed; do not inherit guarantees from the failed v1.,"b289a47bb418d4772a158e8fa636739e0986a646; ## main...origin/main [ahead 13, behind 15]",formal/Semantics.v; formal/Semantics_L1.v
Ephapax v2,ephapax,Languages and research,Type checker,F,A related filename was enumerated. Its existence establishes neither implementation nor correctness.,"b289a47bb418d4772a158e8fa636739e0986a646; ## main...origin/main [ahead 13, behind 15]",docs/sessions/SESSION-2026-03-28-type-checker-audit.adoc; formal/Typing.v; formal/TypingL1.v
Ephapax v2,ephapax,Languages and research,Ownership / effects,F,A related filename was enumerated. Its existence establishes neither implementation nor correctness.,"b289a47bb418d4772a158e8fa636739e0986a646; ## main...origin/main [ahead 13, behind 15]",conformance/invalid/linear_not_consumed.eph; conformance/invalid/linear_used_twice.eph; conformance/invalid/region_linear_not_consumed.eph
Ephapax v2,ephapax,Languages and research,AST,F,A related filename was enumerated. Its existence establishes neither implementation nor correctness.,"b289a47bb418d4772a158e8fa636739e0986a646; ## main...origin/main [ahead 13, behind 15]",formal/Syntax.v; idris2/src/Ephapax/IR/AST.idr
Ephapax v2,ephapax,Languages and research,Judgement / evidence graph,?,No sufficient component assessment in this audit. This is not a claim of absence.,"b289a47bb418d4772a158e8fa636739e0986a646; ## main...origin/main [ahead 13, behind 15]",
Ephapax v2,ephapax,Languages and research,Lexer,I,Current parser implementation inspected; 62 unit tests and one additional parser test passed.,"b289a47bb418d4772a158e8fa636739e0986a646; ## main...origin/main [ahead 13, behind 15]",.github/workflows/secret-scanner.yml; idris2/src/Ephapax/Parse/Lexer.idr; src/ephapax-lexer/Cargo.toml
Ephapax v2,ephapax,Languages and research,Parser,I,Current parser implementation inspected; 62 unit tests and one additional parser test passed.,"b289a47bb418d4772a158e8fa636739e0986a646; ## main...origin/main [ahead 13, behind 15]",docs/v2-grammar-and-codegen-gaps-2026-06-16.adoc; editors/tree-sitter-ephapax/grammar.js; ephapax-linear/grammar/affine.ebnf
Ephapax v2,ephapax,Languages and research,Elaboration / IR,F,A related filename was enumerated. Its existence establishes neither implementation nor correctness.,"b289a47bb418d4772a158e8fa636739e0986a646; ## main...origin/main [ahead 13, behind 15]",idris2/src/Ephapax/IR/AST.idr; idris2/src/Ephapax/IR/Decode.idr; idris2/src/Ephapax/IR/SExpr.idr
Ephapax v2,ephapax,Languages and research,REPL,F,A related filename was enumerated. Its existence establishes neither implementation nor correctness.,"b289a47bb418d4772a158e8fa636739e0986a646; ## main...origin/main [ahead 13, behind 15]",formal/INTERACTIVE-PROOF-SESSION.md; src/ephapax-repl/Cargo.toml; src/ephapax-repl/src/lib.rs
Ephapax v2,ephapax,Languages and research,LSP / debugger,F,A related filename was enumerated. Its existence establishes neither implementation nor correctness.,"b289a47bb418d4772a158e8fa636739e0986a646; ## main...origin/main [ahead 13, behind 15]",src/ephapax-lsp/Cargo.toml; src/ephapax-lsp/src/main.rs; tools/ephapax-lsp/Cargo.lock
Ephapax v2,ephapax,Languages and research,Interpreter / runner,F,A related filename was enumerated. Its existence establishes neither implementation nor correctness.,"b289a47bb418d4772a158e8fa636739e0986a646; ## main...origin/main [ahead 13, behind 15]",src/ephapax-runtime/Cargo.toml; src/ephapax-runtime/src/lib.rs; src/ephapax-runtime/src/list.rs
Ephapax v2,ephapax,Languages and research,Meta-interpreter,?,No sufficient component assessment in this audit. This is not a claim of absence.,"b289a47bb418d4772a158e8fa636739e0986a646; ## main...origin/main [ahead 13, behind 15]",
Ephapax v2,ephapax,Languages and research,Compiler / build,?,No sufficient component assessment in this audit. This is not a claim of absence.,"b289a47bb418d4772a158e8fa636739e0986a646; ## main...origin/main [ahead 13, behind 15]",
Ephapax v2,ephapax,Languages and research,Meta-compiler,F,A related filename was enumerated. Its existence establishes neither implementation nor correctness.,"b289a47bb418d4772a158e8fa636739e0986a646; ## main...origin/main [ahead 13, behind 15]",scripts/bootstrap-provers.sh
Ephapax v2,ephapax,Languages and research,Code generators,F,A related filename was enumerated. Its existence establishes neither implementation nor correctness.,"b289a47bb418d4772a158e8fa636739e0986a646; ## main...origin/main [ahead 13, behind 15]",docs/v2-grammar-and-codegen-gaps-2026-06-16.adoc; idris2/src/Ephapax/Affine/Emit.idr
Ephapax v2,ephapax,Languages and research,Coprocessor / GPU,!,Zig coprocessor shim is explicitly a stub: native backend capabilities report unavailable. ABI design does not establish acceleration.,"b289a47bb418d4772a158e8fa636739e0986a646; ## main...origin/main [ahead 13, behind 15]",tools/coproc/ephapax_coproc.zig
Ephapax v2,ephapax,Languages and research,FFI / ABI / verifier,F,A related filename was enumerated. Its existence establishes neither implementation nor correctness.,"b289a47bb418d4772a158e8fa636739e0986a646; ## main...origin/main [ahead 13, behind 15]",conformance/valid/ffi_basic.eph; conformance/valid/ffi_linear_handle.eph; examples/ffi/01-ffi-basic.eph
Ephapax v2,ephapax,Languages and research,Standard library,F,A related filename was enumerated. Its existence establishes neither implementation nor correctness.,"b289a47bb418d4772a158e8fa636739e0986a646; ## main...origin/main [ahead 13, behind 15]",src/ephapax-cli/tests/v2_stdlib_import.rs; src/ephapax-stdlib/Cargo.toml; src/ephapax-stdlib/src/lib.rs
Ephapax v2,ephapax,Languages and research,Aggregate library,?,No sufficient component assessment in this audit. This is not a claim of absence.,"b289a47bb418d4772a158e8fa636739e0986a646; ## main...origin/main [ahead 13, behind 15]",
Ephapax v2,ephapax,Languages and research,Other libraries / packages,F,A related filename was enumerated. Its existence establishes neither implementation nor correctness.,"b289a47bb418d4772a158e8fa636739e0986a646; ## main...origin/main [ahead 13, behind 15]",.machine_readable/6a2/ECOSYSTEM.a2ml
Ephapax v2,ephapax,Languages and research,Unit / conformance tests,T,Parser slice: 62 + 1 tests passed. Not a full compiler/runtime validation.,"b289a47bb418d4772a158e8fa636739e0986a646; ## main...origin/main [ahead 13, behind 15]",conformance/README.md; conformance/invalid/branch_inconsistent.eph; conformance/invalid/linear_not_consumed.eph
Ephapax v2,ephapax,Languages and research,Property tests / fuzzing,F,A related filename was enumerated. Its existence establishes neither implementation nor correctness.,"b289a47bb418d4772a158e8fa636739e0986a646; ## main...origin/main [ahead 13, behind 15]",src/ephapax-cli/tests/property_tests.proptest-regressions; src/ephapax-cli/tests/property_tests.rs; tests/fuzz/.gitignore
Ephapax v2,ephapax,Languages and research,Formal model / proofs,!,Semantics_L1.v still admits preservation and a supporting lemma; higher-layer claims depend on this boundary.,"b289a47bb418d4772a158e8fa636739e0986a646; ## main...origin/main [ahead 13, behind 15]",formal/Semantics_L1.v
Ephapax v2,ephapax,Languages and research,Proof / runtime correspondence,!,Semantics_L1.v still admits preservation and a supporting lemma; higher-layer claims depend on this boundary.,"b289a47bb418d4772a158e8fa636739e0986a646; ## main...origin/main [ahead 13, behind 15]",formal/Semantics_L1.v
Ephapax v2,ephapax,Languages and research,CI / security gates,F,A related filename was enumerated. Its existence establishes neither implementation nor correctness.,"b289a47bb418d4772a158e8fa636739e0986a646; ## main...origin/main [ahead 13, behind 15]",.github/workflows/abi-verify.yml; .github/workflows/boj-build.yml; .github/workflows/codeql.yml
Ephapax v2,ephapax,Languages and research,Benchmarks / measurement,F,A related filename was enumerated. Its existence establishes neither implementation nor correctness.,"b289a47bb418d4772a158e8fa636739e0986a646; ## main...origin/main [ahead 13, behind 15]",brand/hero/social-profile.png; docs/testing-and-bench-strategy.adoc; spec/ARG-PROFILE.adoc
Ephapax v2,ephapax,Languages and research,Release / packaging,F,A related filename was enumerated. Its existence establishes neither implementation nor correctness.,"b289a47bb418d4772a158e8fa636739e0986a646; ## main...origin/main [ahead 13, behind 15]",guix.scm
AffineScript v2,affinescript,Languages and research,Syntax,D,Current v2 soundness boundary reviewed. Removed v1 refinement features must not be re-advertised through bridges.,eaf4f4912f74d32c6837035927b8028faa471416; ## fix/nested-pattern-guards...origin/fix/nested-pattern-guards,docs/academic/formal-verification/solo-core/Syntax.idr; editors/tree-sitter-affinescript/grammar.js; editors/vscode/syntaxes/affinescript.tmLanguage.json
AffineScript v2,affinescript,Languages and research,Semantics,D,Current v2 soundness boundary reviewed. Removed v1 refinement features must not be re-advertised through bridges.,eaf4f4912f74d32c6837035927b8028faa471416; ## fix/nested-pattern-guards...origin/fix/nested-pattern-guards,docs/SOUNDNESS.adoc; docs/academic/formal-verification/axiomatic-semantics.adoc; docs/academic/formal-verification/denotational-semantics.adoc
AffineScript v2,affinescript,Languages and research,Type checker,I,OCaml implementation and current soundness report inspected; not all generated targets were executed.,eaf4f4912f74d32c6837035927b8028faa471416; ## fix/nested-pattern-guards...origin/fix/nested-pattern-guards,bench/bench_typecheck.ml; docs/academic/formal-verification/solo-core/Typing.idr; docs/history/TYPECHECKER-COMPLETION-2026-01-23.adoc
AffineScript v2,affinescript,Languages and research,Ownership / effects,!,Non-tail effect resume has a 5-versus-105 semantic discrepancy; compiled unsupported effects are rejected. Local dune run also hits missing fixtures in the dirty checkout.,eaf4f4912f74d32c6837035927b8028faa471416; ## fix/nested-pattern-guards...origin/fix/nested-pattern-guards,.build/affinescript.opam; .github/workflows/affine-vscode-publish.yml; .machine_readable/sessions/2026-05-27-borrow-deferred-items.a2ml
AffineScript v2,affinescript,Languages and research,AST,I,OCaml implementation and current soundness report inspected; not all generated targets were executed.,eaf4f4912f74d32c6837035927b8028faa471416; ## fix/nested-pattern-guards...origin/fix/nested-pattern-guards,docs/academic/formal-verification/solo-core/Syntax.idr; lib/ast.ml
AffineScript v2,affinescript,Languages and research,Judgement / evidence graph,?,No sufficient component assessment in this audit. This is not a claim of absence.,eaf4f4912f74d32c6837035927b8028faa471416; ## fix/nested-pattern-guards...origin/fix/nested-pattern-guards,
AffineScript v2,affinescript,Languages and research,Lexer,I,OCaml implementation and current soundness report inspected; not all generated targets were executed.,eaf4f4912f74d32c6837035927b8028faa471416; ## fix/nested-pattern-guards...origin/fix/nested-pattern-guards,.github/workflows/secret-scanner.yml; lib/lexer.ml; proposals/idaptik/migrated/PortScanner/PortScanner.affine
AffineScript v2,affinescript,Languages and research,Parser,I,OCaml implementation and current soundness report inspected; not all generated targets were executed.,eaf4f4912f74d32c6837035927b8028faa471416; ## fix/nested-pattern-guards...origin/fix/nested-pattern-guards,editors/tree-sitter-affinescript/grammar.js; lib/parser.mly; lib/parser_errors.ml
AffineScript v2,affinescript,Languages and research,Elaboration / IR,F,A related filename was enumerated. Its existence establishes neither implementation nor correctness.,eaf4f4912f74d32c6837035927b8028faa471416; ## fix/nested-pattern-guards...origin/fix/nested-pattern-guards,lib/desugar_traits.ml
AffineScript v2,affinescript,Languages and research,REPL,F,A related filename was enumerated. Its existence establishes neither implementation nor correctness.,eaf4f4912f74d32c6837035927b8028faa471416; ## fix/nested-pattern-guards...origin/fix/nested-pattern-guards,docs/history/REPLY-SUM-TYPES.adoc; lib/repl.ml; wiki/tooling/repl.md
AffineScript v2,affinescript,Languages and research,LSP / debugger,F,A related filename was enumerated. Its existence establishes neither implementation nor correctness.,eaf4f4912f74d32c6837035927b8028faa471416; ## fix/nested-pattern-guards...origin/fix/nested-pattern-guards,lib/lsp_server.ml; tools/affinescript-lsp/Cargo.lock; tools/affinescript-lsp/Cargo.toml
AffineScript v2,affinescript,Languages and research,Interpreter / runner,I,OCaml implementation and current soundness report inspected; not all generated targets were executed.,eaf4f4912f74d32c6837035927b8028faa471416; ## fix/nested-pattern-guards...origin/fix/nested-pattern-guards,affinescript-deno-test/lib/runner.affine; lib/wasi_runtime.ml; packages/affine-js/runtime.js
AffineScript v2,affinescript,Languages and research,Meta-interpreter,?,No sufficient component assessment in this audit. This is not a claim of absence.,eaf4f4912f74d32c6837035927b8028faa471416; ## fix/nested-pattern-guards...origin/fix/nested-pattern-guards,
AffineScript v2,affinescript,Languages and research,Compiler / build,I,OCaml implementation and current soundness report inspected; not all generated targets were executed.,eaf4f4912f74d32c6837035927b8028faa471416; ## fix/nested-pattern-guards...origin/fix/nested-pattern-guards,affinescript-deno-test/lib/compile.affine; distributions/rattlescript/build.rs; docs/decisions/0019-compiler-distribution.adoc
AffineScript v2,affinescript,Languages and research,Meta-compiler,?,No sufficient component assessment in this audit. This is not a claim of absence.,eaf4f4912f74d32c6837035927b8028faa471416; ## fix/nested-pattern-guards...origin/fix/nested-pattern-guards,
AffineScript v2,affinescript,Languages and research,Code generators,I,OCaml implementation and current soundness report inspected; not all generated targets were executed.,eaf4f4912f74d32c6837035927b8028faa471416; ## fix/nested-pattern-guards...origin/fix/nested-pattern-guards,affinescript-deno-test/example/codegen_regression_test.affine; bench/bench_codegen.ml; docs/architecture/BACKEND-ANALYSIS.adoc
AffineScript v2,affinescript,Languages and research,Coprocessor / GPU,I,Gate emits multiple GPU/coprocessor targets. Optional naga/SPIR-V checks and nonempty output checks do not establish hardware execution.,eaf4f4912f74d32c6837035927b8028faa471416; ## fix/nested-pattern-guards...origin/fix/nested-pattern-guards,tools/coprocessor-gate.sh
AffineScript v2,affinescript,Languages and research,FFI / ABI / verifier,F,A related filename was enumerated. Its existence establishes neither implementation nor correctness.,eaf4f4912f74d32c6837035927b8028faa471416; ## fix/nested-pattern-guards...origin/fix/nested-pattern-guards,affinescript-dom/ffi/zig/src/main.zig; affinescript-dom/src/abi/DOM.idr; ffi/zig/build.zig
AffineScript v2,affinescript,Languages and research,Standard library,F,A related filename was enumerated. Its existence establishes neither implementation nor correctness.,eaf4f4912f74d32c6837035927b8028faa471416; ## fix/nested-pattern-guards...origin/fix/nested-pattern-guards,.github/workflows/stdlib-naming.yml; docs/STDLIB-EXTERN-AUDIT.a2ml; docs/STDLIB-EXTERN-AUDIT.adoc
AffineScript v2,affinescript,Languages and research,Aggregate library,F,Affine aLib source located; a complete semantic-conformance run was not established for this atlas.,eaf4f4912f74d32c6837035927b8028faa471416; ## fix/nested-pattern-guards...origin/fix/nested-pattern-guards,docs/ALIB-INTEGRATION.adoc; docs/alib-roadmap.adoc; docs/alib/README.adoc
AffineScript v2,affinescript,Languages and research,Other libraries / packages,F,A related filename was enumerated. Its existence establishes neither implementation nor correctness.,eaf4f4912f74d32c6837035927b8028faa471416; ## fix/nested-pattern-guards...origin/fix/nested-pattern-guards,.machine_readable/descriptiles/ECOSYSTEM.a2ml; docs/ECOSYSTEM.adoc; docs/patch_ecosystem.py
AffineScript v2,affinescript,Languages and research,Unit / conformance tests,!,Non-tail effect resume has a 5-versus-105 semantic discrepancy; compiled unsupported effects are rejected. Local dune run also hits missing fixtures in the dirty checkout.,eaf4f4912f74d32c6837035927b8028faa471416; ## fix/nested-pattern-guards...origin/fix/nested-pattern-guards,affinescript-cadre/e2e/test.mjs; conformance/README.adoc; conformance/invalid/001_unclosed_brace.affine
AffineScript v2,affinescript,Languages and research,Property tests / fuzzing,?,No sufficient component assessment in this audit. This is not a claim of absence.,eaf4f4912f74d32c6837035927b8028faa471416; ## fix/nested-pattern-guards...origin/fix/nested-pattern-guards,
AffineScript v2,affinescript,Languages and research,Formal model / proofs,F,A related filename was enumerated. Its existence establishes neither implementation nor correctness.,eaf4f4912f74d32c6837035927b8028faa471416; ## fix/nested-pattern-guards...origin/fix/nested-pattern-guards,docs/academic/formal-verification/solo-core/Soundness.idr; docs/academic/proofs/coherence-parametricity.adoc; docs/academic/proofs/db-theory-2-transaction-safety.adoc
AffineScript v2,affinescript,Languages and research,Proof / runtime correspondence,!,Non-tail effect resume has a 5-versus-105 semantic discrepancy; compiled unsupported effects are rejected. Local dune run also hits missing fixtures in the dirty checkout.,eaf4f4912f74d32c6837035927b8028faa471416; ## fix/nested-pattern-guards...origin/fix/nested-pattern-guards,docs/SOUNDNESS.adoc; docs/academic/formal-verification/solo-core/Soundness.idr; docs/academic/proofs/effect-soundness.adoc
AffineScript v2,affinescript,Languages and research,CI / security gates,F,A related filename was enumerated. Its existence establishes neither implementation nor correctness.,eaf4f4912f74d32c6837035927b8028faa471416; ## fix/nested-pattern-guards...origin/fix/nested-pattern-guards,.github/workflows/affine-vscode-publish.yml; .github/workflows/casket-pages.yml; .github/workflows/ci.yml
AffineScript v2,affinescript,Languages and research,Benchmarks / measurement,F,A related filename was enumerated. Its existence establishes neither implementation nor correctness.,eaf4f4912f74d32c6837035927b8028faa471416; ## fix/nested-pattern-guards...origin/fix/nested-pattern-guards,bench/bench_codegen.ml; bench/bench_fixtures.ml; bench/bench_lex.ml
AffineScript v2,affinescript,Languages and research,Release / packaging,F,A related filename was enumerated. Its existence establishes neither implementation nor correctness.,eaf4f4912f74d32c6837035927b8028faa471416; ## fix/nested-pattern-guards...origin/fix/nested-pattern-guards,.github/workflows/release.yml; docs/PACKAGING.adoc; docs/history/ALPHA-1-RELEASE-NOTES.adoc
My family / shared core,my-lang,Languages and research,Syntax,D,"Solo, Duet and Ensemble are the three dialects. Me is a projection; the dated FRG audit is historical.",097c017dc1367c00f52695db5209b5a65aed6512; ## main...origin/main; repair observations refer separately to https://github.com/hyperpolymath/my-lang/pull/182,docs/reference/solo-v1-grammar.ebnf; docs/theory/duet_ensemble_grammar.md; docs/wiki/language/syntax.md
My family / shared core,my-lang,Languages and research,Semantics,D,"Solo, Duet and Ensemble are the three dialects. Me is a projection; the dated FRG audit is historical.",097c017dc1367c00f52695db5209b5a65aed6512; ## main...origin/main; repair observations refer separately to https://github.com/hyperpolymath/my-lang/pull/182,hives/solo-hive/docs/semantics.md; proofs/me/visual-semantics/formal-model.md; proofs/shared/ai-semantics/README.md
My family / shared core,my-lang,Languages and research,Type checker,I,QTT checker inspected. Safe fragment is opt-in; runtime borrowing and sequential async do not establish full-language static guarantees.,097c017dc1367c00f52695db5209b5a65aed6512; ## main...origin/main; repair observations refer separately to https://github.com/hyperpolymath/my-lang/pull/182,.github/workflows/checker-scaling.yml; _exploratory/me-scaffolding/crates/typechecker/Cargo.toml; _exploratory/me-scaffolding/crates/typechecker/src/lib.rs
My family / shared core,my-lang,Languages and research,Ownership / effects,I,QTT checker inspected. Safe fragment is opt-in; runtime borrowing and sequential async do not establish full-language static guarantees.,097c017dc1367c00f52695db5209b5a65aed6512; ## main...origin/main; repair observations refer separately to https://github.com/hyperpolymath/my-lang/pull/182,_exploratory/me-scaffolding/crates/affine/Cargo.toml; _exploratory/me-scaffolding/crates/affine/src/lib.rs; _exploratory/me-scaffolding/examples/solo/10_affine_types.solo
My family / shared core,my-lang,Languages and research,AST,F,A related filename was enumerated. Its existence establishes neither implementation nor correctness.,097c017dc1367c00f52695db5209b5a65aed6512; ## main...origin/main; repair observations refer separately to https://github.com/hyperpolymath/my-lang/pull/182,_exploratory/me-scaffolding/crates/ast/Cargo.toml; _exploratory/me-scaffolding/crates/ast/src/lib.rs; crates/my-lang/src/ast.rs
My family / shared core,my-lang,Languages and research,Judgement / evidence graph,?,No sufficient component assessment in this audit. This is not a claim of absence.,097c017dc1367c00f52695db5209b5a65aed6512; ## main...origin/main; repair observations refer separately to https://github.com/hyperpolymath/my-lang/pull/182,
My family / shared core,my-lang,Languages and research,Lexer,F,A related filename was enumerated. Its existence establishes neither implementation nor correctness.,097c017dc1367c00f52695db5209b5a65aed6512; ## main...origin/main; repair observations refer separately to https://github.com/hyperpolymath/my-lang/pull/182,.github/workflows/secret-scanner.yml; _exploratory/me-scaffolding/crates/lexer/Cargo.toml; _exploratory/me-scaffolding/crates/lexer/src/lib.rs
My family / shared core,my-lang,Languages and research,Parser,F,A related filename was enumerated. Its existence establishes neither implementation nor correctness.,097c017dc1367c00f52695db5209b5a65aed6512; ## main...origin/main; repair observations refer separately to https://github.com/hyperpolymath/my-lang/pull/182,_exploratory/me-scaffolding/crates/parser/Cargo.toml; _exploratory/me-scaffolding/crates/parser/src/error.rs; _exploratory/me-scaffolding/crates/parser/src/lib.rs
My family / shared core,my-lang,Languages and research,Elaboration / IR,?,No sufficient component assessment in this audit. This is not a claim of absence.,097c017dc1367c00f52695db5209b5a65aed6512; ## main...origin/main; repair observations refer separately to https://github.com/hyperpolymath/my-lang/pull/182,
My family / shared core,my-lang,Languages and research,REPL,F,A related filename was enumerated. Its existence establishes neither implementation nor correctness.,097c017dc1367c00f52695db5209b5a65aed6512; ## main...origin/main; repair observations refer separately to https://github.com/hyperpolymath/my-lang/pull/182,_exploratory/me-scaffolding/crates/repl/Cargo.toml; _exploratory/me-scaffolding/crates/repl/src/lib.rs; playground/hives/me/crates/repl/Cargo.toml
My family / shared core,my-lang,Languages and research,LSP / debugger,F,A related filename was enumerated. Its existence establishes neither implementation nor correctness.,097c017dc1367c00f52695db5209b5a65aed6512; ## main...origin/main; repair observations refer separately to https://github.com/hyperpolymath/my-lang/pull/182,_exploratory/me-scaffolding/crates/lsp/Cargo.toml; _exploratory/me-scaffolding/crates/lsp/src/lib.rs; crates/my-lsp/Cargo.toml
My family / shared core,my-lang,Languages and research,Interpreter / runner,F,A related filename was enumerated. Its existence establishes neither implementation nor correctness.,097c017dc1367c00f52695db5209b5a65aed6512; ## main...origin/main; repair observations refer separately to https://github.com/hyperpolymath/my-lang/pull/182,_exploratory/me-scaffolding/crates/runtime/Cargo.toml; _exploratory/me-scaffolding/crates/runtime/src/lib.rs; crates/my-lang/src/interpreter.rs
My family / shared core,my-lang,Languages and research,Meta-interpreter,?,No sufficient component assessment in this audit. This is not a claim of absence.,097c017dc1367c00f52695db5209b5a65aed6512; ## main...origin/main; repair observations refer separately to https://github.com/hyperpolymath/my-lang/pull/182,
My family / shared core,my-lang,Languages and research,Compiler / build,F,A related filename was enumerated. Its existence establishes neither implementation nor correctness.,097c017dc1367c00f52695db5209b5a65aed6512; ## main...origin/main; repair observations refer separately to https://github.com/hyperpolymath/my-lang/pull/182,.clusterfuzzlite/build.sh; dialects/duet/compiler/Cargo.toml; dialects/duet/compiler/src/lib.rs
My family / shared core,my-lang,Languages and research,Meta-compiler,?,No sufficient component assessment in this audit. This is not a claim of absence.,097c017dc1367c00f52695db5209b5a65aed6512; ## main...origin/main; repair observations refer separately to https://github.com/hyperpolymath/my-lang/pull/182,
My family / shared core,my-lang,Languages and research,Code generators,F,A related filename was enumerated. Its existence establishes neither implementation nor correctness.,097c017dc1367c00f52695db5209b5a65aed6512; ## main...origin/main; repair observations refer separately to https://github.com/hyperpolymath/my-lang/pull/182,_exploratory/me-scaffolding/crates/codegen/Cargo.toml; _exploratory/me-scaffolding/crates/codegen/src/lib.rs; playground/hives/me/crates/codegen/Cargo.toml
My family / shared core,my-lang,Languages and research,Coprocessor / GPU,?,No sufficient component assessment in this audit. This is not a claim of absence.,097c017dc1367c00f52695db5209b5a65aed6512; ## main...origin/main; repair observations refer separately to https://github.com/hyperpolymath/my-lang/pull/182,
My family / shared core,my-lang,Languages and research,FFI / ABI / verifier,F,A related filename was enumerated. Its existence establishes neither implementation nor correctness.,097c017dc1367c00f52695db5209b5a65aed6512; ## main...origin/main; repair observations refer separately to https://github.com/hyperpolymath/my-lang/pull/182,frontier-practices/ffi/zig/build.zig; frontier-practices/ffi/zig/src/main.zig; frontier-practices/ffi/zig/test/integration_test.zig
My family / shared core,my-lang,Languages and research,Standard library,F,A related filename was enumerated. Its existence establishes neither implementation nor correctness.,097c017dc1367c00f52695db5209b5a65aed6512; ## main...origin/main; repair observations refer separately to https://github.com/hyperpolymath/my-lang/pull/182,crates/my-lang/src/stdlib.rs; docs/wiki/internals/stdlib-design.md; docs/wiki/reference/stdlib.md
My family / shared core,my-lang,Languages and research,Aggregate library,?,No sufficient component assessment in this audit. This is not a claim of absence.,097c017dc1367c00f52695db5209b5a65aed6512; ## main...origin/main; repair observations refer separately to https://github.com/hyperpolymath/my-lang/pull/182,
My family / shared core,my-lang,Languages and research,Other libraries / packages,F,A related filename was enumerated. Its existence establishes neither implementation nor correctness.,097c017dc1367c00f52695db5209b5a65aed6512; ## main...origin/main; repair observations refer separately to https://github.com/hyperpolymath/my-lang/pull/182,.machine_readable/6a2/ECOSYSTEM.a2ml; docs/wiki/roadmap/ecosystem.md; playground/.machine_readable/6a2/ECOSYSTEM.a2ml
My family / shared core,my-lang,Languages and research,Unit / conformance tests,T,25 QTT unit tests passed for the inspected checker slice.,097c017dc1367c00f52695db5209b5a65aed6512; ## main...origin/main; repair observations refer separately to https://github.com/hyperpolymath/my-lang/pull/182,conformance/invalid/i01_missing_brace.my; conformance/invalid/i02_bad_keyword.my; conformance/run_conformance.sh
My family / shared core,my-lang,Languages and research,Property tests / fuzzing,F,A related filename was enumerated. Its existence establishes neither implementation nor correctness.,097c017dc1367c00f52695db5209b5a65aed6512; ## main...origin/main; repair observations refer separately to https://github.com/hyperpolymath/my-lang/pull/182,.clusterfuzzlite/Dockerfile; .clusterfuzzlite/build.sh; .clusterfuzzlite/project.yaml
My family / shared core,my-lang,Languages and research,Formal model / proofs,I,Core/surface proof registry and formal sources reviewed; distinguish original local unpublished work from the PR/main snapshot.,097c017dc1367c00f52695db5209b5a65aed6512; ## main...origin/main; repair observations refer separately to https://github.com/hyperpolymath/my-lang/pull/182,proofs/verification/coq/Syntax.v; proofs/verification/coq/Typing.v; proofs/verification/coq/solo-core/Context.v
My family / shared core,my-lang,Languages and research,Proof / runtime correspondence,!,Whole-language Rust/model correspondence is not established by the QTT tests or by named core theorems.,097c017dc1367c00f52695db5209b5a65aed6512; ## main...origin/main; repair observations refer separately to https://github.com/hyperpolymath/my-lang/pull/182,proofs/shared/effect-system/soundness.md; proofs/shared/type-system/soundness.md; proofs/verification/idris/solo-core/Soundness.idr
My family / shared core,my-lang,Languages and research,CI / security gates,I,CI/security configuration and actual PR checks were inspected and repaired in PR 182. Build/test/security results are separate from main branch policy and merge approval; follow the live PR for final status.,097c017dc1367c00f52695db5209b5a65aed6512; ## main...origin/main; repair observations refer separately to https://github.com/hyperpolymath/my-lang/pull/182,.github/workflows/cflite_batch.yml; .github/workflows/cflite_pr.yml; .github/workflows/checker-scaling.yml
My family / shared core,my-lang,Languages and research,Benchmarks / measurement,F,A related filename was enumerated. Its existence establishes neither implementation nor correctness.,097c017dc1367c00f52695db5209b5a65aed6512; ## main...origin/main; repair observations refer separately to https://github.com/hyperpolymath/my-lang/pull/182,crates/my-lang/examples/dhat_checker_profile.rs; spec/ARG-PROFILE.adoc; spec/CRG-PROFILE.adoc
My family / shared core,my-lang,Languages and research,Release / packaging,F,A related filename was enumerated. Its existence establishes neither implementation nor correctness.,097c017dc1367c00f52695db5209b5a65aed6512; ## main...origin/main; repair observations refer separately to https://github.com/hyperpolymath/my-lang/pull/182,frontier-practices/manifest.scm; hives/duet-hive/manifest.scm; hives/ensemble-hive/manifest.scm
Betlang,betlang,Languages and research,Syntax,D,"Racket implementation uses probabilistic ternary, lazy choice semantics.","4e1c92e2845a25568e991a734fa67d166df804ad; ## main...origin/main [ahead 3, behind 10]",compiler/bet-parse/src/grammar.lalrpop; compiler/bet-syntax/Cargo.toml; compiler/bet-syntax/src/ast.rs
Betlang,betlang,Languages and research,Semantics,D,"Racket implementation uses probabilistic ternary, lazy choice semantics.","4e1c92e2845a25568e991a734fa67d166df804ad; ## main...origin/main [ahead 3, behind 10]",docs/semantics.md; proofs/formal-semantics.md; proofs/theorems/soundness-completeness.md
Betlang,betlang,Languages and research,Type checker,?,No sufficient component assessment in this audit. This is not a claim of absence.,"4e1c92e2845a25568e991a734fa67d166df804ad; ## main...origin/main [ahead 3, behind 10]",
Betlang,betlang,Languages and research,Ownership / effects,F,A related filename was enumerated. Its existence establishes neither implementation nor correctness.,"4e1c92e2845a25568e991a734fa67d166df804ad; ## main...origin/main [ahead 3, behind 10]",docs/AFFINESCRIPT-ALIGNMENT.adoc; editors/vscode/src/extension.affine
Betlang,betlang,Languages and research,AST,F,A related filename was enumerated. Its existence establishes neither implementation nor correctness.,"4e1c92e2845a25568e991a734fa67d166df804ad; ## main...origin/main [ahead 3, behind 10]",compiler/bet-syntax/src/ast.rs; editors/neovim/syntax/betlang.vim
Betlang,betlang,Languages and research,Judgement / evidence graph,?,No sufficient component assessment in this audit. This is not a claim of absence.,"4e1c92e2845a25568e991a734fa67d166df804ad; ## main...origin/main [ahead 3, behind 10]",
Betlang,betlang,Languages and research,Lexer,F,A related filename was enumerated. Its existence establishes neither implementation nor correctness.,"4e1c92e2845a25568e991a734fa67d166df804ad; ## main...origin/main [ahead 3, behind 10]",.github/workflows/secret-scanner.yml; bench/bench_lexer.rs; compiler/bet-parse/fuzz/fuzz_targets/fuzz_lexer.rs
Betlang,betlang,Languages and research,Parser,F,A related filename was enumerated. Its existence establishes neither implementation nor correctness.,"4e1c92e2845a25568e991a734fa67d166df804ad; ## main...origin/main [ahead 3, behind 10]",bench/bench_parser.rs; compiler/bet-parse/fuzz/fuzz_targets/fuzz_parser.rs; compiler/bet-parse/src/grammar.lalrpop
Betlang,betlang,Languages and research,Elaboration / IR,?,No sufficient component assessment in this audit. This is not a claim of absence.,"4e1c92e2845a25568e991a734fa67d166df804ad; ## main...origin/main [ahead 3, behind 10]",
Betlang,betlang,Languages and research,REPL,F,A related filename was enumerated. Its existence establishes neither implementation nor correctness.,"4e1c92e2845a25568e991a734fa67d166df804ad; ## main...origin/main [ahead 3, behind 10]",repl/shell.rkt; tools/bet-cli/src/repl.rs
Betlang,betlang,Languages and research,LSP / debugger,F,A related filename was enumerated. Its existence establishes neither implementation nor correctness.,"4e1c92e2845a25568e991a734fa67d166df804ad; ## main...origin/main [ahead 3, behind 10]",lsp/bet-lsp/gleam.toml; lsp/bet-lsp/manifest.toml; lsp/bet-lsp/src/bet_lsp.gleam
Betlang,betlang,Languages and research,Interpreter / runner,I,Executable Racket semantics inspected; merely loading test files was not counted as a test run.,"4e1c92e2845a25568e991a734fa67d166df804ad; ## main...origin/main [ahead 3, behind 10]",compiler/bet-eval/Cargo.toml; compiler/bet-eval/src/lib.rs; runtime/bet-rand/Cargo.toml
Betlang,betlang,Languages and research,Meta-interpreter,?,No sufficient component assessment in this audit. This is not a claim of absence.,"4e1c92e2845a25568e991a734fa67d166df804ad; ## main...origin/main [ahead 3, behind 10]",
Betlang,betlang,Languages and research,Compiler / build,F,A related filename was enumerated. Its existence establishes neither implementation nor correctness.,"4e1c92e2845a25568e991a734fa67d166df804ad; ## main...origin/main [ahead 3, behind 10]",.clusterfuzzlite/build.sh; bindings/chapel/build.rs; compiler/bet-check/Cargo.toml
Betlang,betlang,Languages and research,Meta-compiler,?,No sufficient component assessment in this audit. This is not a claim of absence.,"4e1c92e2845a25568e991a734fa67d166df804ad; ## main...origin/main [ahead 3, behind 10]",
Betlang,betlang,Languages and research,Code generators,F,A related filename was enumerated. Its existence establishes neither implementation nor correctness.,"4e1c92e2845a25568e991a734fa67d166df804ad; ## main...origin/main [ahead 3, behind 10]",compiler/bet-codegen/Cargo.toml; compiler/bet-codegen/src/lib.rs; docs/julia-backend-design.md
Betlang,betlang,Languages and research,Coprocessor / GPU,?,No sufficient component assessment in this audit. This is not a claim of absence.,"4e1c92e2845a25568e991a734fa67d166df804ad; ## main...origin/main [ahead 3, behind 10]",
Betlang,betlang,Languages and research,FFI / ABI / verifier,F,A related filename was enumerated. Its existence establishes neither implementation nor correctness.,"4e1c92e2845a25568e991a734fa67d166df804ad; ## main...origin/main [ahead 3, behind 10]",ffi/zig/build.zig; ffi/zig/src/main.zig; ffi/zig/test/integration_test.zig
Betlang,betlang,Languages and research,Standard library,?,No sufficient component assessment in this audit. This is not a claim of absence.,"4e1c92e2845a25568e991a734fa67d166df804ad; ## main...origin/main [ahead 3, behind 10]",
Betlang,betlang,Languages and research,Aggregate library,?,No sufficient component assessment in this audit. This is not a claim of absence.,"4e1c92e2845a25568e991a734fa67d166df804ad; ## main...origin/main [ahead 3, behind 10]",
Betlang,betlang,Languages and research,Other libraries / packages,F,A related filename was enumerated. Its existence establishes neither implementation nor correctness.,"4e1c92e2845a25568e991a734fa67d166df804ad; ## main...origin/main [ahead 3, behind 10]",.machine_readable/6a2/ECOSYSTEM.a2ml
Betlang,betlang,Languages and research,Unit / conformance tests,!,Actual raco test run fails: check-true receives a membership list and invalid format directives abort tests. No all-green conformance claim.,"4e1c92e2845a25568e991a734fa67d166df804ad; ## main...origin/main [ahead 3, behind 10]",.github/workflows/test.yml; compiler/bet-parse/src/tests.rs; conformance/README.md
Betlang,betlang,Languages and research,Property tests / fuzzing,F,A related filename was enumerated. Its existence establishes neither implementation nor correctness.,"4e1c92e2845a25568e991a734fa67d166df804ad; ## main...origin/main [ahead 3, behind 10]",.clusterfuzzlite/Containerfile; .clusterfuzzlite/Dockerfile; .clusterfuzzlite/build.sh
Betlang,betlang,Languages and research,Formal model / proofs,F,A related filename was enumerated. Its existence establishes neither implementation nor correctness.,"4e1c92e2845a25568e991a734fa67d166df804ad; ## main...origin/main [ahead 3, behind 10]",lakefile.lean; proofs/BetLang.lean
Betlang,betlang,Languages and research,Proof / runtime correspondence,F,A related filename was enumerated. Its existence establishes neither implementation nor correctness.,"4e1c92e2845a25568e991a734fa67d166df804ad; ## main...origin/main [ahead 3, behind 10]",docs/proof-debt.adoc; docs/proof-debt.md; proofs/theorems/soundness-completeness.md
Betlang,betlang,Languages and research,CI / security gates,F,A related filename was enumerated. Its existence establishes neither implementation nor correctness.,"4e1c92e2845a25568e991a734fa67d166df804ad; ## main...origin/main [ahead 3, behind 10]",.github/workflows/cargo-audit.yml; .github/workflows/casket-pages.yml; .github/workflows/cflite_batch.yml
Betlang,betlang,Languages and research,Benchmarks / measurement,F,A related filename was enumerated. Its existence establishes neither implementation nor correctness.,"4e1c92e2845a25568e991a734fa67d166df804ad; ## main...origin/main [ahead 3, behind 10]",bench/bench_lexer.rs; bench/bench_parser.rs; benchmarks/performance.rkt
Betlang,betlang,Languages and research,Release / packaging,F,A related filename was enumerated. Its existence establishes neither implementation nor correctness.,"4e1c92e2845a25568e991a734fa67d166df804ad; ## main...origin/main [ahead 3, behind 10]",.github/workflows/release.yml; guix.scm; julia-backend/manifest.scm
JtV v1 lineage,jtv-lang,Languages and research,Syntax,D,v1 addition/control model is distinct from v2 reversible tokens. Version-specific implementation correspondence was not established.,"6c601ed114bc202530f48e13c2123959ecb93324; ## main...origin/main [ahead 11, behind 4]",
JtV v1 lineage,jtv-lang,Languages and research,Semantics,D,v1 addition/control model is distinct from v2 reversible tokens. Version-specific implementation correspondence was not established.,"6c601ed114bc202530f48e13c2123959ecb93324; ## main...origin/main [ahead 11, behind 4]",
JtV v1 lineage,jtv-lang,Languages and research,Type checker,?,No sufficient component assessment in this audit. This is not a claim of absence.,"6c601ed114bc202530f48e13c2123959ecb93324; ## main...origin/main [ahead 11, behind 4]",
JtV v1 lineage,jtv-lang,Languages and research,Ownership / effects,?,No sufficient component assessment in this audit. This is not a claim of absence.,"6c601ed114bc202530f48e13c2123959ecb93324; ## main...origin/main [ahead 11, behind 4]",
JtV v1 lineage,jtv-lang,Languages and research,AST,?,No sufficient component assessment in this audit. This is not a claim of absence.,"6c601ed114bc202530f48e13c2123959ecb93324; ## main...origin/main [ahead 11, behind 4]",
JtV v1 lineage,jtv-lang,Languages and research,Judgement / evidence graph,?,No sufficient component assessment in this audit. This is not a claim of absence.,"6c601ed114bc202530f48e13c2123959ecb93324; ## main...origin/main [ahead 11, behind 4]",
JtV v1 lineage,jtv-lang,Languages and research,Lexer,?,No sufficient component assessment in this audit. This is not a claim of absence.,"6c601ed114bc202530f48e13c2123959ecb93324; ## main...origin/main [ahead 11, behind 4]",
JtV v1 lineage,jtv-lang,Languages and research,Parser,?,No sufficient component assessment in this audit. This is not a claim of absence.,"6c601ed114bc202530f48e13c2123959ecb93324; ## main...origin/main [ahead 11, behind 4]",
JtV v1 lineage,jtv-lang,Languages and research,Elaboration / IR,?,No sufficient component assessment in this audit. This is not a claim of absence.,"6c601ed114bc202530f48e13c2123959ecb93324; ## main...origin/main [ahead 11, behind 4]",
JtV v1 lineage,jtv-lang,Languages and research,REPL,?,No sufficient component assessment in this audit. This is not a claim of absence.,"6c601ed114bc202530f48e13c2123959ecb93324; ## main...origin/main [ahead 11, behind 4]",
JtV v1 lineage,jtv-lang,Languages and research,LSP / debugger,?,No sufficient component assessment in this audit. This is not a claim of absence.,"6c601ed114bc202530f48e13c2123959ecb93324; ## main...origin/main [ahead 11, behind 4]",
JtV v1 lineage,jtv-lang,Languages and research,Interpreter / runner,?,No sufficient component assessment in this audit. This is not a claim of absence.,"6c601ed114bc202530f48e13c2123959ecb93324; ## main...origin/main [ahead 11, behind 4]",
JtV v1 lineage,jtv-lang,Languages and research,Meta-interpreter,?,No sufficient component assessment in this audit. This is not a claim of absence.,"6c601ed114bc202530f48e13c2123959ecb93324; ## main...origin/main [ahead 11, behind 4]",
JtV v1 lineage,jtv-lang,Languages and research,Compiler / build,?,No sufficient component assessment in this audit. This is not a claim of absence.,"6c601ed114bc202530f48e13c2123959ecb93324; ## main...origin/main [ahead 11, behind 4]",
JtV v1 lineage,jtv-lang,Languages and research,Meta-compiler,?,No sufficient component assessment in this audit. This is not a claim of absence.,"6c601ed114bc202530f48e13c2123959ecb93324; ## main...origin/main [ahead 11, behind 4]",
JtV v1 lineage,jtv-lang,Languages and research,Code generators,?,No sufficient component assessment in this audit. This is not a claim of absence.,"6c601ed114bc202530f48e13c2123959ecb93324; ## main...origin/main [ahead 11, behind 4]",
JtV v1 lineage,jtv-lang,Languages and research,Coprocessor / GPU,?,No sufficient component assessment in this audit. This is not a claim of absence.,"6c601ed114bc202530f48e13c2123959ecb93324; ## main...origin/main [ahead 11, behind 4]",
JtV v1 lineage,jtv-lang,Languages and research,FFI / ABI / verifier,?,No sufficient component assessment in this audit. This is not a claim of absence.,"6c601ed114bc202530f48e13c2123959ecb93324; ## main...origin/main [ahead 11, behind 4]",
JtV v1 lineage,jtv-lang,Languages and research,Standard library,?,No sufficient component assessment in this audit. This is not a claim of absence.,"6c601ed114bc202530f48e13c2123959ecb93324; ## main...origin/main [ahead 11, behind 4]",
JtV v1 lineage,jtv-lang,Languages and research,Aggregate library,?,No sufficient component assessment in this audit. This is not a claim of absence.,"6c601ed114bc202530f48e13c2123959ecb93324; ## main...origin/main [ahead 11, behind 4]",
JtV v1 lineage,jtv-lang,Languages and research,Other libraries / packages,?,No sufficient component assessment in this audit. This is not a claim of absence.,"6c601ed114bc202530f48e13c2123959ecb93324; ## main...origin/main [ahead 11, behind 4]",
JtV v1 lineage,jtv-lang,Languages and research,Unit / conformance tests,?,No sufficient component assessment in this audit. This is not a claim of absence.,"6c601ed114bc202530f48e13c2123959ecb93324; ## main...origin/main [ahead 11, behind 4]",
JtV v1 lineage,jtv-lang,Languages and research,Property tests / fuzzing,?,No sufficient component assessment in this audit. This is not a claim of absence.,"6c601ed114bc202530f48e13c2123959ecb93324; ## main...origin/main [ahead 11, behind 4]",
JtV v1 lineage,jtv-lang,Languages and research,Formal model / proofs,?,No sufficient component assessment in this audit. This is not a claim of absence.,"6c601ed114bc202530f48e13c2123959ecb93324; ## main...origin/main [ahead 11, behind 4]",
JtV v1 lineage,jtv-lang,Languages and research,Proof / runtime correspondence,!,Do not assign current jtv-core tests or coprocessor files to historical v1 without a version mapping.,"6c601ed114bc202530f48e13c2123959ecb93324; ## main...origin/main [ahead 11, behind 4]",
JtV v1 lineage,jtv-lang,Languages and research,CI / security gates,?,No sufficient component assessment in this audit. This is not a claim of absence.,"6c601ed114bc202530f48e13c2123959ecb93324; ## main...origin/main [ahead 11, behind 4]",
JtV v1 lineage,jtv-lang,Languages and research,Benchmarks / measurement,?,No sufficient component assessment in this audit. This is not a claim of absence.,"6c601ed114bc202530f48e13c2123959ecb93324; ## main...origin/main [ahead 11, behind 4]",
JtV v1 lineage,jtv-lang,Languages and research,Release / packaging,?,No sufficient component assessment in this audit. This is not a claim of absence.,"6c601ed114bc202530f48e13c2123959ecb93324; ## main...origin/main [ahead 11, behind 4]",
JtV v2,jtv-lang,Languages and research,Syntax,D,Reversible-token v2 design reviewed independently from the v1 lineage.,"6c601ed114bc202530f48e13c2123959ecb93324; ## main...origin/main [ahead 11, behind 4]",crates/jtv-core/src/grammar.pest; docs/GRAMMAR_EVOLUTION.md; editors/vscode/syntaxes/jtv.tmLanguage.json
JtV v2,jtv-lang,Languages and research,Semantics,D,Reversible-token v2 design reviewed independently from the v1 lineage.,"6c601ed114bc202530f48e13c2123959ecb93324; ## main...origin/main [ahead 11, behind 4]",docs/design-decisions/0004-pata-eval-failure-semantics.adoc; docs/design-decisions/0005-extern-coproc-call-semantics.adoc
JtV v2,jtv-lang,Languages and research,Type checker,F,A related filename was enumerated. Its existence establishes neither implementation nor correctness.,"6c601ed114bc202530f48e13c2123959ecb93324; ## main...origin/main [ahead 11, behind 4]",crates/jtv-core/src/typechecker.rs
JtV v2,jtv-lang,Languages and research,Ownership / effects,F,A related filename was enumerated. Its existence establishes neither implementation nor correctness.,"6c601ed114bc202530f48e13c2123959ecb93324; ## main...origin/main [ahead 11, behind 4]",ALIGNMENT-AFFINESCRIPT.adoc; crates/jtv-core/src/effect.rs; docs/design-decisions/0009-echo-epistemic-first-class-function-effects.adoc
JtV v2,jtv-lang,Languages and research,AST,I,"Current jtv-core AST, parser and interpreter inspected; version-to-model correspondence remains open.","6c601ed114bc202530f48e13c2123959ecb93324; ## main...origin/main [ahead 11, behind 4]",crates/jtv-core/src/ast.rs; playground/jtv/spec/SYNTAX.adoc
JtV v2,jtv-lang,Languages and research,Judgement / evidence graph,?,No sufficient component assessment in this audit. This is not a claim of absence.,"6c601ed114bc202530f48e13c2123959ecb93324; ## main...origin/main [ahead 11, behind 4]",
JtV v2,jtv-lang,Languages and research,Lexer,F,A related filename was enumerated. Its existence establishes neither implementation nor correctness.,"6c601ed114bc202530f48e13c2123959ecb93324; ## main...origin/main [ahead 11, behind 4]",.github/workflows/secret-scanner.yml; playground/.github/workflows/secret-scanner.yml
JtV v2,jtv-lang,Languages and research,Parser,I,"Current jtv-core AST, parser and interpreter inspected; version-to-model correspondence remains open.","6c601ed114bc202530f48e13c2123959ecb93324; ## main...origin/main [ahead 11, behind 4]",crates/jtv-core/benches/parser_bench.rs; crates/jtv-core/src/grammar.pest; crates/jtv-core/src/parser.rs
JtV v2,jtv-lang,Languages and research,Elaboration / IR,?,No sufficient component assessment in this audit. This is not a claim of absence.,"6c601ed114bc202530f48e13c2123959ecb93324; ## main...origin/main [ahead 11, behind 4]",
JtV v2,jtv-lang,Languages and research,REPL,F,A related filename was enumerated. Its existence establishes neither implementation nor correctness.,"6c601ed114bc202530f48e13c2123959ecb93324; ## main...origin/main [ahead 11, behind 4]",crates/jtv-cli/src/repl.rs
JtV v2,jtv-lang,Languages and research,LSP / debugger,F,A related filename was enumerated. Its existence establishes neither implementation nor correctness.,"6c601ed114bc202530f48e13c2123959ecb93324; ## main...origin/main [ahead 11, behind 4]",crates/jtv-lsp/Cargo.toml; crates/jtv-lsp/src/main.rs; wiki/tooling/LSP.md
JtV v2,jtv-lang,Languages and research,Interpreter / runner,I,"Current jtv-core AST, parser and interpreter inspected; version-to-model correspondence remains open.","6c601ed114bc202530f48e13c2123959ecb93324; ## main...origin/main [ahead 11, behind 4]",crates/jtv-core/benches/interpreter_bench.rs; crates/jtv-core/src/interpreter.rs
JtV v2,jtv-lang,Languages and research,Meta-interpreter,?,No sufficient component assessment in this audit. This is not a claim of absence.,"6c601ed114bc202530f48e13c2123959ecb93324; ## main...origin/main [ahead 11, behind 4]",
JtV v2,jtv-lang,Languages and research,Compiler / build,F,A related filename was enumerated. Its existence establishes neither implementation nor correctness.,"6c601ed114bc202530f48e13c2123959ecb93324; ## main...origin/main [ahead 11, behind 4]",.clusterfuzzlite/build.sh; playground/infrastructure/podman/scripts/build.sh; wiki/compiler/Architecture.md
JtV v2,jtv-lang,Languages and research,Meta-compiler,?,No sufficient component assessment in this audit. This is not a claim of absence.,"6c601ed114bc202530f48e13c2123959ecb93324; ## main...origin/main [ahead 11, behind 4]",
JtV v2,jtv-lang,Languages and research,Code generators,!,"PataCL feature defaults off with explicit fallback. Lowering emits Zig/Idris/C artifacts, but Zig kernel bodies include unreachable placeholders.","6c601ed114bc202530f48e13c2123959ecb93324; ## main...origin/main [ahead 11, behind 4]",crates/jtv-core/src/coproc.rs; crates/jtv-core/src/coproc_lower.rs
JtV v2,jtv-lang,Languages and research,Coprocessor / GPU,!,"PataCL feature defaults off with explicit fallback. Lowering emits Zig/Idris/C artifacts, but Zig kernel bodies include unreachable placeholders.","6c601ed114bc202530f48e13c2123959ecb93324; ## main...origin/main [ahead 11, behind 4]",crates/jtv-core/src/coproc.rs; crates/jtv-core/src/coproc_lower.rs
JtV v2,jtv-lang,Languages and research,FFI / ABI / verifier,F,A related filename was enumerated. Its existence establishes neither implementation nor correctness.,"6c601ed114bc202530f48e13c2123959ecb93324; ## main...origin/main [ahead 11, behind 4]",ffi/zig/.editorconfig; ffi/zig/.gitattributes; ffi/zig/.github/workflows/ci.yml
JtV v2,jtv-lang,Languages and research,Standard library,F,A related filename was enumerated. Its existence establishes neither implementation nor correctness.,"6c601ed114bc202530f48e13c2123959ecb93324; ## main...origin/main [ahead 11, behind 4]",crates/jtv-core/stdlib/collections.jtv; crates/jtv-core/stdlib/prelude.jtv; crates/jtv-core/stdlib/result.jtv
JtV v2,jtv-lang,Languages and research,Aggregate library,?,No sufficient component assessment in this audit. This is not a claim of absence.,"6c601ed114bc202530f48e13c2123959ecb93324; ## main...origin/main [ahead 11, behind 4]",
JtV v2,jtv-lang,Languages and research,Other libraries / packages,F,A related filename was enumerated. Its existence establishes neither implementation nor correctness.,"6c601ed114bc202530f48e13c2123959ecb93324; ## main...origin/main [ahead 11, behind 4]",.machine_readable/6a2/ECOSYSTEM.a2ml; docs/ecosystem-status.adoc; packages/jtv-analyzer/deno.json
JtV v2,jtv-lang,Languages and research,Unit / conformance tests,F,A related filename was enumerated. Its existence establishes neither implementation nor correctness.,"6c601ed114bc202530f48e13c2123959ecb93324; ## main...origin/main [ahead 11, behind 4]",conformance/coproc/dead_gate_dropped.jtv; conformance/coproc/insn_with_encoding.jtv; conformance/coproc/live_intrinsic.jtv
JtV v2,jtv-lang,Languages and research,Property tests / fuzzing,F,A related filename was enumerated. Its existence establishes neither implementation nor correctness.,"6c601ed114bc202530f48e13c2123959ecb93324; ## main...origin/main [ahead 11, behind 4]",.clusterfuzzlite/Containerfile; .clusterfuzzlite/Dockerfile; .clusterfuzzlite/build.sh
JtV v2,jtv-lang,Languages and research,Formal model / proofs,F,A related filename was enumerated. Its existence establishes neither implementation nor correctness.,"6c601ed114bc202530f48e13c2123959ecb93324; ## main...origin/main [ahead 11, behind 4]",academic/proofs/ALGEBRAIC_STRUCTURES.md; academic/proofs/COMPUTATIONAL_THEORY.md; academic/proofs/MATHEMATICAL_FOUNDATIONS.md
JtV v2,jtv-lang,Languages and research,Proof / runtime correspondence,!,Coupling between the reversible-token formal model and runtime was not demonstrated end to end.,"6c601ed114bc202530f48e13c2123959ecb93324; ## main...origin/main [ahead 11, behind 4]",
JtV v2,jtv-lang,Languages and research,CI / security gates,F,A related filename was enumerated. Its existence establishes neither implementation nor correctness.,"6c601ed114bc202530f48e13c2123959ecb93324; ## main...origin/main [ahead 11, behind 4]",.github/workflows/cflite_batch.yml; .github/workflows/cflite_pr.yml; .github/workflows/codeql.yml
JtV v2,jtv-lang,Languages and research,Benchmarks / measurement,F,A related filename was enumerated. Its existence establishes neither implementation nor correctness.,"6c601ed114bc202530f48e13c2123959ecb93324; ## main...origin/main [ahead 11, behind 4]",crates/jtv-core/benches/interpreter_bench.rs; crates/jtv-core/benches/parser_bench.rs
JtV v2,jtv-lang,Languages and research,Release / packaging,F,A related filename was enumerated. Its existence establishes neither implementation nor correctness.,"6c601ed114bc202530f48e13c2123959ecb93324; ## main...origin/main [ahead 11, behind 4]",guix.scm
WokeLang,wokelang,Languages and research,Syntax,D,"Consent/care design reviewed against the current Rust implementation, not just old OCaml sources.",1ca62e92bc703f89fc37d150ad8554f87f2f9294; ## main...origin/main [ahead 5],docs/grammar.ebnf; docs/proofs/formal-semantics/grammar-proofs.md; docs/proofs/verification/GRAMMAR-PROOF-INVENTORY.md
WokeLang,wokelang,Languages and research,Semantics,D,"Consent/care design reviewed against the current Rust implementation, not just old OCaml sources.",1ca62e92bc703f89fc37d150ad8554f87f2f9294; ## main...origin/main [ahead 5],docs/proofs/formal-semantics/denotational-semantics.md; docs/proofs/formal-semantics/grammar-proofs.md; docs/proofs/formal-semantics/operational-semantics.md
WokeLang,wokelang,Languages and research,Type checker,F,A related filename was enumerated. Its existence establishes neither implementation nor correctness.,1ca62e92bc703f89fc37d150ad8554f87f2f9294; ## main...origin/main [ahead 5],src/abi/WokeLang/Typing.idr; src/typechecker/mod.rs
WokeLang,wokelang,Languages and research,Ownership / effects,!,Static consent theorem not established; disabling runtime care auto-grants consent in the inspected path.,1ca62e92bc703f89fc37d150ad8554f87f2f9294; ## main...origin/main [ahead 5],
WokeLang,wokelang,Languages and research,AST,F,A related filename was enumerated. Its existence establishes neither implementation nor correctness.,1ca62e92bc703f89fc37d150ad8554f87f2f9294; ## main...origin/main [ahead 5],core/ast.ml; src/ast/mod.rs; src/ast/visitor.rs
WokeLang,wokelang,Languages and research,Judgement / evidence graph,?,No sufficient component assessment in this audit. This is not a claim of absence.,1ca62e92bc703f89fc37d150ad8554f87f2f9294; ## main...origin/main [ahead 5],
WokeLang,wokelang,Languages and research,Lexer,I,Current Rust frontend and execution implementation inspected.,1ca62e92bc703f89fc37d150ad8554f87f2f9294; ## main...origin/main [ahead 5],.github/workflows/secret-scanner.yml; bench/bench_lexer.ml; core/lexer.mll
WokeLang,wokelang,Languages and research,Parser,I,Current Rust frontend and execution implementation inspected.,1ca62e92bc703f89fc37d150ad8554f87f2f9294; ## main...origin/main [ahead 5],bench/bench_parser.ml; core/parser.mly; docs/grammar.ebnf
WokeLang,wokelang,Languages and research,Elaboration / IR,?,No sufficient component assessment in this audit. This is not a claim of absence.,1ca62e92bc703f89fc37d150ad8554f87f2f9294; ## main...origin/main [ahead 5],
WokeLang,wokelang,Languages and research,REPL,I,Current Rust frontend and execution implementation inspected.,1ca62e92bc703f89fc37d150ad8554f87f2f9294; ## main...origin/main [ahead 5],docs/wiki/Getting-Started/REPL.md; src/repl.rs
WokeLang,wokelang,Languages and research,LSP / debugger,F,A related filename was enumerated. Its existence establishes neither implementation nor correctness.,1ca62e92bc703f89fc37d150ad8554f87f2f9294; ## main...origin/main [ahead 5],src/bin/woke-lsp.rs; src/lsp/backend.rs; src/lsp/document.rs
WokeLang,wokelang,Languages and research,Interpreter / runner,I,Current Rust frontend and execution implementation inspected.,1ca62e92bc703f89fc37d150ad8554f87f2f9294; ## main...origin/main [ahead 5],core/eval.ml; src/interpreter/mod.rs; src/interpreter/value.rs
WokeLang,wokelang,Languages and research,Meta-interpreter,?,No sufficient component assessment in this audit. This is not a claim of absence.,1ca62e92bc703f89fc37d150ad8554f87f2f9294; ## main...origin/main [ahead 5],
WokeLang,wokelang,Languages and research,Compiler / build,F,A related filename was enumerated. Its existence establishes neither implementation nor correctness.,1ca62e92bc703f89fc37d150ad8554f87f2f9294; ## main...origin/main [ahead 5],.clusterfuzzlite/build.sh; compiler/wokelang-wasm/Cargo.lock; compiler/wokelang-wasm/Cargo.toml
WokeLang,wokelang,Languages and research,Meta-compiler,?,No sufficient component assessment in this audit. This is not a claim of absence.,1ca62e92bc703f89fc37d150ad8554f87f2f9294; ## main...origin/main [ahead 5],
WokeLang,wokelang,Languages and research,Code generators,F,A related filename was enumerated. Its existence establishes neither implementation nor correctness.,1ca62e92bc703f89fc37d150ad8554f87f2f9294; ## main...origin/main [ahead 5],src/codegen/mod.rs; src/lsp/backend.rs; tests/codegen_test.rs
WokeLang,wokelang,Languages and research,Coprocessor / GPU,?,No sufficient component assessment in this audit. This is not a claim of absence.,1ca62e92bc703f89fc37d150ad8554f87f2f9294; ## main...origin/main [ahead 5],
WokeLang,wokelang,Languages and research,FFI / ABI / verifier,F,A related filename was enumerated. Its existence establishes neither implementation nor correctness.,1ca62e92bc703f89fc37d150ad8554f87f2f9294; ## main...origin/main [ahead 5],docs/proofs/verification/.gitignore; docs/proofs/verification/AUDIT.md; docs/proofs/verification/GRAMMAR-PROOF-INVENTORY.md
WokeLang,wokelang,Languages and research,Standard library,F,A related filename was enumerated. Its existence establishes neither implementation nor correctness.,1ca62e92bc703f89fc37d150ad8554f87f2f9294; ## main...origin/main [ahead 5],examples/28_stdlib_alib.woke; examples/28_stdlib_simple.woke; examples/30_stdlib_math.woke
WokeLang,wokelang,Languages and research,Aggregate library,!,"Basic aLib operations are implemented, but map/filter/fold/ifThenElse return RuntimeError because interpreter context is unavailable.",1ca62e92bc703f89fc37d150ad8554f87f2f9294; ## main...origin/main [ahead 5],src/stdlib/alib.rs
WokeLang,wokelang,Languages and research,Other libraries / packages,F,A related filename was enumerated. Its existence establishes neither implementation nor correctness.,1ca62e92bc703f89fc37d150ad8554f87f2f9294; ## main...origin/main [ahead 5],.machine_readable/6a2/ECOSYSTEM.a2ml
WokeLang,wokelang,Languages and research,Unit / conformance tests,T,188 Rust library tests passed; not a static consent proof.,1ca62e92bc703f89fc37d150ad8554f87f2f9294; ## main...origin/main [ahead 5],conformance/invalid/i01_missing_end.woke; conformance/invalid/i02_missing_give_back.woke; conformance/invalid/i03_bad_operator.woke
WokeLang,wokelang,Languages and research,Property tests / fuzzing,F,A related filename was enumerated. Its existence establishes neither implementation nor correctness.,1ca62e92bc703f89fc37d150ad8554f87f2f9294; ## main...origin/main [ahead 5],.clusterfuzzlite/Containerfile; .clusterfuzzlite/build.sh; .clusterfuzzlite/project.yaml
WokeLang,wokelang,Languages and research,Formal model / proofs,!,Static consent theorem not established; disabling runtime care auto-grants consent in the inspected path.,1ca62e92bc703f89fc37d150ad8554f87f2f9294; ## main...origin/main [ahead 5],docs/proofs/README.md; docs/proofs/VERIFICATION-ROADMAP.md; docs/proofs/compiler/memory-model.md
WokeLang,wokelang,Languages and research,Proof / runtime correspondence,!,Static consent theorem not established; disabling runtime care auto-grants consent in the inspected path.,1ca62e92bc703f89fc37d150ad8554f87f2f9294; ## main...origin/main [ahead 5],
WokeLang,wokelang,Languages and research,CI / security gates,F,A related filename was enumerated. Its existence establishes neither implementation nor correctness.,1ca62e92bc703f89fc37d150ad8554f87f2f9294; ## main...origin/main [ahead 5],.github/workflows/boj-build.yml; .github/workflows/cargo-audit.yml; .github/workflows/cflite_batch.yml
WokeLang,wokelang,Languages and research,Benchmarks / measurement,F,A related filename was enumerated. Its existence establishes neither implementation nor correctness.,1ca62e92bc703f89fc37d150ad8554f87f2f9294; ## main...origin/main [ahead 5],bench/bench_lexer.ml; bench/bench_parser.ml; benches/vm_bench.rs
WokeLang,wokelang,Languages and research,Release / packaging,F,A related filename was enumerated. Its existence establishes neither implementation nor correctness.,1ca62e92bc703f89fc37d150ad8554f87f2f9294; ## main...origin/main [ahead 5],guix.scm
Phronesis,phronesis,Languages and research,Syntax,D,Constraint/judgement language and justification-path comparison reviewed; consensus is not itself truth.,"f1e14edc9076b8d916ecb9f1c42983a232b8cc66; ## main...origin/main [ahead 2, behind 7]",academic/proofs/model-theory/model-theory-specification.adoc; academic/proofs/temporal-logic/temporal-logic-specifications.adoc; docs/grammar.ebnf
Phronesis,phronesis,Languages and research,Semantics,D,Constraint/judgement language and justification-path comparison reviewed; consensus is not itself truth.,"f1e14edc9076b8d916ecb9f1c42983a232b8cc66; ## main...origin/main [ahead 2, behind 7]",academic/proofs/algebraic-semantics/algebraic-semantics.adoc; academic/proofs/axiomatic-semantics/hoare-logic.adoc; academic/proofs/model-theory/denotational-semantics.adoc
Phronesis,phronesis,Languages and research,Type checker,!,Unknown names can receive :any; compiler/proof/benchmark claim extractors return empty lists. Dependency/toolchain failures prevented a full test run; REPORT output does not ensure delivery.,"f1e14edc9076b8d916ecb9f1c42983a232b8cc66; ## main...origin/main [ahead 2, behind 7]",lib/phronesis/type_checker.ex; test/type_checker_test.exs
Phronesis,phronesis,Languages and research,Ownership / effects,F,A related filename was enumerated. Its existence establishes neither implementation nor correctness.,"f1e14edc9076b8d916ecb9f1c42983a232b8cc66; ## main...origin/main [ahead 2, behind 7]",editors/vscode/src/extension.affine
Phronesis,phronesis,Languages and research,AST,I,"Elixir frontend, interpreter, tracing and debugger/REPL source inspected; full project test suite has not run in this audit.","f1e14edc9076b8d916ecb9f1c42983a232b8cc66; ## main...origin/main [ahead 2, behind 7]",examples/syntax_error.phr; lib/phronesis/ast.ex; syntax/README.adoc
Phronesis,phronesis,Languages and research,Judgement / evidence graph,I,"Real nodes, typed evidence edges and claim-to-graph construction. Invariant paths compare six justification stages, not semantic equivalence.","f1e14edc9076b8d916ecb9f1c42983a232b8cc66; ## main...origin/main [ahead 2, behind 7]",lib/phronesis/reflexion/judgement_evidence_graph.ex
Phronesis,phronesis,Languages and research,Lexer,I,"Elixir frontend, interpreter, tracing and debugger/REPL source inspected; full project test suite has not run in this audit.","f1e14edc9076b8d916ecb9f1c42983a232b8cc66; ## main...origin/main [ahead 2, behind 7]",.github/workflows/secret-scanner.yml; bench/bench_lexer.exs; lib/phronesis/incremental_lexer.ex
Phronesis,phronesis,Languages and research,Parser,I,"Elixir frontend, interpreter, tracing and debugger/REPL source inspected; full project test suite has not run in this audit.","f1e14edc9076b8d916ecb9f1c42983a232b8cc66; ## main...origin/main [ahead 2, behind 7]",bench/bench_parser.exs; docs/grammar.ebnf; lib/phronesis/incremental_parser.ex
Phronesis,phronesis,Languages and research,Elaboration / IR,?,No sufficient component assessment in this audit. This is not a claim of absence.,"f1e14edc9076b8d916ecb9f1c42983a232b8cc66; ## main...origin/main [ahead 2, behind 7]",
Phronesis,phronesis,Languages and research,REPL,I,"Elixir frontend, interpreter, tracing and debugger/REPL source inspected; full project test suite has not run in this audit.","f1e14edc9076b8d916ecb9f1c42983a232b8cc66; ## main...origin/main [ahead 2, behind 7]",lib/phronesis/debugger/repl.ex
Phronesis,phronesis,Languages and research,LSP / debugger,I,"Elixir frontend, interpreter, tracing and debugger/REPL source inspected; full project test suite has not run in this audit.","f1e14edc9076b8d916ecb9f1c42983a232b8cc66; ## main...origin/main [ahead 2, behind 7]",docs/LSP-IMPLEMENTATION-SUMMARY.adoc; lib/phronesis/debugger.ex; lib/phronesis/debugger/repl.ex
Phronesis,phronesis,Languages and research,Interpreter / runner,I,"Elixir frontend, interpreter, tracing and debugger/REPL source inspected; full project test suite has not run in this audit.","f1e14edc9076b8d916ecb9f1c42983a232b8cc66; ## main...origin/main [ahead 2, behind 7]",academic/proofs/abstract-interpretation/abstract-interpretation-framework.adoc; lib/phronesis/interpreter.ex; lib/phronesis/tracing_interpreter.ex
Phronesis,phronesis,Languages and research,Meta-interpreter,?,No sufficient component assessment in this audit. This is not a claim of absence.,"f1e14edc9076b8d916ecb9f1c42983a232b8cc66; ## main...origin/main [ahead 2, behind 7]",
Phronesis,phronesis,Languages and research,Compiler / build,F,A related filename was enumerated. Its existence establishes neither implementation nor correctness.,"f1e14edc9076b8d916ecb9f1c42983a232b8cc66; ## main...origin/main [ahead 2, behind 7]",compiler/phronesis-ast/Cargo.lock; compiler/phronesis-ast/Cargo.toml; compiler/phronesis-ast/src/lib.rs
Phronesis,phronesis,Languages and research,Meta-compiler,?,No sufficient component assessment in this audit. This is not a claim of absence.,"f1e14edc9076b8d916ecb9f1c42983a232b8cc66; ## main...origin/main [ahead 2, behind 7]",
Phronesis,phronesis,Languages and research,Code generators,?,No sufficient component assessment in this audit. This is not a claim of absence.,"f1e14edc9076b8d916ecb9f1c42983a232b8cc66; ## main...origin/main [ahead 2, behind 7]",
Phronesis,phronesis,Languages and research,Coprocessor / GPU,?,No sufficient component assessment in this audit. This is not a claim of absence.,"f1e14edc9076b8d916ecb9f1c42983a232b8cc66; ## main...origin/main [ahead 2, behind 7]",
Phronesis,phronesis,Languages and research,FFI / ABI / verifier,F,A related filename was enumerated. Its existence establishes neither implementation nor correctness.,"f1e14edc9076b8d916ecb9f1c42983a232b8cc66; ## main...origin/main [ahead 2, behind 7]",src/abi/Types.idr; src/abi/phronesis-abi.ipkg; verification/README.adoc
Phronesis,phronesis,Languages and research,Standard library,F,A related filename was enumerated. Its existence establishes neither implementation nor correctness.,"f1e14edc9076b8d916ecb9f1c42983a232b8cc66; ## main...origin/main [ahead 2, behind 7]",examples/test_stdlib.exs; lib/phronesis/stdlib/bgp.ex; lib/phronesis/stdlib/consensus.ex
Phronesis,phronesis,Languages and research,Aggregate library,?,No sufficient component assessment in this audit. This is not a claim of absence.,"f1e14edc9076b8d916ecb9f1c42983a232b8cc66; ## main...origin/main [ahead 2, behind 7]",
Phronesis,phronesis,Languages and research,Other libraries / packages,F,A related filename was enumerated. Its existence establishes neither implementation nor correctness.,"f1e14edc9076b8d916ecb9f1c42983a232b8cc66; ## main...origin/main [ahead 2, behind 7]",.machine_readable/6a2/ECOSYSTEM.a2ml; lib/phronesis/package_manager.ex; lib/phronesis/package_manager/manifest.ex
Phronesis,phronesis,Languages and research,Unit / conformance tests,!,Unknown names can receive :any; compiler/proof/benchmark claim extractors return empty lists. Dependency/toolchain failures prevented a full test run; REPORT output does not ensure delivery.,"f1e14edc9076b8d916ecb9f1c42983a232b8cc66; ## main...origin/main [ahead 2, behind 7]",.github/workflows/conformance.yml; conformance/invalid/i01_missing_end.phr; conformance/invalid/i02_bad_action.phr
Phronesis,phronesis,Languages and research,Property tests / fuzzing,F,A related filename was enumerated. Its existence establishes neither implementation nor correctness.,"f1e14edc9076b8d916ecb9f1c42983a232b8cc66; ## main...origin/main [ahead 2, behind 7]",test/fuzz/lexer_fuzz_test.exs; test/fuzz/parser_fuzz_test.exs; test/property_test.exs
Phronesis,phronesis,Languages and research,Formal model / proofs,F,A related filename was enumerated. Its existence establishes neither implementation nor correctness.,"f1e14edc9076b8d916ecb9f1c42983a232b8cc66; ## main...origin/main [ahead 2, behind 7]",academic/formal-verification/agda/Phronesis.agda; academic/formal-verification/agda/PhronesisEcho.agda; academic/formal-verification/coq/Phronesis.v
Phronesis,phronesis,Languages and research,Proof / runtime correspondence,!,Unknown names can receive :any; compiler/proof/benchmark claim extractors return empty lists. Dependency/toolchain failures prevented a full test run; REPORT output does not ensure delivery.,"f1e14edc9076b8d916ecb9f1c42983a232b8cc66; ## main...origin/main [ahead 2, behind 7]",academic/proofs/proof-theory/curry-howard-correspondence.adoc
Phronesis,phronesis,Languages and research,CI / security gates,F,A related filename was enumerated. Its existence establishes neither implementation nor correctness.,"f1e14edc9076b8d916ecb9f1c42983a232b8cc66; ## main...origin/main [ahead 2, behind 7]",.github/workflows/casket-pages.yml; .github/workflows/codeql.yml; .github/workflows/conformance.yml
Phronesis,phronesis,Languages and research,Benchmarks / measurement,F,A related filename was enumerated. Its existence establishes neither implementation nor correctness.,"f1e14edc9076b8d916ecb9f1c42983a232b8cc66; ## main...origin/main [ahead 2, behind 7]",bench/bench_lexer.exs; bench/bench_parser.exs; examples/profile_example.phr
Phronesis,phronesis,Languages and research,Release / packaging,F,A related filename was enumerated. Its existence establishes neither implementation nor correctness.,"f1e14edc9076b8d916ecb9f1c42983a232b8cc66; ## main...origin/main [ahead 2, behind 7]",manifest.scm
Oikos language,oikos-economics-accounting-dsl,Languages and research,Syntax,D,Accounting DSL source and Godley validation inspected.,b2055a6de8c99d6bde057b1870661d9ba238743b; ## main...origin/main [ahead 6],oikos-syntax/Cargo.toml; oikos-syntax/src/account.rs; oikos-syntax/src/dimension.rs
Oikos language,oikos-economics-accounting-dsl,Languages and research,Semantics,!,Godley check sums signs rather than symbolic quantities; Ephapax desugaring reports NotAvailable. Do not infer validated economic identities or a working lowering.,b2055a6de8c99d6bde057b1870661d9ba238743b; ## main...origin/main [ahead 6],
Oikos language,oikos-economics-accounting-dsl,Languages and research,Type checker,?,No sufficient component assessment in this audit. This is not a claim of absence.,b2055a6de8c99d6bde057b1870661d9ba238743b; ## main...origin/main [ahead 6],
Oikos language,oikos-economics-accounting-dsl,Languages and research,Ownership / effects,?,No sufficient component assessment in this audit. This is not a claim of absence.,b2055a6de8c99d6bde057b1870661d9ba238743b; ## main...origin/main [ahead 6],
Oikos language,oikos-economics-accounting-dsl,Languages and research,AST,?,No sufficient component assessment in this audit. This is not a claim of absence.,b2055a6de8c99d6bde057b1870661d9ba238743b; ## main...origin/main [ahead 6],
Oikos language,oikos-economics-accounting-dsl,Languages and research,Judgement / evidence graph,?,No sufficient component assessment in this audit. This is not a claim of absence.,b2055a6de8c99d6bde057b1870661d9ba238743b; ## main...origin/main [ahead 6],
Oikos language,oikos-economics-accounting-dsl,Languages and research,Lexer,F,A related filename was enumerated. Its existence establishes neither implementation nor correctness.,b2055a6de8c99d6bde057b1870661d9ba238743b; ## main...origin/main [ahead 6],.github/workflows/secret-scanner.yml; oikos-parser/src/lexer.rs
Oikos language,oikos-economics-accounting-dsl,Languages and research,Parser,F,A related filename was enumerated. Its existence establishes neither implementation nor correctness.,b2055a6de8c99d6bde057b1870661d9ba238743b; ## main...origin/main [ahead 6],oikos-parser/Cargo.toml; oikos-parser/src/error.rs; oikos-parser/src/lexer.rs
Oikos language,oikos-economics-accounting-dsl,Languages and research,Elaboration / IR,F,A related filename was enumerated. Its existence establishes neither implementation nor correctness.,b2055a6de8c99d6bde057b1870661d9ba238743b; ## main...origin/main [ahead 6],oikos-desugar/Cargo.toml; oikos-desugar/src/error.rs; oikos-desugar/src/lib.rs
Oikos language,oikos-economics-accounting-dsl,Languages and research,REPL,?,No sufficient component assessment in this audit. This is not a claim of absence.,b2055a6de8c99d6bde057b1870661d9ba238743b; ## main...origin/main [ahead 6],
Oikos language,oikos-economics-accounting-dsl,Languages and research,LSP / debugger,?,No sufficient component assessment in this audit. This is not a claim of absence.,b2055a6de8c99d6bde057b1870661d9ba238743b; ## main...origin/main [ahead 6],
Oikos language,oikos-economics-accounting-dsl,Languages and research,Interpreter / runner,?,No sufficient component assessment in this audit. This is not a claim of absence.,b2055a6de8c99d6bde057b1870661d9ba238743b; ## main...origin/main [ahead 6],
Oikos language,oikos-economics-accounting-dsl,Languages and research,Meta-interpreter,?,No sufficient component assessment in this audit. This is not a claim of absence.,b2055a6de8c99d6bde057b1870661d9ba238743b; ## main...origin/main [ahead 6],
Oikos language,oikos-economics-accounting-dsl,Languages and research,Compiler / build,?,No sufficient component assessment in this audit. This is not a claim of absence.,b2055a6de8c99d6bde057b1870661d9ba238743b; ## main...origin/main [ahead 6],
Oikos language,oikos-economics-accounting-dsl,Languages and research,Meta-compiler,?,No sufficient component assessment in this audit. This is not a claim of absence.,b2055a6de8c99d6bde057b1870661d9ba238743b; ## main...origin/main [ahead 6],
Oikos language,oikos-economics-accounting-dsl,Languages and research,Code generators,!,Godley check sums signs rather than symbolic quantities; Ephapax desugaring reports NotAvailable. Do not infer validated economic identities or a working lowering.,b2055a6de8c99d6bde057b1870661d9ba238743b; ## main...origin/main [ahead 6],
Oikos language,oikos-economics-accounting-dsl,Languages and research,Coprocessor / GPU,?,No sufficient component assessment in this audit. This is not a claim of absence.,b2055a6de8c99d6bde057b1870661d9ba238743b; ## main...origin/main [ahead 6],
Oikos language,oikos-economics-accounting-dsl,Languages and research,FFI / ABI / verifier,?,No sufficient component assessment in this audit. This is not a claim of absence.,b2055a6de8c99d6bde057b1870661d9ba238743b; ## main...origin/main [ahead 6],
Oikos language,oikos-economics-accounting-dsl,Languages and research,Standard library,?,No sufficient component assessment in this audit. This is not a claim of absence.,b2055a6de8c99d6bde057b1870661d9ba238743b; ## main...origin/main [ahead 6],
Oikos language,oikos-economics-accounting-dsl,Languages and research,Aggregate library,F,A related filename was enumerated. Its existence establishes neither implementation nor correctness.,b2055a6de8c99d6bde057b1870661d9ba238743b; ## main...origin/main [ahead 6],docs/alib-aggregate-bridge.adoc
Oikos language,oikos-economics-accounting-dsl,Languages and research,Other libraries / packages,F,A related filename was enumerated. Its existence establishes neither implementation nor correctness.,b2055a6de8c99d6bde057b1870661d9ba238743b; ## main...origin/main [ahead 6],.machine_readable/6a2/ECOSYSTEM.a2ml
Oikos language,oikos-economics-accounting-dsl,Languages and research,Unit / conformance tests,T,Rust workspace tests passed for the inspected DSL snapshot.,b2055a6de8c99d6bde057b1870661d9ba238743b; ## main...origin/main [ahead 6],oikos-check/tests/cross_ref.rs; oikos-check/tests/currency.rs; oikos-check/tests/fixtures.rs
Oikos language,oikos-economics-accounting-dsl,Languages and research,Property tests / fuzzing,?,No sufficient component assessment in this audit. This is not a claim of absence.,b2055a6de8c99d6bde057b1870661d9ba238743b; ## main...origin/main [ahead 6],
Oikos language,oikos-economics-accounting-dsl,Languages and research,Formal model / proofs,?,No sufficient component assessment in this audit. This is not a claim of absence.,b2055a6de8c99d6bde057b1870661d9ba238743b; ## main...origin/main [ahead 6],
Oikos language,oikos-economics-accounting-dsl,Languages and research,Proof / runtime correspondence,!,Godley check sums signs rather than symbolic quantities; Ephapax desugaring reports NotAvailable. Do not infer validated economic identities or a working lowering.,b2055a6de8c99d6bde057b1870661d9ba238743b; ## main...origin/main [ahead 6],
Oikos language,oikos-economics-accounting-dsl,Languages and research,CI / security gates,F,A related filename was enumerated. Its existence establishes neither implementation nor correctness.,b2055a6de8c99d6bde057b1870661d9ba238743b; ## main...origin/main [ahead 6],.github/workflows/cargo-audit.yml; .github/workflows/casket-pages.yml; .github/workflows/ci.yml
Oikos language,oikos-economics-accounting-dsl,Languages and research,Benchmarks / measurement,?,No sufficient component assessment in this audit. This is not a claim of absence.,b2055a6de8c99d6bde057b1870661d9ba238743b; ## main...origin/main [ahead 6],
Oikos language,oikos-economics-accounting-dsl,Languages and research,Release / packaging,F,A related filename was enumerated. Its existence establishes neither implementation nor correctness.,b2055a6de8c99d6bde057b1870661d9ba238743b; ## main...origin/main [ahead 6],manifest.scm
ErrorLang,error-lang,Languages and research,Syntax,D,Error-oriented language documents reviewed. The claimed 100% verification was not established by an exhaustive function/dependency audit.,"80e69bfcb7877962e427a1e77c151fe0bf430ee3; ## main...origin/main [ahead 26, behind 3]",docs/Grammar-ru.ebnf; docs/Grammar.ebnf; spec/grammar.ebnf
ErrorLang,error-lang,Languages and research,Semantics,D,Error-oriented language documents reviewed. The claimed 100% verification was not established by an exhaustive function/dependency audit.,"80e69bfcb7877962e427a1e77c151fe0bf430ee3; ## main...origin/main [ahead 26, behind 3]",spec/axiomatic-semantics.md; spec/operational-semantics.md
ErrorLang,error-lang,Languages and research,Type checker,F,A related filename was enumerated. Its existence establishes neither implementation nor correctness.,"80e69bfcb7877962e427a1e77c151fe0bf430ee3; ## main...origin/main [ahead 26, behind 3]",compiler/src/TypeChecker.affine
ErrorLang,error-lang,Languages and research,Ownership / effects,F,A related filename was enumerated. Its existence establishes neither implementation nor correctness.,"80e69bfcb7877962e427a1e77c151fe0bf430ee3; ## main...origin/main [ahead 26, behind 3]",.github/workflows/affinescript-check.yml; compiler/src/Analyzer.affine; compiler/src/Bytecode.affine
ErrorLang,error-lang,Languages and research,AST,?,No sufficient component assessment in this audit. This is not a claim of absence.,"80e69bfcb7877962e427a1e77c151fe0bf430ee3; ## main...origin/main [ahead 26, behind 3]",
ErrorLang,error-lang,Languages and research,Judgement / evidence graph,?,No sufficient component assessment in this audit. This is not a claim of absence.,"80e69bfcb7877962e427a1e77c151fe0bf430ee3; ## main...origin/main [ahead 26, behind 3]",
ErrorLang,error-lang,Languages and research,Lexer,F,A related filename was enumerated. Its existence establishes neither implementation nor correctness.,"80e69bfcb7877962e427a1e77c151fe0bf430ee3; ## main...origin/main [ahead 26, behind 3]",compiler/src/IncrementalLexer.affine; compiler/src/Lexer.affine
ErrorLang,error-lang,Languages and research,Parser,F,A related filename was enumerated. Its existence establishes neither implementation nor correctness.,"80e69bfcb7877962e427a1e77c151fe0bf430ee3; ## main...origin/main [ahead 26, behind 3]",compiler/src/IncrementalParser.affine; compiler/src/Parser.affine; docs/Grammar-ru.ebnf
ErrorLang,error-lang,Languages and research,Elaboration / IR,?,No sufficient component assessment in this audit. This is not a claim of absence.,"80e69bfcb7877962e427a1e77c151fe0bf430ee3; ## main...origin/main [ahead 26, behind 3]",
ErrorLang,error-lang,Languages and research,REPL,?,No sufficient component assessment in this audit. This is not a claim of absence.,"80e69bfcb7877962e427a1e77c151fe0bf430ee3; ## main...origin/main [ahead 26, behind 3]",
ErrorLang,error-lang,Languages and research,LSP / debugger,F,A related filename was enumerated. Its existence establishes neither implementation nor correctness.,"80e69bfcb7877962e427a1e77c151fe0bf430ee3; ## main...origin/main [ahead 26, behind 3]",tools/lsp/Cargo.toml; tools/lsp/src/backend.rs; tools/lsp/src/main.rs
ErrorLang,error-lang,Languages and research,Interpreter / runner,F,A related filename was enumerated. Its existence establishes neither implementation nor correctness.,"80e69bfcb7877962e427a1e77c151fe0bf430ee3; ## main...origin/main [ahead 26, behind 3]",cli/runtime.js; compiler/src/VM.affine
ErrorLang,error-lang,Languages and research,Meta-interpreter,?,No sufficient component assessment in this audit. This is not a claim of absence.,"80e69bfcb7877962e427a1e77c151fe0bf430ee3; ## main...origin/main [ahead 26, behind 3]",
ErrorLang,error-lang,Languages and research,Compiler / build,F,A related filename was enumerated. Its existence establishes neither implementation nor correctness.,"80e69bfcb7877962e427a1e77c151fe0bf430ee3; ## main...origin/main [ahead 26, behind 3]",compiler/error-lang-ast/Cargo.lock; compiler/error-lang-ast/Cargo.toml; compiler/error-lang-ast/src/lib.rs
ErrorLang,error-lang,Languages and research,Meta-compiler,?,No sufficient component assessment in this audit. This is not a claim of absence.,"80e69bfcb7877962e427a1e77c151fe0bf430ee3; ## main...origin/main [ahead 26, behind 3]",
ErrorLang,error-lang,Languages and research,Code generators,F,A related filename was enumerated. Its existence establishes neither implementation nor correctness.,"80e69bfcb7877962e427a1e77c151fe0bf430ee3; ## main...origin/main [ahead 26, behind 3]",compiler/src/Codegen.affine; tools/lsp/src/backend.rs
ErrorLang,error-lang,Languages and research,Coprocessor / GPU,?,No sufficient component assessment in this audit. This is not a claim of absence.,"80e69bfcb7877962e427a1e77c151fe0bf430ee3; ## main...origin/main [ahead 26, behind 3]",
ErrorLang,error-lang,Languages and research,FFI / ABI / verifier,F,A related filename was enumerated. Its existence establishes neither implementation nor correctness.,"80e69bfcb7877962e427a1e77c151fe0bf430ee3; ## main...origin/main [ahead 26, behind 3]",ffi/zig/build.zig; ffi/zig/src/main.zig; ffi/zig/test/integration_test.zig
ErrorLang,error-lang,Languages and research,Standard library,?,No sufficient component assessment in this audit. This is not a claim of absence.,"80e69bfcb7877962e427a1e77c151fe0bf430ee3; ## main...origin/main [ahead 26, behind 3]",
ErrorLang,error-lang,Languages and research,Aggregate library,?,No sufficient component assessment in this audit. This is not a claim of absence.,"80e69bfcb7877962e427a1e77c151fe0bf430ee3; ## main...origin/main [ahead 26, behind 3]",
ErrorLang,error-lang,Languages and research,Other libraries / packages,F,A related filename was enumerated. Its existence establishes neither implementation nor correctness.,"80e69bfcb7877962e427a1e77c151fe0bf430ee3; ## main...origin/main [ahead 26, behind 3]",.machine_readable/6a2/ECOSYSTEM.a2ml; docs/Error-Ecosystem-Vision.adoc
ErrorLang,error-lang,Languages and research,Unit / conformance tests,F,A related filename was enumerated. Its existence establishes neither implementation nor correctness.,"80e69bfcb7877962e427a1e77c151fe0bf430ee3; ## main...origin/main [ahead 26, behind 3]",conformance/invalid/i01_missing_end.err; conformance/invalid/i02_bad_let.err; conformance/invalid/i03_unclosed_string.err
ErrorLang,error-lang,Languages and research,Property tests / fuzzing,?,No sufficient component assessment in this audit. This is not a claim of absence.,"80e69bfcb7877962e427a1e77c151fe0bf430ee3; ## main...origin/main [ahead 26, behind 3]",
ErrorLang,error-lang,Languages and research,Formal model / proofs,?,No sufficient component assessment in this audit. This is not a claim of absence.,"80e69bfcb7877962e427a1e77c151fe0bf430ee3; ## main...origin/main [ahead 26, behind 3]",
ErrorLang,error-lang,Languages and research,Proof / runtime correspondence,!,No evidence here supports whole-implementation verification; retain individual theorem and runtime boundaries.,"80e69bfcb7877962e427a1e77c151fe0bf430ee3; ## main...origin/main [ahead 26, behind 3]",
ErrorLang,error-lang,Languages and research,CI / security gates,F,A related filename was enumerated. Its existence establishes neither implementation nor correctness.,"80e69bfcb7877962e427a1e77c151fe0bf430ee3; ## main...origin/main [ahead 26, behind 3]",.github/workflows/affinescript-check.yml; .github/workflows/casket-pages.yml; .github/workflows/codeql.yml
ErrorLang,error-lang,Languages and research,Benchmarks / measurement,?,No sufficient component assessment in this audit. This is not a claim of absence.,"80e69bfcb7877962e427a1e77c151fe0bf430ee3; ## main...origin/main [ahead 26, behind 3]",
ErrorLang,error-lang,Languages and research,Release / packaging,F,A related filename was enumerated. Its existence establishes neither implementation nor correctness.,"80e69bfcb7877962e427a1e77c151fe0bf430ee3; ## main...origin/main [ahead 26, behind 3]",manifest.scm
Anvomidav,anvomidav,Languages and research,Syntax,D,Figure-skating/domain validation approach reviewed; broad compiler/toolchain status remains unassessed.,c959ea3d42c64f55357bb6501a42501f3e74f135; ## main...origin/main,
Anvomidav,anvomidav,Languages and research,Semantics,D,Figure-skating/domain validation approach reviewed; broad compiler/toolchain status remains unassessed.,c959ea3d42c64f55357bb6501a42501f3e74f135; ## main...origin/main,
Anvomidav,anvomidav,Languages and research,Type checker,!,A literal ExUnit assertion is not a domain validator. The inspected seven-jump rule is stale for the relevant 2026/27 Skate Canada update.,c959ea3d42c64f55357bb6501a42501f3e74f135; ## main...origin/main,
Anvomidav,anvomidav,Languages and research,Ownership / effects,?,No sufficient component assessment in this audit. This is not a claim of absence.,c959ea3d42c64f55357bb6501a42501f3e74f135; ## main...origin/main,
Anvomidav,anvomidav,Languages and research,AST,?,No sufficient component assessment in this audit. This is not a claim of absence.,c959ea3d42c64f55357bb6501a42501f3e74f135; ## main...origin/main,
Anvomidav,anvomidav,Languages and research,Judgement / evidence graph,?,No sufficient component assessment in this audit. This is not a claim of absence.,c959ea3d42c64f55357bb6501a42501f3e74f135; ## main...origin/main,
Anvomidav,anvomidav,Languages and research,Lexer,F,A related filename was enumerated. Its existence establishes neither implementation nor correctness.,c959ea3d42c64f55357bb6501a42501f3e74f135; ## main...origin/main,.github/workflows/secret-scanner.yml
Anvomidav,anvomidav,Languages and research,Parser,?,No sufficient component assessment in this audit. This is not a claim of absence.,c959ea3d42c64f55357bb6501a42501f3e74f135; ## main...origin/main,
Anvomidav,anvomidav,Languages and research,Elaboration / IR,?,No sufficient component assessment in this audit. This is not a claim of absence.,c959ea3d42c64f55357bb6501a42501f3e74f135; ## main...origin/main,
Anvomidav,anvomidav,Languages and research,REPL,?,No sufficient component assessment in this audit. This is not a claim of absence.,c959ea3d42c64f55357bb6501a42501f3e74f135; ## main...origin/main,
Anvomidav,anvomidav,Languages and research,LSP / debugger,?,No sufficient component assessment in this audit. This is not a claim of absence.,c959ea3d42c64f55357bb6501a42501f3e74f135; ## main...origin/main,
Anvomidav,anvomidav,Languages and research,Interpreter / runner,?,No sufficient component assessment in this audit. This is not a claim of absence.,c959ea3d42c64f55357bb6501a42501f3e74f135; ## main...origin/main,
Anvomidav,anvomidav,Languages and research,Meta-interpreter,?,No sufficient component assessment in this audit. This is not a claim of absence.,c959ea3d42c64f55357bb6501a42501f3e74f135; ## main...origin/main,
Anvomidav,anvomidav,Languages and research,Compiler / build,?,No sufficient component assessment in this audit. This is not a claim of absence.,c959ea3d42c64f55357bb6501a42501f3e74f135; ## main...origin/main,
Anvomidav,anvomidav,Languages and research,Meta-compiler,?,No sufficient component assessment in this audit. This is not a claim of absence.,c959ea3d42c64f55357bb6501a42501f3e74f135; ## main...origin/main,
Anvomidav,anvomidav,Languages and research,Code generators,?,No sufficient component assessment in this audit. This is not a claim of absence.,c959ea3d42c64f55357bb6501a42501f3e74f135; ## main...origin/main,
Anvomidav,anvomidav,Languages and research,Coprocessor / GPU,?,No sufficient component assessment in this audit. This is not a claim of absence.,c959ea3d42c64f55357bb6501a42501f3e74f135; ## main...origin/main,
Anvomidav,anvomidav,Languages and research,FFI / ABI / verifier,?,No sufficient component assessment in this audit. This is not a claim of absence.,c959ea3d42c64f55357bb6501a42501f3e74f135; ## main...origin/main,
Anvomidav,anvomidav,Languages and research,Standard library,?,No sufficient component assessment in this audit. This is not a claim of absence.,c959ea3d42c64f55357bb6501a42501f3e74f135; ## main...origin/main,
Anvomidav,anvomidav,Languages and research,Aggregate library,?,No sufficient component assessment in this audit. This is not a claim of absence.,c959ea3d42c64f55357bb6501a42501f3e74f135; ## main...origin/main,
Anvomidav,anvomidav,Languages and research,Other libraries / packages,?,No sufficient component assessment in this audit. This is not a claim of absence.,c959ea3d42c64f55357bb6501a42501f3e74f135; ## main...origin/main,
Anvomidav,anvomidav,Languages and research,Unit / conformance tests,!,A literal ExUnit assertion is not a domain validator. The inspected seven-jump rule is stale for the relevant 2026/27 Skate Canada update.,c959ea3d42c64f55357bb6501a42501f3e74f135; ## main...origin/main,test/anvomidav_spec_test.exs
Anvomidav,anvomidav,Languages and research,Property tests / fuzzing,?,No sufficient component assessment in this audit. This is not a claim of absence.,c959ea3d42c64f55357bb6501a42501f3e74f135; ## main...origin/main,
Anvomidav,anvomidav,Languages and research,Formal model / proofs,?,No sufficient component assessment in this audit. This is not a claim of absence.,c959ea3d42c64f55357bb6501a42501f3e74f135; ## main...origin/main,
Anvomidav,anvomidav,Languages and research,Proof / runtime correspondence,?,No sufficient component assessment in this audit. This is not a claim of absence.,c959ea3d42c64f55357bb6501a42501f3e74f135; ## main...origin/main,
Anvomidav,anvomidav,Languages and research,CI / security gates,F,A related filename was enumerated. Its existence establishes neither implementation nor correctness.,c959ea3d42c64f55357bb6501a42501f3e74f135; ## main...origin/main,.github/workflows/codeql.yml; .github/workflows/dependabot-automerge.yml; .github/workflows/governance.yml
Anvomidav,anvomidav,Languages and research,Benchmarks / measurement,?,No sufficient component assessment in this audit. This is not a claim of absence.,c959ea3d42c64f55357bb6501a42501f3e74f135; ## main...origin/main,
Anvomidav,anvomidav,Languages and research,Release / packaging,F,A related filename was enumerated. Its existence establishes neither implementation nor correctness.,c959ea3d42c64f55357bb6501a42501f3e74f135; ## main...origin/main,guix.scm
TypeZero / typefix-zero,typefix-zero,Languages and research,Syntax,D,Owner-described total declarative / partial imperative and universe/lower-calculus research direction. Public implementation detail is not exported from private scope.,"b766a67e3504db3048ab8e45980a90b8a8b9690d; ## main...origin/main [ahead 12, behind 12]",
TypeZero / typefix-zero,typefix-zero,Languages and research,Semantics,D,Owner-described total declarative / partial imperative and universe/lower-calculus research direction. Public implementation detail is not exported from private scope.,"b766a67e3504db3048ab8e45980a90b8a8b9690d; ## main...origin/main [ahead 12, behind 12]",
TypeZero / typefix-zero,typefix-zero,Languages and research,Type checker,!,Research boundary: no checked implementation is established here; a bounded observer must distinguish unknown from proven divergence.,"b766a67e3504db3048ab8e45980a90b8a8b9690d; ## main...origin/main [ahead 12, behind 12]",
TypeZero / typefix-zero,typefix-zero,Languages and research,Ownership / effects,?,No sufficient component assessment in this audit. This is not a claim of absence.,"b766a67e3504db3048ab8e45980a90b8a8b9690d; ## main...origin/main [ahead 12, behind 12]",
TypeZero / typefix-zero,typefix-zero,Languages and research,AST,?,No sufficient component assessment in this audit. This is not a claim of absence.,"b766a67e3504db3048ab8e45980a90b8a8b9690d; ## main...origin/main [ahead 12, behind 12]",
TypeZero / typefix-zero,typefix-zero,Languages and research,Judgement / evidence graph,?,No sufficient component assessment in this audit. This is not a claim of absence.,"b766a67e3504db3048ab8e45980a90b8a8b9690d; ## main...origin/main [ahead 12, behind 12]",
TypeZero / typefix-zero,typefix-zero,Languages and research,Lexer,?,No sufficient component assessment in this audit. This is not a claim of absence.,"b766a67e3504db3048ab8e45980a90b8a8b9690d; ## main...origin/main [ahead 12, behind 12]",
TypeZero / typefix-zero,typefix-zero,Languages and research,Parser,?,No sufficient component assessment in this audit. This is not a claim of absence.,"b766a67e3504db3048ab8e45980a90b8a8b9690d; ## main...origin/main [ahead 12, behind 12]",
TypeZero / typefix-zero,typefix-zero,Languages and research,Elaboration / IR,?,No sufficient component assessment in this audit. This is not a claim of absence.,"b766a67e3504db3048ab8e45980a90b8a8b9690d; ## main...origin/main [ahead 12, behind 12]",
TypeZero / typefix-zero,typefix-zero,Languages and research,REPL,?,No sufficient component assessment in this audit. This is not a claim of absence.,"b766a67e3504db3048ab8e45980a90b8a8b9690d; ## main...origin/main [ahead 12, behind 12]",
TypeZero / typefix-zero,typefix-zero,Languages and research,LSP / debugger,?,No sufficient component assessment in this audit. This is not a claim of absence.,"b766a67e3504db3048ab8e45980a90b8a8b9690d; ## main...origin/main [ahead 12, behind 12]",
TypeZero / typefix-zero,typefix-zero,Languages and research,Interpreter / runner,?,No sufficient component assessment in this audit. This is not a claim of absence.,"b766a67e3504db3048ab8e45980a90b8a8b9690d; ## main...origin/main [ahead 12, behind 12]",
TypeZero / typefix-zero,typefix-zero,Languages and research,Meta-interpreter,?,No sufficient component assessment in this audit. This is not a claim of absence.,"b766a67e3504db3048ab8e45980a90b8a8b9690d; ## main...origin/main [ahead 12, behind 12]",
TypeZero / typefix-zero,typefix-zero,Languages and research,Compiler / build,?,No sufficient component assessment in this audit. This is not a claim of absence.,"b766a67e3504db3048ab8e45980a90b8a8b9690d; ## main...origin/main [ahead 12, behind 12]",
TypeZero / typefix-zero,typefix-zero,Languages and research,Meta-compiler,?,No sufficient component assessment in this audit. This is not a claim of absence.,"b766a67e3504db3048ab8e45980a90b8a8b9690d; ## main...origin/main [ahead 12, behind 12]",
TypeZero / typefix-zero,typefix-zero,Languages and research,Code generators,?,No sufficient component assessment in this audit. This is not a claim of absence.,"b766a67e3504db3048ab8e45980a90b8a8b9690d; ## main...origin/main [ahead 12, behind 12]",
TypeZero / typefix-zero,typefix-zero,Languages and research,Coprocessor / GPU,?,No sufficient component assessment in this audit. This is not a claim of absence.,"b766a67e3504db3048ab8e45980a90b8a8b9690d; ## main...origin/main [ahead 12, behind 12]",
TypeZero / typefix-zero,typefix-zero,Languages and research,FFI / ABI / verifier,?,No sufficient component assessment in this audit. This is not a claim of absence.,"b766a67e3504db3048ab8e45980a90b8a8b9690d; ## main...origin/main [ahead 12, behind 12]",
TypeZero / typefix-zero,typefix-zero,Languages and research,Standard library,?,No sufficient component assessment in this audit. This is not a claim of absence.,"b766a67e3504db3048ab8e45980a90b8a8b9690d; ## main...origin/main [ahead 12, behind 12]",
TypeZero / typefix-zero,typefix-zero,Languages and research,Aggregate library,?,No sufficient component assessment in this audit. This is not a claim of absence.,"b766a67e3504db3048ab8e45980a90b8a8b9690d; ## main...origin/main [ahead 12, behind 12]",
TypeZero / typefix-zero,typefix-zero,Languages and research,Other libraries / packages,?,No sufficient component assessment in this audit. This is not a claim of absence.,"b766a67e3504db3048ab8e45980a90b8a8b9690d; ## main...origin/main [ahead 12, behind 12]",
TypeZero / typefix-zero,typefix-zero,Languages and research,Unit / conformance tests,?,No sufficient component assessment in this audit. This is not a claim of absence.,"b766a67e3504db3048ab8e45980a90b8a8b9690d; ## main...origin/main [ahead 12, behind 12]",
TypeZero / typefix-zero,typefix-zero,Languages and research,Property tests / fuzzing,?,No sufficient component assessment in this audit. This is not a claim of absence.,"b766a67e3504db3048ab8e45980a90b8a8b9690d; ## main...origin/main [ahead 12, behind 12]",
TypeZero / typefix-zero,typefix-zero,Languages and research,Formal model / proofs,?,No sufficient component assessment in this audit. This is not a claim of absence.,"b766a67e3504db3048ab8e45980a90b8a8b9690d; ## main...origin/main [ahead 12, behind 12]",
TypeZero / typefix-zero,typefix-zero,Languages and research,Proof / runtime correspondence,!,Research boundary: no checked implementation is established here; a bounded observer must distinguish unknown from proven divergence.,"b766a67e3504db3048ab8e45980a90b8a8b9690d; ## main...origin/main [ahead 12, behind 12]",
TypeZero / typefix-zero,typefix-zero,Languages and research,CI / security gates,?,No sufficient component assessment in this audit. This is not a claim of absence.,"b766a67e3504db3048ab8e45980a90b8a8b9690d; ## main...origin/main [ahead 12, behind 12]",
TypeZero / typefix-zero,typefix-zero,Languages and research,Benchmarks / measurement,?,No sufficient component assessment in this audit. This is not a claim of absence.,"b766a67e3504db3048ab8e45980a90b8a8b9690d; ## main...origin/main [ahead 12, behind 12]",
TypeZero / typefix-zero,typefix-zero,Languages and research,Release / packaging,?,No sufficient component assessment in this audit. This is not a claim of absence.,"b766a67e3504db3048ab8e45980a90b8a8b9690d; ## main...origin/main [ahead 12, behind 12]",
Haec,haec,Languages and research,Syntax,D,Trope/loss design reviewed; language toolchain is not established by the existing research checker.,0ec99740a02cfcdcde3690a0ae575393f20f176a;  D .github/.nojekyll,design/grammar.ebnf
Haec,haec,Languages and research,Semantics,D,Trope/loss design reviewed; language toolchain is not established by the existing research checker.,0ec99740a02cfcdcde3690a0ae575393f20f176a;  D .github/.nojekyll,
Haec,haec,Languages and research,Type checker,I,Trope-checker implementation identified and reviewed at research scope.,0ec99740a02cfcdcde3690a0ae575393f20f176a;  D .github/.nojekyll,
Haec,haec,Languages and research,Ownership / effects,F,A related filename was enumerated. Its existence establishes neither implementation nor correctness.,0ec99740a02cfcdcde3690a0ae575393f20f176a;  D .github/.nojekyll,docs/governance/audit/effects/0.3-AI-MANIFEST.a2ml; docs/governance/audit/effects/README.adoc
Haec,haec,Languages and research,AST,?,No sufficient component assessment in this audit. This is not a claim of absence.,0ec99740a02cfcdcde3690a0ae575393f20f176a;  D .github/.nojekyll,
Haec,haec,Languages and research,Judgement / evidence graph,?,No sufficient component assessment in this audit. This is not a claim of absence.,0ec99740a02cfcdcde3690a0ae575393f20f176a;  D .github/.nojekyll,
Haec,haec,Languages and research,Lexer,F,A related filename was enumerated. Its existence establishes neither implementation nor correctness.,0ec99740a02cfcdcde3690a0ae575393f20f176a;  D .github/.nojekyll,.github/workflows/secret-scanner.yml
Haec,haec,Languages and research,Parser,F,A related filename was enumerated. Its existence establishes neither implementation nor correctness.,0ec99740a02cfcdcde3690a0ae575393f20f176a;  D .github/.nojekyll,design/grammar.ebnf
Haec,haec,Languages and research,Elaboration / IR,F,A related filename was enumerated. Its existence establishes neither implementation nor correctness.,0ec99740a02cfcdcde3690a0ae575393f20f176a;  D .github/.nojekyll,design/elaboration.adoc
Haec,haec,Languages and research,REPL,?,No sufficient component assessment in this audit. This is not a claim of absence.,0ec99740a02cfcdcde3690a0ae575393f20f176a;  D .github/.nojekyll,
Haec,haec,Languages and research,LSP / debugger,F,A related filename was enumerated. Its existence establishes neither implementation nor correctness.,0ec99740a02cfcdcde3690a0ae575393f20f176a;  D .github/.nojekyll,lsp/STATUS.adoc
Haec,haec,Languages and research,Interpreter / runner,F,A related filename was enumerated. Its existence establishes neither implementation nor correctness.,0ec99740a02cfcdcde3690a0ae575393f20f176a;  D .github/.nojekyll,.github/workflows/runtime-policy.yml
Haec,haec,Languages and research,Meta-interpreter,?,No sufficient component assessment in this audit. This is not a claim of absence.,0ec99740a02cfcdcde3690a0ae575393f20f176a;  D .github/.nojekyll,
Haec,haec,Languages and research,Compiler / build,!,A Haec language compiler and its soundness/refinement proof are not established in this audit.,0ec99740a02cfcdcde3690a0ae575393f20f176a;  D .github/.nojekyll,compiler/STATUS.adoc; src/interface/ffi/build.zig
Haec,haec,Languages and research,Meta-compiler,F,A related filename was enumerated. Its existence establishes neither implementation nor correctness.,0ec99740a02cfcdcde3690a0ae575393f20f176a;  D .github/.nojekyll,features/ssg/ssg-bootstrap.sh
Haec,haec,Languages and research,Code generators,?,No sufficient component assessment in this audit. This is not a claim of absence.,0ec99740a02cfcdcde3690a0ae575393f20f176a;  D .github/.nojekyll,
Haec,haec,Languages and research,Coprocessor / GPU,?,No sufficient component assessment in this audit. This is not a claim of absence.,0ec99740a02cfcdcde3690a0ae575393f20f176a;  D .github/.nojekyll,
Haec,haec,Languages and research,FFI / ABI / verifier,F,A related filename was enumerated. Its existence establishes neither implementation nor correctness.,0ec99740a02cfcdcde3690a0ae575393f20f176a;  D .github/.nojekyll,.machine_readable/scripts/verification/0.3-AI-MANIFEST.a2ml; .machine_readable/scripts/verification/README.adoc; abi.ipkg
Haec,haec,Languages and research,Standard library,?,No sufficient component assessment in this audit. This is not a claim of absence.,0ec99740a02cfcdcde3690a0ae575393f20f176a;  D .github/.nojekyll,
Haec,haec,Languages and research,Aggregate library,?,No sufficient component assessment in this audit. This is not a claim of absence.,0ec99740a02cfcdcde3690a0ae575393f20f176a;  D .github/.nojekyll,
Haec,haec,Languages and research,Other libraries / packages,F,A related filename was enumerated. Its existence establishes neither implementation nor correctness.,0ec99740a02cfcdcde3690a0ae575393f20f176a;  D .github/.nojekyll,.machine_readable/6a2/ECOSYSTEM.a2ml
Haec,haec,Languages and research,Unit / conformance tests,F,A related filename was enumerated. Its existence establishes neither implementation nor correctness.,0ec99740a02cfcdcde3690a0ae575393f20f176a;  D .github/.nojekyll,src/interface/ffi/test/0.4-AI-MANIFEST.a2ml; src/interface/ffi/test/README.adoc; src/interface/ffi/test/integration_test.zig
Haec,haec,Languages and research,Property tests / fuzzing,F,A related filename was enumerated. Its existence establishes neither implementation nor correctness.,0ec99740a02cfcdcde3690a0ae575393f20f176a;  D .github/.nojekyll,tests/fuzz/README.adoc; verification/fuzzing/0.2-AI-MANIFEST.a2ml; verification/fuzzing/README.adoc
Haec,haec,Languages and research,Formal model / proofs,F,A related filename was enumerated. Its existence establishes neither implementation nor correctness.,0ec99740a02cfcdcde3690a0ae575393f20f176a;  D .github/.nojekyll,verification/proofs/0.2-AI-MANIFEST.a2ml; verification/proofs/README.adoc; verification/proofs/agda/Properties.agda
Haec,haec,Languages and research,Proof / runtime correspondence,!,A Haec language compiler and its soundness/refinement proof are not established in this audit.,0ec99740a02cfcdcde3690a0ae575393f20f176a;  D .github/.nojekyll,
Haec,haec,Languages and research,CI / security gates,F,A related filename was enumerated. Its existence establishes neither implementation nor correctness.,0ec99740a02cfcdcde3690a0ae575393f20f176a;  D .github/.nojekyll,.github/workflows/ci.yml; .github/workflows/codeql.yml; .github/workflows/dependabot-automerge.yml
Haec,haec,Languages and research,Benchmarks / measurement,F,A related filename was enumerated. Its existence establishes neither implementation nor correctness.,0ec99740a02cfcdcde3690a0ae575393f20f176a;  D .github/.nojekyll,benches/template_bench.sh; verification/benchmarks/0.2-AI-MANIFEST.a2ml; verification/benchmarks/README.adoc
Haec,haec,Languages and research,Release / packaging,F,A related filename was enumerated. Its existence establishes neither implementation nor correctness.,0ec99740a02cfcdcde3690a0ae575393f20f176a;  D .github/.nojekyll,.github/workflows/release.yml
Firmboot,firmboot,Languages and research,Syntax,D,Synchronic coherence and continuity across admitted updates. Native language/toolchain and arbitrary-code hot loading remain research directions.,fcf8e2e15cf7178818c9fe375c596956ee3ce3ce3c9; Local working tree includes an uncommitted water-leak extension; excluded from published baseline claims.,
Firmboot,firmboot,Languages and research,Semantics,D,Synchronic coherence and continuity across admitted updates. Native language/toolchain and arbitrary-code hot loading remain research directions.,fcf8e2e15cf7178818c9fe375c596956ee3ce3ce3c9; Local working tree includes an uncommitted water-leak extension; excluded from published baseline claims.,
Firmboot,firmboot,Languages and research,Type checker,I,Elixir admission/checker/model implementation and Agda/Lean contracts inspected; a reference model is not a general language runtime.,fcf8e2e15cf7178818c9fe375c596956ee3ce3ce3c9; Local working tree includes an uncommitted water-leak extension; excluded from published baseline claims.,lib/firmboot/checker.ex; lib/firmboot/model.ex; VERIFICATION.md
Firmboot,firmboot,Languages and research,Ownership / effects,F,A related filename was enumerated. Its existence establishes neither implementation nor correctness.,fcf8e2e15cf7178818c9fe375c596956ee3ce3ce3c9; Local working tree includes an uncommitted water-leak extension; excluded from published baseline claims.,proofs/lean/controls/ResetOwnership.lean
Firmboot,firmboot,Languages and research,AST,?,No sufficient component assessment in this audit. This is not a claim of absence.,fcf8e2e15cf7178818c9fe375c596956ee3ce3ce3c9; Local working tree includes an uncommitted water-leak extension; excluded from published baseline claims.,
Firmboot,firmboot,Languages and research,Judgement / evidence graph,?,No sufficient component assessment in this audit. This is not a claim of absence.,fcf8e2e15cf7178818c9fe375c596956ee3ce3ce3c9; Local working tree includes an uncommitted water-leak extension; excluded from published baseline claims.,
Firmboot,firmboot,Languages and research,Lexer,?,No sufficient component assessment in this audit. This is not a claim of absence.,fcf8e2e15cf7178818c9fe375c596956ee3ce3ce3c9; Local working tree includes an uncommitted water-leak extension; excluded from published baseline claims.,
Firmboot,firmboot,Languages and research,Parser,?,No sufficient component assessment in this audit. This is not a claim of absence.,fcf8e2e15cf7178818c9fe375c596956ee3ce3ce3c9; Local working tree includes an uncommitted water-leak extension; excluded from published baseline claims.,
Firmboot,firmboot,Languages and research,Elaboration / IR,?,No sufficient component assessment in this audit. This is not a claim of absence.,fcf8e2e15cf7178818c9fe375c596956ee3ce3ce3c9; Local working tree includes an uncommitted water-leak extension; excluded from published baseline claims.,
Firmboot,firmboot,Languages and research,REPL,F,A related filename was enumerated. Its existence establishes neither implementation nor correctness.,fcf8e2e15cf7178818c9fe375c596956ee3ce3ce3c9; Local working tree includes an uncommitted water-leak extension; excluded from published baseline claims.,proofs/lean/controls/StaleReply.lean
Firmboot,firmboot,Languages and research,LSP / debugger,?,No sufficient component assessment in this audit. This is not a claim of absence.,fcf8e2e15cf7178818c9fe375c596956ee3ce3ce3c9; Local working tree includes an uncommitted water-leak extension; excluded from published baseline claims.,
Firmboot,firmboot,Languages and research,Interpreter / runner,I,Elixir admission/checker/model implementation and Agda/Lean contracts inspected; a reference model is not a general language runtime.,fcf8e2e15cf7178818c9fe375c596956ee3ce3ce3c9; Local working tree includes an uncommitted water-leak extension; excluded from published baseline claims.,lib/firmboot/checker.ex; lib/firmboot/model.ex; VERIFICATION.md
Firmboot,firmboot,Languages and research,Meta-interpreter,?,No sufficient component assessment in this audit. This is not a claim of absence.,fcf8e2e15cf7178818c9fe375c596956ee3ce3ce3c9; Local working tree includes an uncommitted water-leak extension; excluded from published baseline claims.,
Firmboot,firmboot,Languages and research,Compiler / build,!,"Finite agreement witnesses do not prove arbitrary-run language/runtime refinement, physical uptime or arbitrary-code hot loading.",fcf8e2e15cf7178818c9fe375c596956ee3ce3ce3c9; Local working tree includes an uncommitted water-leak extension; excluded from published baseline claims.,VERIFICATION.md
Firmboot,firmboot,Languages and research,Meta-compiler,?,No sufficient component assessment in this audit. This is not a claim of absence.,fcf8e2e15cf7178818c9fe375c596956ee3ce3ce3c9; Local working tree includes an uncommitted water-leak extension; excluded from published baseline claims.,
Firmboot,firmboot,Languages and research,Code generators,?,No sufficient component assessment in this audit. This is not a claim of absence.,fcf8e2e15cf7178818c9fe375c596956ee3ce3ce3c9; Local working tree includes an uncommitted water-leak extension; excluded from published baseline claims.,
Firmboot,firmboot,Languages and research,Coprocessor / GPU,?,No sufficient component assessment in this audit. This is not a claim of absence.,fcf8e2e15cf7178818c9fe375c596956ee3ce3ce3c9; Local working tree includes an uncommitted water-leak extension; excluded from published baseline claims.,
Firmboot,firmboot,Languages and research,FFI / ABI / verifier,F,A related filename was enumerated. Its existence establishes neither implementation nor correctness.,fcf8e2e15cf7178818c9fe375c596956ee3ce3ce3c9; Local working tree includes an uncommitted water-leak extension; excluded from published baseline claims.,VERIFICATION.md
Firmboot,firmboot,Languages and research,Standard library,?,No sufficient component assessment in this audit. This is not a claim of absence.,fcf8e2e15cf7178818c9fe375c596956ee3ce3ce3c9; Local working tree includes an uncommitted water-leak extension; excluded from published baseline claims.,
Firmboot,firmboot,Languages and research,Aggregate library,?,No sufficient component assessment in this audit. This is not a claim of absence.,fcf8e2e15cf7178818c9fe375c596956ee3ce3ce3c9; Local working tree includes an uncommitted water-leak extension; excluded from published baseline claims.,
Firmboot,firmboot,Languages and research,Other libraries / packages,?,No sufficient component assessment in this audit. This is not a claim of absence.,fcf8e2e15cf7178818c9fe375c596956ee3ce3ce3c9; Local working tree includes an uncommitted water-leak extension; excluded from published baseline claims.,
Firmboot,firmboot,Languages and research,Unit / conformance tests,T,"43 Elixir tests passed in the local working tree, including its uncommitted water-leak extension. This is explicitly local evidence, not evidence for only the published baseline.",fcf8e2e15cf7178818c9fe375c596956ee3ce3ce3c9; Local working tree includes an uncommitted water-leak extension; excluded from published baseline claims.,test/firmboot/model_test.exs; test/firmboot/live_test.exs
Firmboot,firmboot,Languages and research,Property tests / fuzzing,?,No sufficient component assessment in this audit. This is not a claim of absence.,fcf8e2e15cf7178818c9fe375c596956ee3ce3ce3c9; Local working tree includes an uncommitted water-leak extension; excluded from published baseline claims.,
Firmboot,firmboot,Languages and research,Formal model / proofs,I,Safe Agda/Lean model and real rejection/axiom-audit harnesses reviewed. Fresh proof runs were not performed for this atlas.,fcf8e2e15cf7178818c9fe375c596956ee3ce3ce3c9; Local working tree includes an uncommitted water-leak extension; excluded from published baseline claims.,proofs/agda/Firmboot/All.agda; proofs/lean/AuditPolicy.lean
Firmboot,firmboot,Languages and research,Proof / runtime correspondence,!,"Finite agreement witnesses do not prove arbitrary-run language/runtime refinement, physical uptime or arbitrary-code hot loading.",fcf8e2e15cf7178818c9fe375c596956ee3ce3ce3c9; Local working tree includes an uncommitted water-leak extension; excluded from published baseline claims.,VERIFICATION.md
Firmboot,firmboot,Languages and research,CI / security gates,F,A related filename was enumerated. Its existence establishes neither implementation nor correctness.,fcf8e2e15cf7178818c9fe375c596956ee3ce3ce3c9; Local working tree includes an uncommitted water-leak extension; excluded from published baseline claims.,.github/workflows/secrets.yml; .github/workflows/security.yml; .github/workflows/verify.yml
Firmboot,firmboot,Languages and research,Benchmarks / measurement,?,No sufficient component assessment in this audit. This is not a claim of absence.,fcf8e2e15cf7178818c9fe375c596956ee3ce3ce3c9; Local working tree includes an uncommitted water-leak extension; excluded from published baseline claims.,
Firmboot,firmboot,Languages and research,Release / packaging,?,No sufficient component assessment in this audit. This is not a claim of absence.,fcf8e2e15cf7178818c9fe375c596956ee3ce3ce3c9; Local working tree includes an uncommitted water-leak extension; excluded from published baseline claims.,
007 / 007-lang,007,Languages and research,Syntax,X,Private implementation details are deliberately not included in the public atlas.,Private scope,
007 / 007-lang,007,Languages and research,Semantics,X,Private implementation details are deliberately not included in the public atlas.,Private scope,
007 / 007-lang,007,Languages and research,Type checker,X,Private implementation details are deliberately not included in the public atlas.,Private scope,
007 / 007-lang,007,Languages and research,Ownership / effects,X,Private implementation details are deliberately not included in the public atlas.,Private scope,
007 / 007-lang,007,Languages and research,AST,X,Private implementation details are deliberately not included in the public atlas.,Private scope,
007 / 007-lang,007,Languages and research,Judgement / evidence graph,X,Private implementation details are deliberately not included in the public atlas.,Private scope,
007 / 007-lang,007,Languages and research,Lexer,X,Private implementation details are deliberately not included in the public atlas.,Private scope,
007 / 007-lang,007,Languages and research,Parser,X,Private implementation details are deliberately not included in the public atlas.,Private scope,
007 / 007-lang,007,Languages and research,Elaboration / IR,X,Private implementation details are deliberately not included in the public atlas.,Private scope,
007 / 007-lang,007,Languages and research,REPL,X,Private implementation details are deliberately not included in the public atlas.,Private scope,
007 / 007-lang,007,Languages and research,LSP / debugger,X,Private implementation details are deliberately not included in the public atlas.,Private scope,
007 / 007-lang,007,Languages and research,Interpreter / runner,X,Private implementation details are deliberately not included in the public atlas.,Private scope,
007 / 007-lang,007,Languages and research,Meta-interpreter,X,Private implementation details are deliberately not included in the public atlas.,Private scope,
007 / 007-lang,007,Languages and research,Compiler / build,X,Private implementation details are deliberately not included in the public atlas.,Private scope,
007 / 007-lang,007,Languages and research,Meta-compiler,X,Private implementation details are deliberately not included in the public atlas.,Private scope,
007 / 007-lang,007,Languages and research,Code generators,X,Private implementation details are deliberately not included in the public atlas.,Private scope,
007 / 007-lang,007,Languages and research,Coprocessor / GPU,X,Private implementation details are deliberately not included in the public atlas.,Private scope,
007 / 007-lang,007,Languages and research,FFI / ABI / verifier,X,Private implementation details are deliberately not included in the public atlas.,Private scope,
007 / 007-lang,007,Languages and research,Standard library,X,Private implementation details are deliberately not included in the public atlas.,Private scope,
007 / 007-lang,007,Languages and research,Aggregate library,X,Private implementation details are deliberately not included in the public atlas.,Private scope,
007 / 007-lang,007,Languages and research,Other libraries / packages,X,Private implementation details are deliberately not included in the public atlas.,Private scope,
007 / 007-lang,007,Languages and research,Unit / conformance tests,X,Private implementation details are deliberately not included in the public atlas.,Private scope,
007 / 007-lang,007,Languages and research,Property tests / fuzzing,X,Private implementation details are deliberately not included in the public atlas.,Private scope,
007 / 007-lang,007,Languages and research,Formal model / proofs,X,Private implementation details are deliberately not included in the public atlas.,Private scope,
007 / 007-lang,007,Languages and research,Proof / runtime correspondence,X,Private implementation details are deliberately not included in the public atlas.,Private scope,
007 / 007-lang,007,Languages and research,CI / security gates,X,Private implementation details are deliberately not included in the public atlas.,Private scope,
007 / 007-lang,007,Languages and research,Benchmarks / measurement,X,Private implementation details are deliberately not included in the public atlas.,Private scope,
007 / 007-lang,007,Languages and research,Release / packaging,X,Private implementation details are deliberately not included in the public atlas.,Private scope,
My: Solo,my-lang,Faces and foundations,Syntax,R,"Refer to My family/shared core and the dialect-specific proof registry. The 25 QTT tests are shared-core evidence, not three independent dialect certifications.",097c017dc1367c00f52695db5209b5a65aed6512; ## main...origin/main,
My: Solo,my-lang,Faces and foundations,Semantics,R,"Refer to My family/shared core and the dialect-specific proof registry. The 25 QTT tests are shared-core evidence, not three independent dialect certifications.",097c017dc1367c00f52695db5209b5a65aed6512; ## main...origin/main,
My: Solo,my-lang,Faces and foundations,Type checker,R,"Refer to My family/shared core and the dialect-specific proof registry. The 25 QTT tests are shared-core evidence, not three independent dialect certifications.",097c017dc1367c00f52695db5209b5a65aed6512; ## main...origin/main,
My: Solo,my-lang,Faces and foundations,Ownership / effects,R,"Refer to My family/shared core and the dialect-specific proof registry. The 25 QTT tests are shared-core evidence, not three independent dialect certifications.",097c017dc1367c00f52695db5209b5a65aed6512; ## main...origin/main,
My: Solo,my-lang,Faces and foundations,AST,R,"Refer to My family/shared core and the dialect-specific proof registry. The 25 QTT tests are shared-core evidence, not three independent dialect certifications.",097c017dc1367c00f52695db5209b5a65aed6512; ## main...origin/main,
My: Solo,my-lang,Faces and foundations,Judgement / evidence graph,?,No sufficient component assessment in this audit. This is not a claim of absence.,097c017dc1367c00f52695db5209b5a65aed6512; ## main...origin/main,
My: Solo,my-lang,Faces and foundations,Lexer,R,"Refer to My family/shared core and the dialect-specific proof registry. The 25 QTT tests are shared-core evidence, not three independent dialect certifications.",097c017dc1367c00f52695db5209b5a65aed6512; ## main...origin/main,
My: Solo,my-lang,Faces and foundations,Parser,R,"Refer to My family/shared core and the dialect-specific proof registry. The 25 QTT tests are shared-core evidence, not three independent dialect certifications.",097c017dc1367c00f52695db5209b5a65aed6512; ## main...origin/main,
My: Solo,my-lang,Faces and foundations,Elaboration / IR,R,"Refer to My family/shared core and the dialect-specific proof registry. The 25 QTT tests are shared-core evidence, not three independent dialect certifications.",097c017dc1367c00f52695db5209b5a65aed6512; ## main...origin/main,
My: Solo,my-lang,Faces and foundations,REPL,R,"Refer to My family/shared core and the dialect-specific proof registry. The 25 QTT tests are shared-core evidence, not three independent dialect certifications.",097c017dc1367c00f52695db5209b5a65aed6512; ## main...origin/main,
My: Solo,my-lang,Faces and foundations,LSP / debugger,R,"Refer to My family/shared core and the dialect-specific proof registry. The 25 QTT tests are shared-core evidence, not three independent dialect certifications.",097c017dc1367c00f52695db5209b5a65aed6512; ## main...origin/main,
My: Solo,my-lang,Faces and foundations,Interpreter / runner,R,"Refer to My family/shared core and the dialect-specific proof registry. The 25 QTT tests are shared-core evidence, not three independent dialect certifications.",097c017dc1367c00f52695db5209b5a65aed6512; ## main...origin/main,
My: Solo,my-lang,Faces and foundations,Meta-interpreter,?,No sufficient component assessment in this audit. This is not a claim of absence.,097c017dc1367c00f52695db5209b5a65aed6512; ## main...origin/main,
My: Solo,my-lang,Faces and foundations,Compiler / build,R,"Refer to My family/shared core and the dialect-specific proof registry. The 25 QTT tests are shared-core evidence, not three independent dialect certifications.",097c017dc1367c00f52695db5209b5a65aed6512; ## main...origin/main,
My: Solo,my-lang,Faces and foundations,Meta-compiler,?,No sufficient component assessment in this audit. This is not a claim of absence.,097c017dc1367c00f52695db5209b5a65aed6512; ## main...origin/main,
My: Solo,my-lang,Faces and foundations,Code generators,R,"Refer to My family/shared core and the dialect-specific proof registry. The 25 QTT tests are shared-core evidence, not three independent dialect certifications.",097c017dc1367c00f52695db5209b5a65aed6512; ## main...origin/main,
My: Solo,my-lang,Faces and foundations,Coprocessor / GPU,?,No sufficient component assessment in this audit. This is not a claim of absence.,097c017dc1367c00f52695db5209b5a65aed6512; ## main...origin/main,
My: Solo,my-lang,Faces and foundations,FFI / ABI / verifier,?,No sufficient component assessment in this audit. This is not a claim of absence.,097c017dc1367c00f52695db5209b5a65aed6512; ## main...origin/main,
My: Solo,my-lang,Faces and foundations,Standard library,R,"Refer to My family/shared core and the dialect-specific proof registry. The 25 QTT tests are shared-core evidence, not three independent dialect certifications.",097c017dc1367c00f52695db5209b5a65aed6512; ## main...origin/main,
My: Solo,my-lang,Faces and foundations,Aggregate library,?,No sufficient component assessment in this audit. This is not a claim of absence.,097c017dc1367c00f52695db5209b5a65aed6512; ## main...origin/main,
My: Solo,my-lang,Faces and foundations,Other libraries / packages,?,No sufficient component assessment in this audit. This is not a claim of absence.,097c017dc1367c00f52695db5209b5a65aed6512; ## main...origin/main,
My: Solo,my-lang,Faces and foundations,Unit / conformance tests,R,"Refer to My family/shared core and the dialect-specific proof registry. The 25 QTT tests are shared-core evidence, not three independent dialect certifications.",097c017dc1367c00f52695db5209b5a65aed6512; ## main...origin/main,
My: Solo,my-lang,Faces and foundations,Property tests / fuzzing,?,No sufficient component assessment in this audit. This is not a claim of absence.,097c017dc1367c00f52695db5209b5a65aed6512; ## main...origin/main,
My: Solo,my-lang,Faces and foundations,Formal model / proofs,R,"Refer to My family/shared core and the dialect-specific proof registry. The 25 QTT tests are shared-core evidence, not three independent dialect certifications.",097c017dc1367c00f52695db5209b5a65aed6512; ## main...origin/main,
My: Solo,my-lang,Faces and foundations,Proof / runtime correspondence,R,"Refer to My family/shared core and the dialect-specific proof registry. The 25 QTT tests are shared-core evidence, not three independent dialect certifications.",097c017dc1367c00f52695db5209b5a65aed6512; ## main...origin/main,
My: Solo,my-lang,Faces and foundations,CI / security gates,?,No sufficient component assessment in this audit. This is not a claim of absence.,097c017dc1367c00f52695db5209b5a65aed6512; ## main...origin/main,
My: Solo,my-lang,Faces and foundations,Benchmarks / measurement,?,No sufficient component assessment in this audit. This is not a claim of absence.,097c017dc1367c00f52695db5209b5a65aed6512; ## main...origin/main,
My: Solo,my-lang,Faces and foundations,Release / packaging,?,No sufficient component assessment in this audit. This is not a claim of absence.,097c017dc1367c00f52695db5209b5a65aed6512; ## main...origin/main,
My: Duet,my-lang,Faces and foundations,Syntax,R,"Refer to My family/shared core and the dialect-specific proof registry. The 25 QTT tests are shared-core evidence, not three independent dialect certifications.",097c017dc1367c00f52695db5209b5a65aed6512; ## main...origin/main,
My: Duet,my-lang,Faces and foundations,Semantics,R,"Refer to My family/shared core and the dialect-specific proof registry. The 25 QTT tests are shared-core evidence, not three independent dialect certifications.",097c017dc1367c00f52695db5209b5a65aed6512; ## main...origin/main,
My: Duet,my-lang,Faces and foundations,Type checker,R,"Refer to My family/shared core and the dialect-specific proof registry. The 25 QTT tests are shared-core evidence, not three independent dialect certifications.",097c017dc1367c00f52695db5209b5a65aed6512; ## main...origin/main,
My: Duet,my-lang,Faces and foundations,Ownership / effects,R,"Refer to My family/shared core and the dialect-specific proof registry. The 25 QTT tests are shared-core evidence, not three independent dialect certifications.",097c017dc1367c00f52695db5209b5a65aed6512; ## main...origin/main,
My: Duet,my-lang,Faces and foundations,AST,R,"Refer to My family/shared core and the dialect-specific proof registry. The 25 QTT tests are shared-core evidence, not three independent dialect certifications.",097c017dc1367c00f52695db5209b5a65aed6512; ## main...origin/main,
My: Duet,my-lang,Faces and foundations,Judgement / evidence graph,?,No sufficient component assessment in this audit. This is not a claim of absence.,097c017dc1367c00f52695db5209b5a65aed6512; ## main...origin/main,
My: Duet,my-lang,Faces and foundations,Lexer,R,"Refer to My family/shared core and the dialect-specific proof registry. The 25 QTT tests are shared-core evidence, not three independent dialect certifications.",097c017dc1367c00f52695db5209b5a65aed6512; ## main...origin/main,
My: Duet,my-lang,Faces and foundations,Parser,R,"Refer to My family/shared core and the dialect-specific proof registry. The 25 QTT tests are shared-core evidence, not three independent dialect certifications.",097c017dc1367c00f52695db5209b5a65aed6512; ## main...origin/main,
My: Duet,my-lang,Faces and foundations,Elaboration / IR,R,"Refer to My family/shared core and the dialect-specific proof registry. The 25 QTT tests are shared-core evidence, not three independent dialect certifications.",097c017dc1367c00f52695db5209b5a65aed6512; ## main...origin/main,
My: Duet,my-lang,Faces and foundations,REPL,R,"Refer to My family/shared core and the dialect-specific proof registry. The 25 QTT tests are shared-core evidence, not three independent dialect certifications.",097c017dc1367c00f52695db5209b5a65aed6512; ## main...origin/main,
My: Duet,my-lang,Faces and foundations,LSP / debugger,R,"Refer to My family/shared core and the dialect-specific proof registry. The 25 QTT tests are shared-core evidence, not three independent dialect certifications.",097c017dc1367c00f52695db5209b5a65aed6512; ## main...origin/main,
My: Duet,my-lang,Faces and foundations,Interpreter / runner,R,"Refer to My family/shared core and the dialect-specific proof registry. The 25 QTT tests are shared-core evidence, not three independent dialect certifications.",097c017dc1367c00f52695db5209b5a65aed6512; ## main...origin/main,
My: Duet,my-lang,Faces and foundations,Meta-interpreter,?,No sufficient component assessment in this audit. This is not a claim of absence.,097c017dc1367c00f52695db5209b5a65aed6512; ## main...origin/main,
My: Duet,my-lang,Faces and foundations,Compiler / build,R,"Refer to My family/shared core and the dialect-specific proof registry. The 25 QTT tests are shared-core evidence, not three independent dialect certifications.",097c017dc1367c00f52695db5209b5a65aed6512; ## main...origin/main,
My: Duet,my-lang,Faces and foundations,Meta-compiler,?,No sufficient component assessment in this audit. This is not a claim of absence.,097c017dc1367c00f52695db5209b5a65aed6512; ## main...origin/main,
My: Duet,my-lang,Faces and foundations,Code generators,R,"Refer to My family/shared core and the dialect-specific proof registry. The 25 QTT tests are shared-core evidence, not three independent dialect certifications.",097c017dc1367c00f52695db5209b5a65aed6512; ## main...origin/main,
My: Duet,my-lang,Faces and foundations,Coprocessor / GPU,?,No sufficient component assessment in this audit. This is not a claim of absence.,097c017dc1367c00f52695db5209b5a65aed6512; ## main...origin/main,
My: Duet,my-lang,Faces and foundations,FFI / ABI / verifier,?,No sufficient component assessment in this audit. This is not a claim of absence.,097c017dc1367c00f52695db5209b5a65aed6512; ## main...origin/main,
My: Duet,my-lang,Faces and foundations,Standard library,R,"Refer to My family/shared core and the dialect-specific proof registry. The 25 QTT tests are shared-core evidence, not three independent dialect certifications.",097c017dc1367c00f52695db5209b5a65aed6512; ## main...origin/main,
My: Duet,my-lang,Faces and foundations,Aggregate library,?,No sufficient component assessment in this audit. This is not a claim of absence.,097c017dc1367c00f52695db5209b5a65aed6512; ## main...origin/main,
My: Duet,my-lang,Faces and foundations,Other libraries / packages,?,No sufficient component assessment in this audit. This is not a claim of absence.,097c017dc1367c00f52695db5209b5a65aed6512; ## main...origin/main,
My: Duet,my-lang,Faces and foundations,Unit / conformance tests,R,"Refer to My family/shared core and the dialect-specific proof registry. The 25 QTT tests are shared-core evidence, not three independent dialect certifications.",097c017dc1367c00f52695db5209b5a65aed6512; ## main...origin/main,
My: Duet,my-lang,Faces and foundations,Property tests / fuzzing,?,No sufficient component assessment in this audit. This is not a claim of absence.,097c017dc1367c00f52695db5209b5a65aed6512; ## main...origin/main,
My: Duet,my-lang,Faces and foundations,Formal model / proofs,R,"Refer to My family/shared core and the dialect-specific proof registry. The 25 QTT tests are shared-core evidence, not three independent dialect certifications.",097c017dc1367c00f52695db5209b5a65aed6512; ## main...origin/main,
My: Duet,my-lang,Faces and foundations,Proof / runtime correspondence,R,"Refer to My family/shared core and the dialect-specific proof registry. The 25 QTT tests are shared-core evidence, not three independent dialect certifications.",097c017dc1367c00f52695db5209b5a65aed6512; ## main...origin/main,
My: Duet,my-lang,Faces and foundations,CI / security gates,?,No sufficient component assessment in this audit. This is not a claim of absence.,097c017dc1367c00f52695db5209b5a65aed6512; ## main...origin/main,
My: Duet,my-lang,Faces and foundations,Benchmarks / measurement,?,No sufficient component assessment in this audit. This is not a claim of absence.,097c017dc1367c00f52695db5209b5a65aed6512; ## main...origin/main,
My: Duet,my-lang,Faces and foundations,Release / packaging,?,No sufficient component assessment in this audit. This is not a claim of absence.,097c017dc1367c00f52695db5209b5a65aed6512; ## main...origin/main,
My: Ensemble,my-lang,Faces and foundations,Syntax,R,"Refer to My family/shared core and the dialect-specific proof registry. The 25 QTT tests are shared-core evidence, not three independent dialect certifications.",097c017dc1367c00f52695db5209b5a65aed6512; ## main...origin/main,
My: Ensemble,my-lang,Faces and foundations,Semantics,R,"Refer to My family/shared core and the dialect-specific proof registry. The 25 QTT tests are shared-core evidence, not three independent dialect certifications.",097c017dc1367c00f52695db5209b5a65aed6512; ## main...origin/main,
My: Ensemble,my-lang,Faces and foundations,Type checker,R,"Refer to My family/shared core and the dialect-specific proof registry. The 25 QTT tests are shared-core evidence, not three independent dialect certifications.",097c017dc1367c00f52695db5209b5a65aed6512; ## main...origin/main,
My: Ensemble,my-lang,Faces and foundations,Ownership / effects,R,"Refer to My family/shared core and the dialect-specific proof registry. The 25 QTT tests are shared-core evidence, not three independent dialect certifications.",097c017dc1367c00f52695db5209b5a65aed6512; ## main...origin/main,
My: Ensemble,my-lang,Faces and foundations,AST,R,"Refer to My family/shared core and the dialect-specific proof registry. The 25 QTT tests are shared-core evidence, not three independent dialect certifications.",097c017dc1367c00f52695db5209b5a65aed6512; ## main...origin/main,
My: Ensemble,my-lang,Faces and foundations,Judgement / evidence graph,?,No sufficient component assessment in this audit. This is not a claim of absence.,097c017dc1367c00f52695db5209b5a65aed6512; ## main...origin/main,
My: Ensemble,my-lang,Faces and foundations,Lexer,R,"Refer to My family/shared core and the dialect-specific proof registry. The 25 QTT tests are shared-core evidence, not three independent dialect certifications.",097c017dc1367c00f52695db5209b5a65aed6512; ## main...origin/main,
My: Ensemble,my-lang,Faces and foundations,Parser,R,"Refer to My family/shared core and the dialect-specific proof registry. The 25 QTT tests are shared-core evidence, not three independent dialect certifications.",097c017dc1367c00f52695db5209b5a65aed6512; ## main...origin/main,
My: Ensemble,my-lang,Faces and foundations,Elaboration / IR,R,"Refer to My family/shared core and the dialect-specific proof registry. The 25 QTT tests are shared-core evidence, not three independent dialect certifications.",097c017dc1367c00f52695db5209b5a65aed6512; ## main...origin/main,
My: Ensemble,my-lang,Faces and foundations,REPL,R,"Refer to My family/shared core and the dialect-specific proof registry. The 25 QTT tests are shared-core evidence, not three independent dialect certifications.",097c017dc1367c00f52695db5209b5a65aed6512; ## main...origin/main,
My: Ensemble,my-lang,Faces and foundations,LSP / debugger,R,"Refer to My family/shared core and the dialect-specific proof registry. The 25 QTT tests are shared-core evidence, not three independent dialect certifications.",097c017dc1367c00f52695db5209b5a65aed6512; ## main...origin/main,
My: Ensemble,my-lang,Faces and foundations,Interpreter / runner,R,"Refer to My family/shared core and the dialect-specific proof registry. The 25 QTT tests are shared-core evidence, not three independent dialect certifications.",097c017dc1367c00f52695db5209b5a65aed6512; ## main...origin/main,
My: Ensemble,my-lang,Faces and foundations,Meta-interpreter,?,No sufficient component assessment in this audit. This is not a claim of absence.,097c017dc1367c00f52695db5209b5a65aed6512; ## main...origin/main,
My: Ensemble,my-lang,Faces and foundations,Compiler / build,R,"Refer to My family/shared core and the dialect-specific proof registry. The 25 QTT tests are shared-core evidence, not three independent dialect certifications.",097c017dc1367c00f52695db5209b5a65aed6512; ## main...origin/main,
My: Ensemble,my-lang,Faces and foundations,Meta-compiler,?,No sufficient component assessment in this audit. This is not a claim of absence.,097c017dc1367c00f52695db5209b5a65aed6512; ## main...origin/main,
My: Ensemble,my-lang,Faces and foundations,Code generators,R,"Refer to My family/shared core and the dialect-specific proof registry. The 25 QTT tests are shared-core evidence, not three independent dialect certifications.",097c017dc1367c00f52695db5209b5a65aed6512; ## main...origin/main,
My: Ensemble,my-lang,Faces and foundations,Coprocessor / GPU,?,No sufficient component assessment in this audit. This is not a claim of absence.,097c017dc1367c00f52695db5209b5a65aed6512; ## main...origin/main,
My: Ensemble,my-lang,Faces and foundations,FFI / ABI / verifier,?,No sufficient component assessment in this audit. This is not a claim of absence.,097c017dc1367c00f52695db5209b5a65aed6512; ## main...origin/main,
My: Ensemble,my-lang,Faces and foundations,Standard library,R,"Refer to My family/shared core and the dialect-specific proof registry. The 25 QTT tests are shared-core evidence, not three independent dialect certifications.",097c017dc1367c00f52695db5209b5a65aed6512; ## main...origin/main,
My: Ensemble,my-lang,Faces and foundations,Aggregate library,?,No sufficient component assessment in this audit. This is not a claim of absence.,097c017dc1367c00f52695db5209b5a65aed6512; ## main...origin/main,
My: Ensemble,my-lang,Faces and foundations,Other libraries / packages,?,No sufficient component assessment in this audit. This is not a claim of absence.,097c017dc1367c00f52695db5209b5a65aed6512; ## main...origin/main,
My: Ensemble,my-lang,Faces and foundations,Unit / conformance tests,R,"Refer to My family/shared core and the dialect-specific proof registry. The 25 QTT tests are shared-core evidence, not three independent dialect certifications.",097c017dc1367c00f52695db5209b5a65aed6512; ## main...origin/main,
My: Ensemble,my-lang,Faces and foundations,Property tests / fuzzing,?,No sufficient component assessment in this audit. This is not a claim of absence.,097c017dc1367c00f52695db5209b5a65aed6512; ## main...origin/main,
My: Ensemble,my-lang,Faces and foundations,Formal model / proofs,R,"Refer to My family/shared core and the dialect-specific proof registry. The 25 QTT tests are shared-core evidence, not three independent dialect certifications.",097c017dc1367c00f52695db5209b5a65aed6512; ## main...origin/main,
My: Ensemble,my-lang,Faces and foundations,Proof / runtime correspondence,R,"Refer to My family/shared core and the dialect-specific proof registry. The 25 QTT tests are shared-core evidence, not three independent dialect certifications.",097c017dc1367c00f52695db5209b5a65aed6512; ## main...origin/main,
My: Ensemble,my-lang,Faces and foundations,CI / security gates,?,No sufficient component assessment in this audit. This is not a claim of absence.,097c017dc1367c00f52695db5209b5a65aed6512; ## main...origin/main,
My: Ensemble,my-lang,Faces and foundations,Benchmarks / measurement,?,No sufficient component assessment in this audit. This is not a claim of absence.,097c017dc1367c00f52695db5209b5a65aed6512; ## main...origin/main,
My: Ensemble,my-lang,Faces and foundations,Release / packaging,?,No sufficient component assessment in this audit. This is not a claim of absence.,097c017dc1367c00f52695db5209b5a65aed6512; ## main...origin/main,
Me projection,me-dialect,Faces and foundations,Syntax,R,Projection into the My family. Surface-to-core preservation must be tied to the specific local/published proof snapshot.,2cae8355ac1309cc738d1e2060938cd81b4b2b5c; ## main...origin/main [ahead 4],
Me projection,me-dialect,Faces and foundations,Semantics,R,Projection into the My family. Surface-to-core preservation must be tied to the specific local/published proof snapshot.,2cae8355ac1309cc738d1e2060938cd81b4b2b5c; ## main...origin/main [ahead 4],
Me projection,me-dialect,Faces and foundations,Type checker,R,Projection into the My family. Surface-to-core preservation must be tied to the specific local/published proof snapshot.,2cae8355ac1309cc738d1e2060938cd81b4b2b5c; ## main...origin/main [ahead 4],
Me projection,me-dialect,Faces and foundations,Ownership / effects,?,No sufficient component assessment in this audit. This is not a claim of absence.,2cae8355ac1309cc738d1e2060938cd81b4b2b5c; ## main...origin/main [ahead 4],
Me projection,me-dialect,Faces and foundations,AST,R,Projection into the My family. Surface-to-core preservation must be tied to the specific local/published proof snapshot.,2cae8355ac1309cc738d1e2060938cd81b4b2b5c; ## main...origin/main [ahead 4],
Me projection,me-dialect,Faces and foundations,Judgement / evidence graph,?,No sufficient component assessment in this audit. This is not a claim of absence.,2cae8355ac1309cc738d1e2060938cd81b4b2b5c; ## main...origin/main [ahead 4],
Me projection,me-dialect,Faces and foundations,Lexer,R,Projection into the My family. Surface-to-core preservation must be tied to the specific local/published proof snapshot.,2cae8355ac1309cc738d1e2060938cd81b4b2b5c; ## main...origin/main [ahead 4],
Me projection,me-dialect,Faces and foundations,Parser,R,Projection into the My family. Surface-to-core preservation must be tied to the specific local/published proof snapshot.,2cae8355ac1309cc738d1e2060938cd81b4b2b5c; ## main...origin/main [ahead 4],
Me projection,me-dialect,Faces and foundations,Elaboration / IR,R,Projection into the My family. Surface-to-core preservation must be tied to the specific local/published proof snapshot.,2cae8355ac1309cc738d1e2060938cd81b4b2b5c; ## main...origin/main [ahead 4],
Me projection,me-dialect,Faces and foundations,REPL,?,No sufficient component assessment in this audit. This is not a claim of absence.,2cae8355ac1309cc738d1e2060938cd81b4b2b5c; ## main...origin/main [ahead 4],
Me projection,me-dialect,Faces and foundations,LSP / debugger,?,No sufficient component assessment in this audit. This is not a claim of absence.,2cae8355ac1309cc738d1e2060938cd81b4b2b5c; ## main...origin/main [ahead 4],
Me projection,me-dialect,Faces and foundations,Interpreter / runner,R,Projection into the My family. Surface-to-core preservation must be tied to the specific local/published proof snapshot.,2cae8355ac1309cc738d1e2060938cd81b4b2b5c; ## main...origin/main [ahead 4],
Me projection,me-dialect,Faces and foundations,Meta-interpreter,?,No sufficient component assessment in this audit. This is not a claim of absence.,2cae8355ac1309cc738d1e2060938cd81b4b2b5c; ## main...origin/main [ahead 4],
Me projection,me-dialect,Faces and foundations,Compiler / build,R,Projection into the My family. Surface-to-core preservation must be tied to the specific local/published proof snapshot.,2cae8355ac1309cc738d1e2060938cd81b4b2b5c; ## main...origin/main [ahead 4],
Me projection,me-dialect,Faces and foundations,Meta-compiler,?,No sufficient component assessment in this audit. This is not a claim of absence.,2cae8355ac1309cc738d1e2060938cd81b4b2b5c; ## main...origin/main [ahead 4],
Me projection,me-dialect,Faces and foundations,Code generators,?,No sufficient component assessment in this audit. This is not a claim of absence.,2cae8355ac1309cc738d1e2060938cd81b4b2b5c; ## main...origin/main [ahead 4],
Me projection,me-dialect,Faces and foundations,Coprocessor / GPU,?,No sufficient component assessment in this audit. This is not a claim of absence.,2cae8355ac1309cc738d1e2060938cd81b4b2b5c; ## main...origin/main [ahead 4],
Me projection,me-dialect,Faces and foundations,FFI / ABI / verifier,?,No sufficient component assessment in this audit. This is not a claim of absence.,2cae8355ac1309cc738d1e2060938cd81b4b2b5c; ## main...origin/main [ahead 4],
Me projection,me-dialect,Faces and foundations,Standard library,?,No sufficient component assessment in this audit. This is not a claim of absence.,2cae8355ac1309cc738d1e2060938cd81b4b2b5c; ## main...origin/main [ahead 4],
Me projection,me-dialect,Faces and foundations,Aggregate library,?,No sufficient component assessment in this audit. This is not a claim of absence.,2cae8355ac1309cc738d1e2060938cd81b4b2b5c; ## main...origin/main [ahead 4],
Me projection,me-dialect,Faces and foundations,Other libraries / packages,?,No sufficient component assessment in this audit. This is not a claim of absence.,2cae8355ac1309cc738d1e2060938cd81b4b2b5c; ## main...origin/main [ahead 4],
Me projection,me-dialect,Faces and foundations,Unit / conformance tests,?,No sufficient component assessment in this audit. This is not a claim of absence.,2cae8355ac1309cc738d1e2060938cd81b4b2b5c; ## main...origin/main [ahead 4],
Me projection,me-dialect,Faces and foundations,Property tests / fuzzing,?,No sufficient component assessment in this audit. This is not a claim of absence.,2cae8355ac1309cc738d1e2060938cd81b4b2b5c; ## main...origin/main [ahead 4],
Me projection,me-dialect,Faces and foundations,Formal model / proofs,R,Projection into the My family. Surface-to-core preservation must be tied to the specific local/published proof snapshot.,2cae8355ac1309cc738d1e2060938cd81b4b2b5c; ## main...origin/main [ahead 4],
Me projection,me-dialect,Faces and foundations,Proof / runtime correspondence,R,Projection into the My family. Surface-to-core preservation must be tied to the specific local/published proof snapshot.,2cae8355ac1309cc738d1e2060938cd81b4b2b5c; ## main...origin/main [ahead 4],
Me projection,me-dialect,Faces and foundations,CI / security gates,?,No sufficient component assessment in this audit. This is not a claim of absence.,2cae8355ac1309cc738d1e2060938cd81b4b2b5c; ## main...origin/main [ahead 4],
Me projection,me-dialect,Faces and foundations,Benchmarks / measurement,?,No sufficient component assessment in this audit. This is not a claim of absence.,2cae8355ac1309cc738d1e2060938cd81b4b2b5c; ## main...origin/main [ahead 4],
Me projection,me-dialect,Faces and foundations,Release / packaging,?,No sufficient component assessment in this audit. This is not a claim of absence.,2cae8355ac1309cc738d1e2060938cd81b4b2b5c; ## main...origin/main [ahead 4],
rattlescript,rattlescript,Faces and foundations,Syntax,?,No sufficient component assessment in this audit. This is not a claim of absence.,9f91255e21790d9e6c4ccce61e97491c2761925a; ## main...origin/main [ahead 2],
rattlescript,rattlescript,Faces and foundations,Semantics,R,Canonical AffineScript v2 is the semantic reference; this face does not inherit v1 refinement features or a separately checked compiler proof.,9f91255e21790d9e6c4ccce61e97491c2761925a; ## main...origin/main [ahead 2],
rattlescript,rattlescript,Faces and foundations,Type checker,R,Canonical AffineScript v2 is the semantic reference; this face does not inherit v1 refinement features or a separately checked compiler proof.,9f91255e21790d9e6c4ccce61e97491c2761925a; ## main...origin/main [ahead 2],
rattlescript,rattlescript,Faces and foundations,Ownership / effects,R,Canonical AffineScript v2 is the semantic reference; this face does not inherit v1 refinement features or a separately checked compiler proof.,9f91255e21790d9e6c4ccce61e97491c2761925a; ## main...origin/main [ahead 2],.affinescript-pin; docs/governance/audit/effects/0.3-AI-MANIFEST.a2ml; docs/governance/audit/effects/README.adoc
rattlescript,rattlescript,Faces and foundations,AST,?,No sufficient component assessment in this audit. This is not a claim of absence.,9f91255e21790d9e6c4ccce61e97491c2761925a; ## main...origin/main [ahead 2],
rattlescript,rattlescript,Faces and foundations,Judgement / evidence graph,?,No sufficient component assessment in this audit. This is not a claim of absence.,9f91255e21790d9e6c4ccce61e97491c2761925a; ## main...origin/main [ahead 2],
rattlescript,rattlescript,Faces and foundations,Lexer,F,A related filename was enumerated. Its existence establishes neither implementation nor correctness.,9f91255e21790d9e6c4ccce61e97491c2761925a; ## main...origin/main [ahead 2],.github/workflows/secret-scanner.yml
rattlescript,rattlescript,Faces and foundations,Parser,?,No sufficient component assessment in this audit. This is not a claim of absence.,9f91255e21790d9e6c4ccce61e97491c2761925a; ## main...origin/main [ahead 2],
rattlescript,rattlescript,Faces and foundations,Elaboration / IR,?,No sufficient component assessment in this audit. This is not a claim of absence.,9f91255e21790d9e6c4ccce61e97491c2761925a; ## main...origin/main [ahead 2],
rattlescript,rattlescript,Faces and foundations,REPL,?,No sufficient component assessment in this audit. This is not a claim of absence.,9f91255e21790d9e6c4ccce61e97491c2761925a; ## main...origin/main [ahead 2],
rattlescript,rattlescript,Faces and foundations,LSP / debugger,?,No sufficient component assessment in this audit. This is not a claim of absence.,9f91255e21790d9e6c4ccce61e97491c2761925a; ## main...origin/main [ahead 2],
rattlescript,rattlescript,Faces and foundations,Interpreter / runner,R,Canonical AffineScript v2 is the semantic reference; this face does not inherit v1 refinement features or a separately checked compiler proof.,9f91255e21790d9e6c4ccce61e97491c2761925a; ## main...origin/main [ahead 2],
rattlescript,rattlescript,Faces and foundations,Meta-interpreter,?,No sufficient component assessment in this audit. This is not a claim of absence.,9f91255e21790d9e6c4ccce61e97491c2761925a; ## main...origin/main [ahead 2],
rattlescript,rattlescript,Faces and foundations,Compiler / build,R,Canonical AffineScript v2 is the semantic reference; this face does not inherit v1 refinement features or a separately checked compiler proof.,9f91255e21790d9e6c4ccce61e97491c2761925a; ## main...origin/main [ahead 2],src/interface/build/ttc/2025081600/Abi/Foreign.ttc; src/interface/build/ttc/2025081600/Abi/Foreign.ttm; src/interface/build/ttc/2025081600/Abi/Layout.ttc
rattlescript,rattlescript,Faces and foundations,Meta-compiler,F,A related filename was enumerated. Its existence establishes neither implementation nor correctness.,9f91255e21790d9e6c4ccce61e97491c2761925a; ## main...origin/main [ahead 2],features/ssg/ssg-bootstrap.sh
rattlescript,rattlescript,Faces and foundations,Code generators,?,No sufficient component assessment in this audit. This is not a claim of absence.,9f91255e21790d9e6c4ccce61e97491c2761925a; ## main...origin/main [ahead 2],
rattlescript,rattlescript,Faces and foundations,Coprocessor / GPU,?,No sufficient component assessment in this audit. This is not a claim of absence.,9f91255e21790d9e6c4ccce61e97491c2761925a; ## main...origin/main [ahead 2],
rattlescript,rattlescript,Faces and foundations,FFI / ABI / verifier,F,A related filename was enumerated. Its existence establishes neither implementation nor correctness.,9f91255e21790d9e6c4ccce61e97491c2761925a; ## main...origin/main [ahead 2],.machine_readable/scripts/verification/0.3-AI-MANIFEST.a2ml; .machine_readable/scripts/verification/README.adoc; src/interface/Abi/0.3-AI-MANIFEST.a2ml
rattlescript,rattlescript,Faces and foundations,Standard library,?,No sufficient component assessment in this audit. This is not a claim of absence.,9f91255e21790d9e6c4ccce61e97491c2761925a; ## main...origin/main [ahead 2],
rattlescript,rattlescript,Faces and foundations,Aggregate library,?,No sufficient component assessment in this audit. This is not a claim of absence.,9f91255e21790d9e6c4ccce61e97491c2761925a; ## main...origin/main [ahead 2],
rattlescript,rattlescript,Faces and foundations,Other libraries / packages,F,A related filename was enumerated. Its existence establishes neither implementation nor correctness.,9f91255e21790d9e6c4ccce61e97491c2761925a; ## main...origin/main [ahead 2],.machine_readable/6a2/ECOSYSTEM.a2ml
rattlescript,rattlescript,Faces and foundations,Unit / conformance tests,F,A related filename was enumerated. Its existence establishes neither implementation nor correctness.,9f91255e21790d9e6c4ccce61e97491c2761925a; ## main...origin/main [ahead 2],src/interface/ffi/test/0.4-AI-MANIFEST.a2ml; src/interface/ffi/test/README.adoc; src/interface/ffi/test/integration_test.zig
rattlescript,rattlescript,Faces and foundations,Property tests / fuzzing,F,A related filename was enumerated. Its existence establishes neither implementation nor correctness.,9f91255e21790d9e6c4ccce61e97491c2761925a; ## main...origin/main [ahead 2],tests/fuzz/README.adoc; verification/fuzzing/0.2-AI-MANIFEST.a2ml; verification/fuzzing/README.adoc
rattlescript,rattlescript,Faces and foundations,Formal model / proofs,R,Canonical AffineScript v2 is the semantic reference; this face does not inherit v1 refinement features or a separately checked compiler proof.,9f91255e21790d9e6c4ccce61e97491c2761925a; ## main...origin/main [ahead 2],verification/proofs/0.2-AI-MANIFEST.a2ml; verification/proofs/README.adoc; verification/proofs/agda/Properties.agda
rattlescript,rattlescript,Faces and foundations,Proof / runtime correspondence,R,Canonical AffineScript v2 is the semantic reference; this face does not inherit v1 refinement features or a separately checked compiler proof.,9f91255e21790d9e6c4ccce61e97491c2761925a; ## main...origin/main [ahead 2],
rattlescript,rattlescript,Faces and foundations,CI / security gates,F,A related filename was enumerated. Its existence establishes neither implementation nor correctness.,9f91255e21790d9e6c4ccce61e97491c2761925a; ## main...origin/main [ahead 2],.github/workflows/codeql.yml; .github/workflows/governance.yml; .github/workflows/hypatia-scan.yml
rattlescript,rattlescript,Faces and foundations,Benchmarks / measurement,F,A related filename was enumerated. Its existence establishes neither implementation nor correctness.,9f91255e21790d9e6c4ccce61e97491c2761925a; ## main...origin/main [ahead 2],verification/benchmarks/0.2-AI-MANIFEST.a2ml; verification/benchmarks/README.adoc
rattlescript,rattlescript,Faces and foundations,Release / packaging,?,No sufficient component assessment in this audit. This is not a claim of absence.,9f91255e21790d9e6c4ccce61e97491c2761925a; ## main...origin/main [ahead 2],
jaffascript,jaffascript,Faces and foundations,Syntax,?,No sufficient component assessment in this audit. This is not a claim of absence.,c09a1e3f7d446febddc1e46ca0d4671b132ca5ae; ## fix/tooling-gaps-20260521...origin/fix/tooling-gaps-20260521 [gone],
jaffascript,jaffascript,Faces and foundations,Semantics,R,Canonical AffineScript v2 is the semantic reference; this face does not inherit v1 refinement features or a separately checked compiler proof.,c09a1e3f7d446febddc1e46ca0d4671b132ca5ae; ## fix/tooling-gaps-20260521...origin/fix/tooling-gaps-20260521 [gone],
jaffascript,jaffascript,Faces and foundations,Type checker,R,Canonical AffineScript v2 is the semantic reference; this face does not inherit v1 refinement features or a separately checked compiler proof.,c09a1e3f7d446febddc1e46ca0d4671b132ca5ae; ## fix/tooling-gaps-20260521...origin/fix/tooling-gaps-20260521 [gone],
jaffascript,jaffascript,Faces and foundations,Ownership / effects,R,Canonical AffineScript v2 is the semantic reference; this face does not inherit v1 refinement features or a separately checked compiler proof.,c09a1e3f7d446febddc1e46ca0d4671b132ca5ae; ## fix/tooling-gaps-20260521...origin/fix/tooling-gaps-20260521 [gone],.affinescript-pin; docs/governance/audit/effects/0.3-AI-MANIFEST.a2ml; docs/governance/audit/effects/README.adoc
jaffascript,jaffascript,Faces and foundations,AST,?,No sufficient component assessment in this audit. This is not a claim of absence.,c09a1e3f7d446febddc1e46ca0d4671b132ca5ae; ## fix/tooling-gaps-20260521...origin/fix/tooling-gaps-20260521 [gone],
jaffascript,jaffascript,Faces and foundations,Judgement / evidence graph,?,No sufficient component assessment in this audit. This is not a claim of absence.,c09a1e3f7d446febddc1e46ca0d4671b132ca5ae; ## fix/tooling-gaps-20260521...origin/fix/tooling-gaps-20260521 [gone],
jaffascript,jaffascript,Faces and foundations,Lexer,F,A related filename was enumerated. Its existence establishes neither implementation nor correctness.,c09a1e3f7d446febddc1e46ca0d4671b132ca5ae; ## fix/tooling-gaps-20260521...origin/fix/tooling-gaps-20260521 [gone],.github/workflows/secret-scanner.yml
jaffascript,jaffascript,Faces and foundations,Parser,?,No sufficient component assessment in this audit. This is not a claim of absence.,c09a1e3f7d446febddc1e46ca0d4671b132ca5ae; ## fix/tooling-gaps-20260521...origin/fix/tooling-gaps-20260521 [gone],
jaffascript,jaffascript,Faces and foundations,Elaboration / IR,?,No sufficient component assessment in this audit. This is not a claim of absence.,c09a1e3f7d446febddc1e46ca0d4671b132ca5ae; ## fix/tooling-gaps-20260521...origin/fix/tooling-gaps-20260521 [gone],
jaffascript,jaffascript,Faces and foundations,REPL,?,No sufficient component assessment in this audit. This is not a claim of absence.,c09a1e3f7d446febddc1e46ca0d4671b132ca5ae; ## fix/tooling-gaps-20260521...origin/fix/tooling-gaps-20260521 [gone],
jaffascript,jaffascript,Faces and foundations,LSP / debugger,?,No sufficient component assessment in this audit. This is not a claim of absence.,c09a1e3f7d446febddc1e46ca0d4671b132ca5ae; ## fix/tooling-gaps-20260521...origin/fix/tooling-gaps-20260521 [gone],
jaffascript,jaffascript,Faces and foundations,Interpreter / runner,R,Canonical AffineScript v2 is the semantic reference; this face does not inherit v1 refinement features or a separately checked compiler proof.,c09a1e3f7d446febddc1e46ca0d4671b132ca5ae; ## fix/tooling-gaps-20260521...origin/fix/tooling-gaps-20260521 [gone],
jaffascript,jaffascript,Faces and foundations,Meta-interpreter,?,No sufficient component assessment in this audit. This is not a claim of absence.,c09a1e3f7d446febddc1e46ca0d4671b132ca5ae; ## fix/tooling-gaps-20260521...origin/fix/tooling-gaps-20260521 [gone],
jaffascript,jaffascript,Faces and foundations,Compiler / build,R,Canonical AffineScript v2 is the semantic reference; this face does not inherit v1 refinement features or a separately checked compiler proof.,c09a1e3f7d446febddc1e46ca0d4671b132ca5ae; ## fix/tooling-gaps-20260521...origin/fix/tooling-gaps-20260521 [gone],src/interface/build/ttc/2025081600/Abi/Foreign.ttc; src/interface/build/ttc/2025081600/Abi/Foreign.ttm; src/interface/build/ttc/2025081600/Abi/Layout.ttc
jaffascript,jaffascript,Faces and foundations,Meta-compiler,F,A related filename was enumerated. Its existence establishes neither implementation nor correctness.,c09a1e3f7d446febddc1e46ca0d4671b132ca5ae; ## fix/tooling-gaps-20260521...origin/fix/tooling-gaps-20260521 [gone],features/ssg/ssg-bootstrap.sh
jaffascript,jaffascript,Faces and foundations,Code generators,?,No sufficient component assessment in this audit. This is not a claim of absence.,c09a1e3f7d446febddc1e46ca0d4671b132ca5ae; ## fix/tooling-gaps-20260521...origin/fix/tooling-gaps-20260521 [gone],
jaffascript,jaffascript,Faces and foundations,Coprocessor / GPU,?,No sufficient component assessment in this audit. This is not a claim of absence.,c09a1e3f7d446febddc1e46ca0d4671b132ca5ae; ## fix/tooling-gaps-20260521...origin/fix/tooling-gaps-20260521 [gone],
jaffascript,jaffascript,Faces and foundations,FFI / ABI / verifier,F,A related filename was enumerated. Its existence establishes neither implementation nor correctness.,c09a1e3f7d446febddc1e46ca0d4671b132ca5ae; ## fix/tooling-gaps-20260521...origin/fix/tooling-gaps-20260521 [gone],.machine_readable/.machine_readable/scripts/verification/0.3-AI-MANIFEST.a2ml; .machine_readable/.machine_readable/scripts/verification/README.adoc; .machine_readable/scripts/verification/0.3-AI-MANIFEST.a2ml
jaffascript,jaffascript,Faces and foundations,Standard library,?,No sufficient component assessment in this audit. This is not a claim of absence.,c09a1e3f7d446febddc1e46ca0d4671b132ca5ae; ## fix/tooling-gaps-20260521...origin/fix/tooling-gaps-20260521 [gone],
jaffascript,jaffascript,Faces and foundations,Aggregate library,?,No sufficient component assessment in this audit. This is not a claim of absence.,c09a1e3f7d446febddc1e46ca0d4671b132ca5ae; ## fix/tooling-gaps-20260521...origin/fix/tooling-gaps-20260521 [gone],
jaffascript,jaffascript,Faces and foundations,Other libraries / packages,F,A related filename was enumerated. Its existence establishes neither implementation nor correctness.,c09a1e3f7d446febddc1e46ca0d4671b132ca5ae; ## fix/tooling-gaps-20260521...origin/fix/tooling-gaps-20260521 [gone],.machine_readable/.machine_readable/6a2/ECOSYSTEM.a2ml; .machine_readable/.machine_readable/ECOSYSTEM.a2ml; .machine_readable/6a2/ECOSYSTEM.a2ml
jaffascript,jaffascript,Faces and foundations,Unit / conformance tests,F,A related filename was enumerated. Its existence establishes neither implementation nor correctness.,c09a1e3f7d446febddc1e46ca0d4671b132ca5ae; ## fix/tooling-gaps-20260521...origin/fix/tooling-gaps-20260521 [gone],src/interface/ffi/test/0.4-AI-MANIFEST.a2ml; src/interface/ffi/test/README.adoc; src/interface/ffi/test/integration_test.zig
jaffascript,jaffascript,Faces and foundations,Property tests / fuzzing,F,A related filename was enumerated. Its existence establishes neither implementation nor correctness.,c09a1e3f7d446febddc1e46ca0d4671b132ca5ae; ## fix/tooling-gaps-20260521...origin/fix/tooling-gaps-20260521 [gone],tests/fuzz/README.adoc; verification/fuzzing/0.2-AI-MANIFEST.a2ml; verification/fuzzing/README.adoc
jaffascript,jaffascript,Faces and foundations,Formal model / proofs,R,Canonical AffineScript v2 is the semantic reference; this face does not inherit v1 refinement features or a separately checked compiler proof.,c09a1e3f7d446febddc1e46ca0d4671b132ca5ae; ## fix/tooling-gaps-20260521...origin/fix/tooling-gaps-20260521 [gone],verification/proofs/0.2-AI-MANIFEST.a2ml; verification/proofs/README.adoc; verification/proofs/agda/Properties.agda
jaffascript,jaffascript,Faces and foundations,Proof / runtime correspondence,R,Canonical AffineScript v2 is the semantic reference; this face does not inherit v1 refinement features or a separately checked compiler proof.,c09a1e3f7d446febddc1e46ca0d4671b132ca5ae; ## fix/tooling-gaps-20260521...origin/fix/tooling-gaps-20260521 [gone],
jaffascript,jaffascript,Faces and foundations,CI / security gates,F,A related filename was enumerated. Its existence establishes neither implementation nor correctness.,c09a1e3f7d446febddc1e46ca0d4671b132ca5ae; ## fix/tooling-gaps-20260521...origin/fix/tooling-gaps-20260521 [gone],.github/workflows/codeql.yml; .github/workflows/governance.yml; .github/workflows/hypatia-scan.yml
jaffascript,jaffascript,Faces and foundations,Benchmarks / measurement,F,A related filename was enumerated. Its existence establishes neither implementation nor correctness.,c09a1e3f7d446febddc1e46ca0d4671b132ca5ae; ## fix/tooling-gaps-20260521...origin/fix/tooling-gaps-20260521 [gone],verification/benchmarks/0.2-AI-MANIFEST.a2ml; verification/benchmarks/README.adoc; verification/verification/benchmarks/0.2-AI-MANIFEST.a2ml
jaffascript,jaffascript,Faces and foundations,Release / packaging,F,A related filename was enumerated. Its existence establishes neither implementation nor correctness.,c09a1e3f7d446febddc1e46ca0d4671b132ca5ae; ## fix/tooling-gaps-20260521...origin/fix/tooling-gaps-20260521 [gone],guix.scm; manifest.scm
cafescripto,cafescripto,Faces and foundations,Syntax,?,No sufficient component assessment in this audit. This is not a claim of absence.,d6633bafd56349917c18d26c72bb9e4531b17b58; ## main...origin/main,
cafescripto,cafescripto,Faces and foundations,Semantics,R,Canonical AffineScript v2 is the semantic reference; this face does not inherit v1 refinement features or a separately checked compiler proof.,d6633bafd56349917c18d26c72bb9e4531b17b58; ## main...origin/main,
cafescripto,cafescripto,Faces and foundations,Type checker,R,Canonical AffineScript v2 is the semantic reference; this face does not inherit v1 refinement features or a separately checked compiler proof.,d6633bafd56349917c18d26c72bb9e4531b17b58; ## main...origin/main,
cafescripto,cafescripto,Faces and foundations,Ownership / effects,R,Canonical AffineScript v2 is the semantic reference; this face does not inherit v1 refinement features or a separately checked compiler proof.,d6633bafd56349917c18d26c72bb9e4531b17b58; ## main...origin/main,.affinescript-pin; docs/governance/audit/effects/0.3-AI-MANIFEST.a2ml; docs/governance/audit/effects/README.adoc
cafescripto,cafescripto,Faces and foundations,AST,?,No sufficient component assessment in this audit. This is not a claim of absence.,d6633bafd56349917c18d26c72bb9e4531b17b58; ## main...origin/main,
cafescripto,cafescripto,Faces and foundations,Judgement / evidence graph,?,No sufficient component assessment in this audit. This is not a claim of absence.,d6633bafd56349917c18d26c72bb9e4531b17b58; ## main...origin/main,
cafescripto,cafescripto,Faces and foundations,Lexer,F,A related filename was enumerated. Its existence establishes neither implementation nor correctness.,d6633bafd56349917c18d26c72bb9e4531b17b58; ## main...origin/main,.github/workflows/secret-scanner.yml
cafescripto,cafescripto,Faces and foundations,Parser,?,No sufficient component assessment in this audit. This is not a claim of absence.,d6633bafd56349917c18d26c72bb9e4531b17b58; ## main...origin/main,
cafescripto,cafescripto,Faces and foundations,Elaboration / IR,?,No sufficient component assessment in this audit. This is not a claim of absence.,d6633bafd56349917c18d26c72bb9e4531b17b58; ## main...origin/main,
cafescripto,cafescripto,Faces and foundations,REPL,?,No sufficient component assessment in this audit. This is not a claim of absence.,d6633bafd56349917c18d26c72bb9e4531b17b58; ## main...origin/main,
cafescripto,cafescripto,Faces and foundations,LSP / debugger,?,No sufficient component assessment in this audit. This is not a claim of absence.,d6633bafd56349917c18d26c72bb9e4531b17b58; ## main...origin/main,
cafescripto,cafescripto,Faces and foundations,Interpreter / runner,R,Canonical AffineScript v2 is the semantic reference; this face does not inherit v1 refinement features or a separately checked compiler proof.,d6633bafd56349917c18d26c72bb9e4531b17b58; ## main...origin/main,
cafescripto,cafescripto,Faces and foundations,Meta-interpreter,?,No sufficient component assessment in this audit. This is not a claim of absence.,d6633bafd56349917c18d26c72bb9e4531b17b58; ## main...origin/main,
cafescripto,cafescripto,Faces and foundations,Compiler / build,R,Canonical AffineScript v2 is the semantic reference; this face does not inherit v1 refinement features or a separately checked compiler proof.,d6633bafd56349917c18d26c72bb9e4531b17b58; ## main...origin/main,src/interface/build/ttc/2025081600/Abi/Foreign.ttc; src/interface/build/ttc/2025081600/Abi/Foreign.ttm; src/interface/build/ttc/2025081600/Abi/Layout.ttc
cafescripto,cafescripto,Faces and foundations,Meta-compiler,F,A related filename was enumerated. Its existence establishes neither implementation nor correctness.,d6633bafd56349917c18d26c72bb9e4531b17b58; ## main...origin/main,features/ssg/ssg-bootstrap.sh
cafescripto,cafescripto,Faces and foundations,Code generators,?,No sufficient component assessment in this audit. This is not a claim of absence.,d6633bafd56349917c18d26c72bb9e4531b17b58; ## main...origin/main,
cafescripto,cafescripto,Faces and foundations,Coprocessor / GPU,?,No sufficient component assessment in this audit. This is not a claim of absence.,d6633bafd56349917c18d26c72bb9e4531b17b58; ## main...origin/main,
cafescripto,cafescripto,Faces and foundations,FFI / ABI / verifier,F,A related filename was enumerated. Its existence establishes neither implementation nor correctness.,d6633bafd56349917c18d26c72bb9e4531b17b58; ## main...origin/main,.machine_readable/scripts/verification/0.3-AI-MANIFEST.a2ml; .machine_readable/scripts/verification/README.adoc; src/interface/Abi/0.3-AI-MANIFEST.a2ml
cafescripto,cafescripto,Faces and foundations,Standard library,?,No sufficient component assessment in this audit. This is not a claim of absence.,d6633bafd56349917c18d26c72bb9e4531b17b58; ## main...origin/main,
cafescripto,cafescripto,Faces and foundations,Aggregate library,?,No sufficient component assessment in this audit. This is not a claim of absence.,d6633bafd56349917c18d26c72bb9e4531b17b58; ## main...origin/main,
cafescripto,cafescripto,Faces and foundations,Other libraries / packages,F,A related filename was enumerated. Its existence establishes neither implementation nor correctness.,d6633bafd56349917c18d26c72bb9e4531b17b58; ## main...origin/main,.machine_readable/6a2/ECOSYSTEM.a2ml
cafescripto,cafescripto,Faces and foundations,Unit / conformance tests,F,A related filename was enumerated. Its existence establishes neither implementation nor correctness.,d6633bafd56349917c18d26c72bb9e4531b17b58; ## main...origin/main,src/interface/ffi/test/0.4-AI-MANIFEST.a2ml; src/interface/ffi/test/README.adoc; src/interface/ffi/test/integration_test.zig
cafescripto,cafescripto,Faces and foundations,Property tests / fuzzing,F,A related filename was enumerated. Its existence establishes neither implementation nor correctness.,d6633bafd56349917c18d26c72bb9e4531b17b58; ## main...origin/main,tests/fuzz/README.adoc; verification/fuzzing/0.2-AI-MANIFEST.a2ml; verification/fuzzing/README.adoc
cafescripto,cafescripto,Faces and foundations,Formal model / proofs,R,Canonical AffineScript v2 is the semantic reference; this face does not inherit v1 refinement features or a separately checked compiler proof.,d6633bafd56349917c18d26c72bb9e4531b17b58; ## main...origin/main,verification/proofs/0.2-AI-MANIFEST.a2ml; verification/proofs/README.adoc; verification/proofs/agda/Properties.agda
cafescripto,cafescripto,Faces and foundations,Proof / runtime correspondence,R,Canonical AffineScript v2 is the semantic reference; this face does not inherit v1 refinement features or a separately checked compiler proof.,d6633bafd56349917c18d26c72bb9e4531b17b58; ## main...origin/main,
cafescripto,cafescripto,Faces and foundations,CI / security gates,F,A related filename was enumerated. Its existence establishes neither implementation nor correctness.,d6633bafd56349917c18d26c72bb9e4531b17b58; ## main...origin/main,.github/workflows/codeql.yml; .github/workflows/governance.yml; .github/workflows/hypatia-scan.yml
cafescripto,cafescripto,Faces and foundations,Benchmarks / measurement,F,A related filename was enumerated. Its existence establishes neither implementation nor correctness.,d6633bafd56349917c18d26c72bb9e4531b17b58; ## main...origin/main,verification/benchmarks/0.2-AI-MANIFEST.a2ml; verification/benchmarks/README.adoc
cafescripto,cafescripto,Faces and foundations,Release / packaging,?,No sufficient component assessment in this audit. This is not a claim of absence.,d6633bafd56349917c18d26c72bb9e4531b17b58; ## main...origin/main,
lucidscript,lucidscript,Faces and foundations,Syntax,?,No sufficient component assessment in this audit. This is not a claim of absence.,dbdf4ab9d7e8f4ccdde20392a789f659d4ffb4ed; ## main...origin/main,
lucidscript,lucidscript,Faces and foundations,Semantics,R,Canonical AffineScript v2 is the semantic reference; this face does not inherit v1 refinement features or a separately checked compiler proof.,dbdf4ab9d7e8f4ccdde20392a789f659d4ffb4ed; ## main...origin/main,
lucidscript,lucidscript,Faces and foundations,Type checker,R,Canonical AffineScript v2 is the semantic reference; this face does not inherit v1 refinement features or a separately checked compiler proof.,dbdf4ab9d7e8f4ccdde20392a789f659d4ffb4ed; ## main...origin/main,
lucidscript,lucidscript,Faces and foundations,Ownership / effects,R,Canonical AffineScript v2 is the semantic reference; this face does not inherit v1 refinement features or a separately checked compiler proof.,dbdf4ab9d7e8f4ccdde20392a789f659d4ffb4ed; ## main...origin/main,.affinescript-pin; docs/governance/audit/effects/0.3-AI-MANIFEST.a2ml; docs/governance/audit/effects/README.adoc
lucidscript,lucidscript,Faces and foundations,AST,?,No sufficient component assessment in this audit. This is not a claim of absence.,dbdf4ab9d7e8f4ccdde20392a789f659d4ffb4ed; ## main...origin/main,
lucidscript,lucidscript,Faces and foundations,Judgement / evidence graph,?,No sufficient component assessment in this audit. This is not a claim of absence.,dbdf4ab9d7e8f4ccdde20392a789f659d4ffb4ed; ## main...origin/main,
lucidscript,lucidscript,Faces and foundations,Lexer,F,A related filename was enumerated. Its existence establishes neither implementation nor correctness.,dbdf4ab9d7e8f4ccdde20392a789f659d4ffb4ed; ## main...origin/main,.github/workflows/secret-scanner.yml
lucidscript,lucidscript,Faces and foundations,Parser,?,No sufficient component assessment in this audit. This is not a claim of absence.,dbdf4ab9d7e8f4ccdde20392a789f659d4ffb4ed; ## main...origin/main,
lucidscript,lucidscript,Faces and foundations,Elaboration / IR,?,No sufficient component assessment in this audit. This is not a claim of absence.,dbdf4ab9d7e8f4ccdde20392a789f659d4ffb4ed; ## main...origin/main,
lucidscript,lucidscript,Faces and foundations,REPL,?,No sufficient component assessment in this audit. This is not a claim of absence.,dbdf4ab9d7e8f4ccdde20392a789f659d4ffb4ed; ## main...origin/main,
lucidscript,lucidscript,Faces and foundations,LSP / debugger,?,No sufficient component assessment in this audit. This is not a claim of absence.,dbdf4ab9d7e8f4ccdde20392a789f659d4ffb4ed; ## main...origin/main,
lucidscript,lucidscript,Faces and foundations,Interpreter / runner,R,Canonical AffineScript v2 is the semantic reference; this face does not inherit v1 refinement features or a separately checked compiler proof.,dbdf4ab9d7e8f4ccdde20392a789f659d4ffb4ed; ## main...origin/main,
lucidscript,lucidscript,Faces and foundations,Meta-interpreter,?,No sufficient component assessment in this audit. This is not a claim of absence.,dbdf4ab9d7e8f4ccdde20392a789f659d4ffb4ed; ## main...origin/main,
lucidscript,lucidscript,Faces and foundations,Compiler / build,R,Canonical AffineScript v2 is the semantic reference; this face does not inherit v1 refinement features or a separately checked compiler proof.,dbdf4ab9d7e8f4ccdde20392a789f659d4ffb4ed; ## main...origin/main,src/interface/build/ttc/2025081600/Abi/Foreign.ttc; src/interface/build/ttc/2025081600/Abi/Foreign.ttm; src/interface/build/ttc/2025081600/Abi/Layout.ttc
lucidscript,lucidscript,Faces and foundations,Meta-compiler,F,A related filename was enumerated. Its existence establishes neither implementation nor correctness.,dbdf4ab9d7e8f4ccdde20392a789f659d4ffb4ed; ## main...origin/main,features/ssg/ssg-bootstrap.sh
lucidscript,lucidscript,Faces and foundations,Code generators,?,No sufficient component assessment in this audit. This is not a claim of absence.,dbdf4ab9d7e8f4ccdde20392a789f659d4ffb4ed; ## main...origin/main,
lucidscript,lucidscript,Faces and foundations,Coprocessor / GPU,?,No sufficient component assessment in this audit. This is not a claim of absence.,dbdf4ab9d7e8f4ccdde20392a789f659d4ffb4ed; ## main...origin/main,
lucidscript,lucidscript,Faces and foundations,FFI / ABI / verifier,F,A related filename was enumerated. Its existence establishes neither implementation nor correctness.,dbdf4ab9d7e8f4ccdde20392a789f659d4ffb4ed; ## main...origin/main,.machine_readable/scripts/verification/0.3-AI-MANIFEST.a2ml; .machine_readable/scripts/verification/README.adoc; src/interface/Abi/0.3-AI-MANIFEST.a2ml
lucidscript,lucidscript,Faces and foundations,Standard library,?,No sufficient component assessment in this audit. This is not a claim of absence.,dbdf4ab9d7e8f4ccdde20392a789f659d4ffb4ed; ## main...origin/main,
lucidscript,lucidscript,Faces and foundations,Aggregate library,?,No sufficient component assessment in this audit. This is not a claim of absence.,dbdf4ab9d7e8f4ccdde20392a789f659d4ffb4ed; ## main...origin/main,
lucidscript,lucidscript,Faces and foundations,Other libraries / packages,F,A related filename was enumerated. Its existence establishes neither implementation nor correctness.,dbdf4ab9d7e8f4ccdde20392a789f659d4ffb4ed; ## main...origin/main,.machine_readable/6a2/ECOSYSTEM.a2ml
lucidscript,lucidscript,Faces and foundations,Unit / conformance tests,F,A related filename was enumerated. Its existence establishes neither implementation nor correctness.,dbdf4ab9d7e8f4ccdde20392a789f659d4ffb4ed; ## main...origin/main,src/interface/ffi/test/0.4-AI-MANIFEST.a2ml; src/interface/ffi/test/README.adoc; src/interface/ffi/test/integration_test.zig
lucidscript,lucidscript,Faces and foundations,Property tests / fuzzing,F,A related filename was enumerated. Its existence establishes neither implementation nor correctness.,dbdf4ab9d7e8f4ccdde20392a789f659d4ffb4ed; ## main...origin/main,tests/fuzz/README.adoc; verification/fuzzing/0.2-AI-MANIFEST.a2ml; verification/fuzzing/README.adoc
lucidscript,lucidscript,Faces and foundations,Formal model / proofs,R,Canonical AffineScript v2 is the semantic reference; this face does not inherit v1 refinement features or a separately checked compiler proof.,dbdf4ab9d7e8f4ccdde20392a789f659d4ffb4ed; ## main...origin/main,verification/proofs/0.2-AI-MANIFEST.a2ml; verification/proofs/README.adoc; verification/proofs/agda/Properties.agda
lucidscript,lucidscript,Faces and foundations,Proof / runtime correspondence,R,Canonical AffineScript v2 is the semantic reference; this face does not inherit v1 refinement features or a separately checked compiler proof.,dbdf4ab9d7e8f4ccdde20392a789f659d4ffb4ed; ## main...origin/main,
lucidscript,lucidscript,Faces and foundations,CI / security gates,F,A related filename was enumerated. Its existence establishes neither implementation nor correctness.,dbdf4ab9d7e8f4ccdde20392a789f659d4ffb4ed; ## main...origin/main,.github/workflows/codeql.yml; .github/workflows/governance.yml; .github/workflows/hypatia-scan.yml
lucidscript,lucidscript,Faces and foundations,Benchmarks / measurement,F,A related filename was enumerated. Its existence establishes neither implementation nor correctness.,dbdf4ab9d7e8f4ccdde20392a789f659d4ffb4ed; ## main...origin/main,verification/benchmarks/0.2-AI-MANIFEST.a2ml; verification/benchmarks/README.adoc
lucidscript,lucidscript,Faces and foundations,Release / packaging,?,No sufficient component assessment in this audit. This is not a claim of absence.,dbdf4ab9d7e8f4ccdde20392a789f659d4ffb4ed; ## main...origin/main,
pseudoscript,pseudoscript,Faces and foundations,Syntax,?,No sufficient component assessment in this audit. This is not a claim of absence.,d3065f862160ae77f33cf589676c1d4d4914839b; ## main...origin/main [ahead 22],
pseudoscript,pseudoscript,Faces and foundations,Semantics,R,Canonical AffineScript v2 is the semantic reference; this face does not inherit v1 refinement features or a separately checked compiler proof.,d3065f862160ae77f33cf589676c1d4d4914839b; ## main...origin/main [ahead 22],
pseudoscript,pseudoscript,Faces and foundations,Type checker,R,Canonical AffineScript v2 is the semantic reference; this face does not inherit v1 refinement features or a separately checked compiler proof.,d3065f862160ae77f33cf589676c1d4d4914839b; ## main...origin/main [ahead 22],
pseudoscript,pseudoscript,Faces and foundations,Ownership / effects,R,Canonical AffineScript v2 is the semantic reference; this face does not inherit v1 refinement features or a separately checked compiler proof.,d3065f862160ae77f33cf589676c1d4d4914839b; ## main...origin/main [ahead 22],.affinescript-pin; docs/governance/audit/effects/0.3-AI-MANIFEST.a2ml; docs/governance/audit/effects/README.adoc
pseudoscript,pseudoscript,Faces and foundations,AST,?,No sufficient component assessment in this audit. This is not a claim of absence.,d3065f862160ae77f33cf589676c1d4d4914839b; ## main...origin/main [ahead 22],
pseudoscript,pseudoscript,Faces and foundations,Judgement / evidence graph,?,No sufficient component assessment in this audit. This is not a claim of absence.,d3065f862160ae77f33cf589676c1d4d4914839b; ## main...origin/main [ahead 22],
pseudoscript,pseudoscript,Faces and foundations,Lexer,F,A related filename was enumerated. Its existence establishes neither implementation nor correctness.,d3065f862160ae77f33cf589676c1d4d4914839b; ## main...origin/main [ahead 22],.github/workflows/secret-scanner.yml
pseudoscript,pseudoscript,Faces and foundations,Parser,?,No sufficient component assessment in this audit. This is not a claim of absence.,d3065f862160ae77f33cf589676c1d4d4914839b; ## main...origin/main [ahead 22],
pseudoscript,pseudoscript,Faces and foundations,Elaboration / IR,?,No sufficient component assessment in this audit. This is not a claim of absence.,d3065f862160ae77f33cf589676c1d4d4914839b; ## main...origin/main [ahead 22],
pseudoscript,pseudoscript,Faces and foundations,REPL,?,No sufficient component assessment in this audit. This is not a claim of absence.,d3065f862160ae77f33cf589676c1d4d4914839b; ## main...origin/main [ahead 22],
pseudoscript,pseudoscript,Faces and foundations,LSP / debugger,?,No sufficient component assessment in this audit. This is not a claim of absence.,d3065f862160ae77f33cf589676c1d4d4914839b; ## main...origin/main [ahead 22],
pseudoscript,pseudoscript,Faces and foundations,Interpreter / runner,R,Canonical AffineScript v2 is the semantic reference; this face does not inherit v1 refinement features or a separately checked compiler proof.,d3065f862160ae77f33cf589676c1d4d4914839b; ## main...origin/main [ahead 22],
pseudoscript,pseudoscript,Faces and foundations,Meta-interpreter,?,No sufficient component assessment in this audit. This is not a claim of absence.,d3065f862160ae77f33cf589676c1d4d4914839b; ## main...origin/main [ahead 22],
pseudoscript,pseudoscript,Faces and foundations,Compiler / build,R,Canonical AffineScript v2 is the semantic reference; this face does not inherit v1 refinement features or a separately checked compiler proof.,d3065f862160ae77f33cf589676c1d4d4914839b; ## main...origin/main [ahead 22],src/interface/build/ttc/2025081600/Abi/Foreign.ttc; src/interface/build/ttc/2025081600/Abi/Foreign.ttm; src/interface/build/ttc/2025081600/Abi/Layout.ttc
pseudoscript,pseudoscript,Faces and foundations,Meta-compiler,F,A related filename was enumerated. Its existence establishes neither implementation nor correctness.,d3065f862160ae77f33cf589676c1d4d4914839b; ## main...origin/main [ahead 22],features/ssg/ssg-bootstrap.sh
pseudoscript,pseudoscript,Faces and foundations,Code generators,?,No sufficient component assessment in this audit. This is not a claim of absence.,d3065f862160ae77f33cf589676c1d4d4914839b; ## main...origin/main [ahead 22],
pseudoscript,pseudoscript,Faces and foundations,Coprocessor / GPU,?,No sufficient component assessment in this audit. This is not a claim of absence.,d3065f862160ae77f33cf589676c1d4d4914839b; ## main...origin/main [ahead 22],
pseudoscript,pseudoscript,Faces and foundations,FFI / ABI / verifier,F,A related filename was enumerated. Its existence establishes neither implementation nor correctness.,d3065f862160ae77f33cf589676c1d4d4914839b; ## main...origin/main [ahead 22],.machine_readable/scripts/verification/0.3-AI-MANIFEST.a2ml; .machine_readable/scripts/verification/README.adoc; src/interface/Abi/0.3-AI-MANIFEST.a2ml
pseudoscript,pseudoscript,Faces and foundations,Standard library,?,No sufficient component assessment in this audit. This is not a claim of absence.,d3065f862160ae77f33cf589676c1d4d4914839b; ## main...origin/main [ahead 22],
pseudoscript,pseudoscript,Faces and foundations,Aggregate library,?,No sufficient component assessment in this audit. This is not a claim of absence.,d3065f862160ae77f33cf589676c1d4d4914839b; ## main...origin/main [ahead 22],
pseudoscript,pseudoscript,Faces and foundations,Other libraries / packages,F,A related filename was enumerated. Its existence establishes neither implementation nor correctness.,d3065f862160ae77f33cf589676c1d4d4914839b; ## main...origin/main [ahead 22],.machine_readable/6a2/ECOSYSTEM.a2ml
pseudoscript,pseudoscript,Faces and foundations,Unit / conformance tests,F,A related filename was enumerated. Its existence establishes neither implementation nor correctness.,d3065f862160ae77f33cf589676c1d4d4914839b; ## main...origin/main [ahead 22],src/interface/ffi/test/0.4-AI-MANIFEST.a2ml; src/interface/ffi/test/README.adoc; src/interface/ffi/test/integration_test.zig
pseudoscript,pseudoscript,Faces and foundations,Property tests / fuzzing,F,A related filename was enumerated. Its existence establishes neither implementation nor correctness.,d3065f862160ae77f33cf589676c1d4d4914839b; ## main...origin/main [ahead 22],tests/fuzz/README.adoc; verification/fuzzing/0.2-AI-MANIFEST.a2ml; verification/fuzzing/README.adoc
pseudoscript,pseudoscript,Faces and foundations,Formal model / proofs,R,Canonical AffineScript v2 is the semantic reference; this face does not inherit v1 refinement features or a separately checked compiler proof.,d3065f862160ae77f33cf589676c1d4d4914839b; ## main...origin/main [ahead 22],verification/proofs/0.2-AI-MANIFEST.a2ml; verification/proofs/README.adoc; verification/proofs/agda/Properties.agda
pseudoscript,pseudoscript,Faces and foundations,Proof / runtime correspondence,R,Canonical AffineScript v2 is the semantic reference; this face does not inherit v1 refinement features or a separately checked compiler proof.,d3065f862160ae77f33cf589676c1d4d4914839b; ## main...origin/main [ahead 22],
pseudoscript,pseudoscript,Faces and foundations,CI / security gates,F,A related filename was enumerated. Its existence establishes neither implementation nor correctness.,d3065f862160ae77f33cf589676c1d4d4914839b; ## main...origin/main [ahead 22],.github/workflows/codeql.yml; .github/workflows/governance.yml; .github/workflows/hypatia-scan.yml
pseudoscript,pseudoscript,Faces and foundations,Benchmarks / measurement,F,A related filename was enumerated. Its existence establishes neither implementation nor correctness.,d3065f862160ae77f33cf589676c1d4d4914839b; ## main...origin/main [ahead 22],verification/benchmarks/0.2-AI-MANIFEST.a2ml; verification/benchmarks/README.adoc
pseudoscript,pseudoscript,Faces and foundations,Release / packaging,?,No sufficient component assessment in this audit. This is not a claim of absence.,d3065f862160ae77f33cf589676c1d4d4914839b; ## main...origin/main [ahead 22],
Panoply,panoply,Faces and foundations,Syntax,D,Repurposed v1 lineage and new charter reviewed.,795fc70bd60aee1fe59cbf9c5c76ffd53525ded6; ## chore/bump-standards-pins,
Panoply,panoply,Faces and foundations,Semantics,D,Repurposed v1 lineage and new charter reviewed.,795fc70bd60aee1fe59cbf9c5c76ffd53525ded6; ## chore/bump-standards-pins,
Panoply,panoply,Faces and foundations,Type checker,?,No sufficient component assessment in this audit. This is not a claim of absence.,795fc70bd60aee1fe59cbf9c5c76ffd53525ded6; ## chore/bump-standards-pins,
Panoply,panoply,Faces and foundations,Ownership / effects,F,A related filename was enumerated. Its existence establishes neither implementation nor correctness.,795fc70bd60aee1fe59cbf9c5c76ffd53525ded6; ## chore/bump-standards-pins,docs/governance/audit/effects/0.3-AI-MANIFEST.a2ml; docs/governance/audit/effects/README.adoc
Panoply,panoply,Faces and foundations,AST,?,No sufficient component assessment in this audit. This is not a claim of absence.,795fc70bd60aee1fe59cbf9c5c76ffd53525ded6; ## chore/bump-standards-pins,
Panoply,panoply,Faces and foundations,Judgement / evidence graph,?,No sufficient component assessment in this audit. This is not a claim of absence.,795fc70bd60aee1fe59cbf9c5c76ffd53525ded6; ## chore/bump-standards-pins,
Panoply,panoply,Faces and foundations,Lexer,F,A related filename was enumerated. Its existence establishes neither implementation nor correctness.,795fc70bd60aee1fe59cbf9c5c76ffd53525ded6; ## chore/bump-standards-pins,.github/workflows/secret-scanner.yml
Panoply,panoply,Faces and foundations,Parser,?,No sufficient component assessment in this audit. This is not a claim of absence.,795fc70bd60aee1fe59cbf9c5c76ffd53525ded6; ## chore/bump-standards-pins,
Panoply,panoply,Faces and foundations,Elaboration / IR,?,No sufficient component assessment in this audit. This is not a claim of absence.,795fc70bd60aee1fe59cbf9c5c76ffd53525ded6; ## chore/bump-standards-pins,
Panoply,panoply,Faces and foundations,REPL,?,No sufficient component assessment in this audit. This is not a claim of absence.,795fc70bd60aee1fe59cbf9c5c76ffd53525ded6; ## chore/bump-standards-pins,
Panoply,panoply,Faces and foundations,LSP / debugger,?,No sufficient component assessment in this audit. This is not a claim of absence.,795fc70bd60aee1fe59cbf9c5c76ffd53525ded6; ## chore/bump-standards-pins,
Panoply,panoply,Faces and foundations,Interpreter / runner,!,Current charter leaves the new toolchain unimplemented; inherited repository history is not a working Panoply compiler.,795fc70bd60aee1fe59cbf9c5c76ffd53525ded6; ## chore/bump-standards-pins,
Panoply,panoply,Faces and foundations,Meta-interpreter,?,No sufficient component assessment in this audit. This is not a claim of absence.,795fc70bd60aee1fe59cbf9c5c76ffd53525ded6; ## chore/bump-standards-pins,
Panoply,panoply,Faces and foundations,Compiler / build,!,Current charter leaves the new toolchain unimplemented; inherited repository history is not a working Panoply compiler.,795fc70bd60aee1fe59cbf9c5c76ffd53525ded6; ## chore/bump-standards-pins,src/interface/ffi/build.zig
Panoply,panoply,Faces and foundations,Meta-compiler,F,A related filename was enumerated. Its existence establishes neither implementation nor correctness.,795fc70bd60aee1fe59cbf9c5c76ffd53525ded6; ## chore/bump-standards-pins,features/ssg/ssg-bootstrap.sh
Panoply,panoply,Faces and foundations,Code generators,F,A related filename was enumerated. Its existence establishes neither implementation nor correctness.,795fc70bd60aee1fe59cbf9c5c76ffd53525ded6; ## chore/bump-standards-pins,src/backends/0.2-AI-MANIFEST.a2ml; src/backends/README.adoc
Panoply,panoply,Faces and foundations,Coprocessor / GPU,?,No sufficient component assessment in this audit. This is not a claim of absence.,795fc70bd60aee1fe59cbf9c5c76ffd53525ded6; ## chore/bump-standards-pins,
Panoply,panoply,Faces and foundations,FFI / ABI / verifier,F,A related filename was enumerated. Its existence establishes neither implementation nor correctness.,795fc70bd60aee1fe59cbf9c5c76ffd53525ded6; ## chore/bump-standards-pins,.machine_readable/scripts/verification/0.3-AI-MANIFEST.a2ml; .machine_readable/scripts/verification/README.adoc; abi.ipkg
Panoply,panoply,Faces and foundations,Standard library,?,No sufficient component assessment in this audit. This is not a claim of absence.,795fc70bd60aee1fe59cbf9c5c76ffd53525ded6; ## chore/bump-standards-pins,
Panoply,panoply,Faces and foundations,Aggregate library,?,No sufficient component assessment in this audit. This is not a claim of absence.,795fc70bd60aee1fe59cbf9c5c76ffd53525ded6; ## chore/bump-standards-pins,
Panoply,panoply,Faces and foundations,Other libraries / packages,F,A related filename was enumerated. Its existence establishes neither implementation nor correctness.,795fc70bd60aee1fe59cbf9c5c76ffd53525ded6; ## chore/bump-standards-pins,.machine_readable/6a2/ECOSYSTEM.a2ml
Panoply,panoply,Faces and foundations,Unit / conformance tests,F,A related filename was enumerated. Its existence establishes neither implementation nor correctness.,795fc70bd60aee1fe59cbf9c5c76ffd53525ded6; ## chore/bump-standards-pins,src/interface/ffi/test/0.4-AI-MANIFEST.a2ml; src/interface/ffi/test/README.adoc; src/interface/ffi/test/integration_test.zig
Panoply,panoply,Faces and foundations,Property tests / fuzzing,F,A related filename was enumerated. Its existence establishes neither implementation nor correctness.,795fc70bd60aee1fe59cbf9c5c76ffd53525ded6; ## chore/bump-standards-pins,tests/fuzz/README.adoc; verification/fuzzing/0.2-AI-MANIFEST.a2ml; verification/fuzzing/README.adoc
Panoply,panoply,Faces and foundations,Formal model / proofs,F,A related filename was enumerated. Its existence establishes neither implementation nor correctness.,795fc70bd60aee1fe59cbf9c5c76ffd53525ded6; ## chore/bump-standards-pins,verification/proofs/0.2-AI-MANIFEST.a2ml; verification/proofs/README.adoc; verification/proofs/agda/Properties.agda
Panoply,panoply,Faces and foundations,Proof / runtime correspondence,!,Current charter leaves the new toolchain unimplemented; inherited repository history is not a working Panoply compiler.,795fc70bd60aee1fe59cbf9c5c76ffd53525ded6; ## chore/bump-standards-pins,
Panoply,panoply,Faces and foundations,CI / security gates,F,A related filename was enumerated. Its existence establishes neither implementation nor correctness.,795fc70bd60aee1fe59cbf9c5c76ffd53525ded6; ## chore/bump-standards-pins,.github/workflows/boj-build.yml; .github/workflows/codeql.yml; .github/workflows/dependabot-automerge.yml
Panoply,panoply,Faces and foundations,Benchmarks / measurement,F,A related filename was enumerated. Its existence establishes neither implementation nor correctness.,795fc70bd60aee1fe59cbf9c5c76ffd53525ded6; ## chore/bump-standards-pins,benches/template_bench.sh; verification/benchmarks/0.2-AI-MANIFEST.a2ml; verification/benchmarks/README.adoc
Panoply,panoply,Faces and foundations,Release / packaging,F,A related filename was enumerated. Its existence establishes neither implementation nor correctness.,795fc70bd60aee1fe59cbf9c5c76ffd53525ded6; ## chore/bump-standards-pins,.github/workflows/release.yml; build/guix.scm
nextgen-typing,nextgen-typing,Faces and foundations,Syntax,D,Typing research programme/coordinator; assess the linked kernels separately.,29c48a592653ae17748196d68ab95740aca66831;  D .github/.nojekyll,
nextgen-typing,nextgen-typing,Faces and foundations,Semantics,D,Typing research programme/coordinator; assess the linked kernels separately.,29c48a592653ae17748196d68ab95740aca66831;  D .github/.nojekyll,
nextgen-typing,nextgen-typing,Faces and foundations,Type checker,F,A related filename was enumerated. Its existence establishes neither implementation nor correctness.,29c48a592653ae17748196d68ab95740aca66831;  D .github/.nojekyll,verification/proofs/agda/EchoTyping.agda; verification/proofs/agda/nextgen-typing.agda-lib
nextgen-typing,nextgen-typing,Faces and foundations,Ownership / effects,F,A related filename was enumerated. Its existence establishes neither implementation nor correctness.,29c48a592653ae17748196d68ab95740aca66831;  D .github/.nojekyll,docs/governance/audit/effects/0.3-AI-MANIFEST.a2ml; docs/governance/audit/effects/README.adoc
nextgen-typing,nextgen-typing,Faces and foundations,AST,?,No sufficient component assessment in this audit. This is not a claim of absence.,29c48a592653ae17748196d68ab95740aca66831;  D .github/.nojekyll,
nextgen-typing,nextgen-typing,Faces and foundations,Judgement / evidence graph,?,No sufficient component assessment in this audit. This is not a claim of absence.,29c48a592653ae17748196d68ab95740aca66831;  D .github/.nojekyll,
nextgen-typing,nextgen-typing,Faces and foundations,Lexer,H,Coordinator role. Native execution components belong to the referenced languages/kernels.,29c48a592653ae17748196d68ab95740aca66831;  D .github/.nojekyll,.github/workflows/secret-scanner.yml
nextgen-typing,nextgen-typing,Faces and foundations,Parser,H,Coordinator role. Native execution components belong to the referenced languages/kernels.,29c48a592653ae17748196d68ab95740aca66831;  D .github/.nojekyll,
nextgen-typing,nextgen-typing,Faces and foundations,Elaboration / IR,?,No sufficient component assessment in this audit. This is not a claim of absence.,29c48a592653ae17748196d68ab95740aca66831;  D .github/.nojekyll,
nextgen-typing,nextgen-typing,Faces and foundations,REPL,H,Coordinator role. Native execution components belong to the referenced languages/kernels.,29c48a592653ae17748196d68ab95740aca66831;  D .github/.nojekyll,
nextgen-typing,nextgen-typing,Faces and foundations,LSP / debugger,?,No sufficient component assessment in this audit. This is not a claim of absence.,29c48a592653ae17748196d68ab95740aca66831;  D .github/.nojekyll,
nextgen-typing,nextgen-typing,Faces and foundations,Interpreter / runner,H,Coordinator role. Native execution components belong to the referenced languages/kernels.,29c48a592653ae17748196d68ab95740aca66831;  D .github/.nojekyll,.github/workflows/runtime-policy.yml
nextgen-typing,nextgen-typing,Faces and foundations,Meta-interpreter,?,No sufficient component assessment in this audit. This is not a claim of absence.,29c48a592653ae17748196d68ab95740aca66831;  D .github/.nojekyll,
nextgen-typing,nextgen-typing,Faces and foundations,Compiler / build,H,Coordinator role. Native execution components belong to the referenced languages/kernels.,29c48a592653ae17748196d68ab95740aca66831;  D .github/.nojekyll,
nextgen-typing,nextgen-typing,Faces and foundations,Meta-compiler,H,Coordinator role. Native execution components belong to the referenced languages/kernels.,29c48a592653ae17748196d68ab95740aca66831;  D .github/.nojekyll,features/ssg/ssg-bootstrap.sh
nextgen-typing,nextgen-typing,Faces and foundations,Code generators,?,No sufficient component assessment in this audit. This is not a claim of absence.,29c48a592653ae17748196d68ab95740aca66831;  D .github/.nojekyll,
nextgen-typing,nextgen-typing,Faces and foundations,Coprocessor / GPU,?,No sufficient component assessment in this audit. This is not a claim of absence.,29c48a592653ae17748196d68ab95740aca66831;  D .github/.nojekyll,
nextgen-typing,nextgen-typing,Faces and foundations,FFI / ABI / verifier,F,A related filename was enumerated. Its existence establishes neither implementation nor correctness.,29c48a592653ae17748196d68ab95740aca66831;  D .github/.nojekyll,.machine_readable/scripts/verification/0.3-AI-MANIFEST.a2ml; .machine_readable/scripts/verification/README.adoc; verification/0.1-AI-MANIFEST.a2ml
nextgen-typing,nextgen-typing,Faces and foundations,Standard library,H,Coordinator role. Native execution components belong to the referenced languages/kernels.,29c48a592653ae17748196d68ab95740aca66831;  D .github/.nojekyll,
nextgen-typing,nextgen-typing,Faces and foundations,Aggregate library,?,No sufficient component assessment in this audit. This is not a claim of absence.,29c48a592653ae17748196d68ab95740aca66831;  D .github/.nojekyll,
nextgen-typing,nextgen-typing,Faces and foundations,Other libraries / packages,F,A related filename was enumerated. Its existence establishes neither implementation nor correctness.,29c48a592653ae17748196d68ab95740aca66831;  D .github/.nojekyll,.machine_readable/6a2/ECOSYSTEM.a2ml
nextgen-typing,nextgen-typing,Faces and foundations,Unit / conformance tests,F,A related filename was enumerated. Its existence establishes neither implementation nor correctness.,29c48a592653ae17748196d68ab95740aca66831;  D .github/.nojekyll,tests/aspect_tests.sh; tests/e2e.sh; tests/e2e/template_instantiation_test.sh
nextgen-typing,nextgen-typing,Faces and foundations,Property tests / fuzzing,F,A related filename was enumerated. Its existence establishes neither implementation nor correctness.,29c48a592653ae17748196d68ab95740aca66831;  D .github/.nojekyll,tests/fuzz/README.adoc; verification/fuzzing/0.2-AI-MANIFEST.a2ml; verification/fuzzing/README.adoc
nextgen-typing,nextgen-typing,Faces and foundations,Formal model / proofs,F,A related filename was enumerated. Its existence establishes neither implementation nor correctness.,29c48a592653ae17748196d68ab95740aca66831;  D .github/.nojekyll,verification/proofs/0.2-AI-MANIFEST.a2ml; verification/proofs/README.adoc; verification/proofs/agda/EchoTyping.agda
nextgen-typing,nextgen-typing,Faces and foundations,Proof / runtime correspondence,?,No sufficient component assessment in this audit. This is not a claim of absence.,29c48a592653ae17748196d68ab95740aca66831;  D .github/.nojekyll,
nextgen-typing,nextgen-typing,Faces and foundations,CI / security gates,F,A related filename was enumerated. Its existence establishes neither implementation nor correctness.,29c48a592653ae17748196d68ab95740aca66831;  D .github/.nojekyll,.github/workflows/boj-build.yml; .github/workflows/codeql.yml; .github/workflows/coordination-boundary.yml
nextgen-typing,nextgen-typing,Faces and foundations,Benchmarks / measurement,F,A related filename was enumerated. Its existence establishes neither implementation nor correctness.,29c48a592653ae17748196d68ab95740aca66831;  D .github/.nojekyll,benches/template_bench.sh; verification/benchmarks/0.2-AI-MANIFEST.a2ml; verification/benchmarks/README.adoc
nextgen-typing,nextgen-typing,Faces and foundations,Release / packaging,F,A related filename was enumerated. Its existence establishes neither implementation nor correctness.,29c48a592653ae17748196d68ab95740aca66831;  D .github/.nojekyll,.github/workflows/release.yml
Kategoria,kategoria,Faces and foundations,Syntax,D,Five research routes; alpha/Idris extension contains source while other routes are largely prose.,7e65089b227b8c40962c7bbc1f4ccff8592de24d;  D .github/.nojekyll,
Kategoria,kategoria,Faces and foundations,Semantics,D,Five research routes; alpha/Idris extension contains source while other routes are largely prose.,7e65089b227b8c40962c7bbc1f4ccff8592de24d;  D .github/.nojekyll,
Kategoria,kategoria,Faces and foundations,Type checker,I,Alpha route Idris source inspected; broad multi-route implementation not established.,7e65089b227b8c40962c7bbc1f4ccff8592de24d;  D .github/.nojekyll,
Kategoria,kategoria,Faces and foundations,Ownership / effects,F,A related filename was enumerated. Its existence establishes neither implementation nor correctness.,7e65089b227b8c40962c7bbc1f4ccff8592de24d;  D .github/.nojekyll,.claude/worktrees/bridge-matrix-fix/docs/governance/audit/effects/0.3-AI-MANIFEST.a2ml; .claude/worktrees/bridge-matrix-fix/docs/governance/audit/effects/README.adoc; .claude/worktrees/bridge-matrix-fix/docs/stumble-journal/001-qtt-cubical-wall.adoc
Kategoria,kategoria,Faces and foundations,AST,?,No sufficient component assessment in this audit. This is not a claim of absence.,7e65089b227b8c40962c7bbc1f4ccff8592de24d;  D .github/.nojekyll,
Kategoria,kategoria,Faces and foundations,Judgement / evidence graph,?,No sufficient component assessment in this audit. This is not a claim of absence.,7e65089b227b8c40962c7bbc1f4ccff8592de24d;  D .github/.nojekyll,
Kategoria,kategoria,Faces and foundations,Lexer,F,A related filename was enumerated. Its existence establishes neither implementation nor correctness.,7e65089b227b8c40962c7bbc1f4ccff8592de24d;  D .github/.nojekyll,.claude/worktrees/bridge-matrix-fix/.github/workflows/secret-scanner.yml; .github/workflows/secret-scanner.yml
Kategoria,kategoria,Faces and foundations,Parser,?,No sufficient component assessment in this audit. This is not a claim of absence.,7e65089b227b8c40962c7bbc1f4ccff8592de24d;  D .github/.nojekyll,
Kategoria,kategoria,Faces and foundations,Elaboration / IR,?,No sufficient component assessment in this audit. This is not a claim of absence.,7e65089b227b8c40962c7bbc1f4ccff8592de24d;  D .github/.nojekyll,
Kategoria,kategoria,Faces and foundations,REPL,?,No sufficient component assessment in this audit. This is not a claim of absence.,7e65089b227b8c40962c7bbc1f4ccff8592de24d;  D .github/.nojekyll,
Kategoria,kategoria,Faces and foundations,LSP / debugger,?,No sufficient component assessment in this audit. This is not a claim of absence.,7e65089b227b8c40962c7bbc1f4ccff8592de24d;  D .github/.nojekyll,
Kategoria,kategoria,Faces and foundations,Interpreter / runner,?,No sufficient component assessment in this audit. This is not a claim of absence.,7e65089b227b8c40962c7bbc1f4ccff8592de24d;  D .github/.nojekyll,
Kategoria,kategoria,Faces and foundations,Meta-interpreter,?,No sufficient component assessment in this audit. This is not a claim of absence.,7e65089b227b8c40962c7bbc1f4ccff8592de24d;  D .github/.nojekyll,
Kategoria,kategoria,Faces and foundations,Compiler / build,F,A related filename was enumerated. Its existence establishes neither implementation nor correctness.,7e65089b227b8c40962c7bbc1f4ccff8592de24d;  D .github/.nojekyll,.claude/worktrees/bridge-matrix-fix/src/interface/ffi/build.zig; .claude/worktrees/typell-feed/examples/build/ttc/2023090800/Demo_ProvenArithmetic.ttc; .claude/worktrees/typell-feed/examples/build/ttc/2023090800/Demo_ProvenArithmetic.ttm
Kategoria,kategoria,Faces and foundations,Meta-compiler,F,A related filename was enumerated. Its existence establishes neither implementation nor correctness.,7e65089b227b8c40962c7bbc1f4ccff8592de24d;  D .github/.nojekyll,.claude/worktrees/bridge-matrix-fix/features/ssg/ssg-bootstrap.sh; features/ssg/ssg-bootstrap.sh
Kategoria,kategoria,Faces and foundations,Code generators,?,No sufficient component assessment in this audit. This is not a claim of absence.,7e65089b227b8c40962c7bbc1f4ccff8592de24d;  D .github/.nojekyll,
Kategoria,kategoria,Faces and foundations,Coprocessor / GPU,?,No sufficient component assessment in this audit. This is not a claim of absence.,7e65089b227b8c40962c7bbc1f4ccff8592de24d;  D .github/.nojekyll,
Kategoria,kategoria,Faces and foundations,FFI / ABI / verifier,F,A related filename was enumerated. Its existence establishes neither implementation nor correctness.,7e65089b227b8c40962c7bbc1f4ccff8592de24d;  D .github/.nojekyll,.claude/worktrees/bridge-matrix-fix/.machine_readable/scripts/verification/0.3-AI-MANIFEST.a2ml; .claude/worktrees/bridge-matrix-fix/.machine_readable/scripts/verification/README.adoc; .claude/worktrees/bridge-matrix-fix/src/interface/abi/0.3-AI-MANIFEST.a2ml
Kategoria,kategoria,Faces and foundations,Standard library,?,No sufficient component assessment in this audit. This is not a claim of absence.,7e65089b227b8c40962c7bbc1f4ccff8592de24d;  D .github/.nojekyll,
Kategoria,kategoria,Faces and foundations,Aggregate library,?,No sufficient component assessment in this audit. This is not a claim of absence.,7e65089b227b8c40962c7bbc1f4ccff8592de24d;  D .github/.nojekyll,
Kategoria,kategoria,Faces and foundations,Other libraries / packages,F,A related filename was enumerated. Its existence establishes neither implementation nor correctness.,7e65089b227b8c40962c7bbc1f4ccff8592de24d;  D .github/.nojekyll,.claude/worktrees/bridge-matrix-fix/.machine_readable/6a2/ECOSYSTEM.a2ml; .machine_readable/6a2/ECOSYSTEM.a2ml
Kategoria,kategoria,Faces and foundations,Unit / conformance tests,F,A related filename was enumerated. Its existence establishes neither implementation nor correctness.,7e65089b227b8c40962c7bbc1f4ccff8592de24d;  D .github/.nojekyll,.claude/worktrees/bridge-matrix-fix/src/interface/ffi/test/0.4-AI-MANIFEST.a2ml; .claude/worktrees/bridge-matrix-fix/src/interface/ffi/test/README.adoc; .claude/worktrees/bridge-matrix-fix/src/interface/ffi/test/integration_test.zig
Kategoria,kategoria,Faces and foundations,Property tests / fuzzing,F,A related filename was enumerated. Its existence establishes neither implementation nor correctness.,7e65089b227b8c40962c7bbc1f4ccff8592de24d;  D .github/.nojekyll,.claude/worktrees/bridge-matrix-fix/tests/fuzz/placeholder.txt; .claude/worktrees/bridge-matrix-fix/tests/property_test.sh; .claude/worktrees/bridge-matrix-fix/verification/fuzzing/0.2-AI-MANIFEST.a2ml
Kategoria,kategoria,Faces and foundations,Formal model / proofs,P,"A separate actual Idris Refl transport control checked successfully, refuting the claim that safe equality transport itself is impossible. It is not a cubical/univalence implementation.",7e65089b227b8c40962c7bbc1f4ccff8592de24d;  D .github/.nojekyll,.claude/worktrees/bridge-matrix-fix/verification/proofs/0.2-AI-MANIFEST.a2ml; .claude/worktrees/bridge-matrix-fix/verification/proofs/README.adoc; verification/proofs/0.2-AI-MANIFEST.a2ml
Kategoria,kategoria,Faces and foundations,Proof / runtime correspondence,!,The transport control does not establish soundness of all five proposed routes.,7e65089b227b8c40962c7bbc1f4ccff8592de24d;  D .github/.nojekyll,.claude/worktrees/bridge-matrix-fix/routes/alpha-extend/Level08_Refinement.idr; .claude/worktrees/typell-feed/routes/alpha-extend/build/ttc/2023090800/Level08_Refinement.ttc; .claude/worktrees/typell-feed/routes/alpha-extend/build/ttc/2023090800/Level08_Refinement.ttm
Kategoria,kategoria,Faces and foundations,CI / security gates,F,A related filename was enumerated. Its existence establishes neither implementation nor correctness.,7e65089b227b8c40962c7bbc1f4ccff8592de24d;  D .github/.nojekyll,.claude/worktrees/bridge-matrix-fix/.github/workflows/boj-build.yml; .claude/worktrees/bridge-matrix-fix/.github/workflows/casket-pages.yml; .claude/worktrees/bridge-matrix-fix/.github/workflows/codeql.yml
Kategoria,kategoria,Faces and foundations,Benchmarks / measurement,F,A related filename was enumerated. Its existence establishes neither implementation nor correctness.,7e65089b227b8c40962c7bbc1f4ccff8592de24d;  D .github/.nojekyll,.claude/worktrees/bridge-matrix-fix/verification/benchmarks/0.2-AI-MANIFEST.a2ml; .claude/worktrees/bridge-matrix-fix/verification/benchmarks/README.adoc; verification/benchmarks/0.2-AI-MANIFEST.a2ml
Kategoria,kategoria,Faces and foundations,Release / packaging,F,A related filename was enumerated. Its existence establishes neither implementation nor correctness.,7e65089b227b8c40962c7bbc1f4ccff8592de24d;  D .github/.nojekyll,.claude/worktrees/bridge-matrix-fix/.github/workflows/release.yml; .claude/worktrees/bridge-matrix-fix/guix.scm; .github/workflows/release.yml
TypeLL,typell,Faces and foundations,Syntax,D,Rust checker hub and Idris model reviewed; each bridge needs its own preservation contract.,a9598a6cb27f2706b0ae43de85b6ea0843c9a24e;  D .github/FUNDING.yml,
TypeLL,typell,Faces and foundations,Semantics,D,Rust checker hub and Idris model reviewed; each bridge needs its own preservation contract.,a9598a6cb27f2706b0ae43de85b6ea0843c9a24e;  D .github/FUNDING.yml,.claude/worktrees/kategoria-conformance/src/abi/InferenceSoundness.idr; .claude/worktrees/kategoria-conformance/src/abi/Soundness.idr; src/abi/InferenceSoundness.idr
TypeLL,typell,Faces and foundations,Type checker,I,Checker implementation inspected; finish can return success with pending proof obligations and linearity issues.,a9598a6cb27f2706b0ae43de85b6ea0843c9a24e;  D .github/FUNDING.yml,.claude/worktrees/kategoria-conformance/docs/decisions/0002-reversibility-as-typing-case-study.md; docs/decisions/0002-reversibility-as-typing-case-study.md
TypeLL,typell,Faces and foundations,Ownership / effects,F,A related filename was enumerated. Its existence establishes neither implementation nor correctness.,a9598a6cb27f2706b0ae43de85b6ea0843c9a24e;  D .github/FUNDING.yml,.claude/worktrees/kategoria-conformance/crates/typell-affinescript/Cargo.toml; .claude/worktrees/kategoria-conformance/crates/typell-affinescript/src/bridge.rs; .claude/worktrees/kategoria-conformance/crates/typell-affinescript/src/lib.rs
TypeLL,typell,Faces and foundations,AST,?,No sufficient component assessment in this audit. This is not a claim of absence.,a9598a6cb27f2706b0ae43de85b6ea0843c9a24e;  D .github/FUNDING.yml,
TypeLL,typell,Faces and foundations,Judgement / evidence graph,?,No sufficient component assessment in this audit. This is not a claim of absence.,a9598a6cb27f2706b0ae43de85b6ea0843c9a24e;  D .github/FUNDING.yml,
TypeLL,typell,Faces and foundations,Lexer,F,A related filename was enumerated. Its existence establishes neither implementation nor correctness.,a9598a6cb27f2706b0ae43de85b6ea0843c9a24e;  D .github/FUNDING.yml,.claude/worktrees/kategoria-conformance/.github/workflows/secret-scanner.yml; .github/workflows/secret-scanner.yml
TypeLL,typell,Faces and foundations,Parser,?,No sufficient component assessment in this audit. This is not a claim of absence.,a9598a6cb27f2706b0ae43de85b6ea0843c9a24e;  D .github/FUNDING.yml,
TypeLL,typell,Faces and foundations,Elaboration / IR,!,"Bridge drops record/variant labels, indexed-Nat expressions and dependent-arrow effects; external proof discharge is TODO. Affine v1 refinement assumptions are stale.",a9598a6cb27f2706b0ae43de85b6ea0843c9a24e;  D .github/FUNDING.yml,
TypeLL,typell,Faces and foundations,REPL,?,No sufficient component assessment in this audit. This is not a claim of absence.,a9598a6cb27f2706b0ae43de85b6ea0843c9a24e;  D .github/FUNDING.yml,
TypeLL,typell,Faces and foundations,LSP / debugger,?,No sufficient component assessment in this audit. This is not a claim of absence.,a9598a6cb27f2706b0ae43de85b6ea0843c9a24e;  D .github/FUNDING.yml,
TypeLL,typell,Faces and foundations,Interpreter / runner,?,No sufficient component assessment in this audit. This is not a claim of absence.,a9598a6cb27f2706b0ae43de85b6ea0843c9a24e;  D .github/FUNDING.yml,
TypeLL,typell,Faces and foundations,Meta-interpreter,?,No sufficient component assessment in this audit. This is not a claim of absence.,a9598a6cb27f2706b0ae43de85b6ea0843c9a24e;  D .github/FUNDING.yml,
TypeLL,typell,Faces and foundations,Compiler / build,F,A related filename was enumerated. Its existence establishes neither implementation nor correctness.,a9598a6cb27f2706b0ae43de85b6ea0843c9a24e;  D .github/FUNDING.yml,.claude/worktrees/kategoria-conformance/ffi/zig/build.zig; ffi/zig/build.zig
TypeLL,typell,Faces and foundations,Meta-compiler,?,No sufficient component assessment in this audit. This is not a claim of absence.,a9598a6cb27f2706b0ae43de85b6ea0843c9a24e;  D .github/FUNDING.yml,
TypeLL,typell,Faces and foundations,Code generators,F,A related filename was enumerated. Its existence establishes neither implementation nor correctness.,a9598a6cb27f2706b0ae43de85b6ea0843c9a24e;  D .github/FUNDING.yml,.claude/worktrees/kategoria-conformance/src/backends/README.md; src/backends/README.md
TypeLL,typell,Faces and foundations,Coprocessor / GPU,?,No sufficient component assessment in this audit. This is not a claim of absence.,a9598a6cb27f2706b0ae43de85b6ea0843c9a24e;  D .github/FUNDING.yml,
TypeLL,typell,Faces and foundations,FFI / ABI / verifier,!,"Bridge drops record/variant labels, indexed-Nat expressions and dependent-arrow effects; external proof discharge is TODO. Affine v1 refinement assumptions are stale.",a9598a6cb27f2706b0ae43de85b6ea0843c9a24e;  D .github/FUNDING.yml,.claude/worktrees/kategoria-conformance/ffi/zig/build.zig; .claude/worktrees/kategoria-conformance/ffi/zig/src/main.zig; .claude/worktrees/kategoria-conformance/ffi/zig/test/integration_test.zig
TypeLL,typell,Faces and foundations,Standard library,?,No sufficient component assessment in this audit. This is not a claim of absence.,a9598a6cb27f2706b0ae43de85b6ea0843c9a24e;  D .github/FUNDING.yml,
TypeLL,typell,Faces and foundations,Aggregate library,?,No sufficient component assessment in this audit. This is not a claim of absence.,a9598a6cb27f2706b0ae43de85b6ea0843c9a24e;  D .github/FUNDING.yml,
TypeLL,typell,Faces and foundations,Other libraries / packages,F,A related filename was enumerated. Its existence establishes neither implementation nor correctness.,a9598a6cb27f2706b0ae43de85b6ea0843c9a24e;  D .github/FUNDING.yml,.claude/worktrees/kategoria-conformance/.machine_readable/6a2/ECOSYSTEM.a2ml; .machine_readable/6a2/ECOSYSTEM.a2ml
TypeLL,typell,Faces and foundations,Unit / conformance tests,T,Offline TypeLL core cargo tests passed.,a9598a6cb27f2706b0ae43de85b6ea0843c9a24e;  D .github/FUNDING.yml,.claude/worktrees/kategoria-conformance/crates/typell-core/tests/core_comprehensive_tests.rs; .claude/worktrees/kategoria-conformance/crates/typell-core/tests/e2e_test.rs; .claude/worktrees/kategoria-conformance/crates/typell-core/tests/kategoria_conformance.rs
TypeLL,typell,Faces and foundations,Property tests / fuzzing,F,A related filename was enumerated. Its existence establishes neither implementation nor correctness.,a9598a6cb27f2706b0ae43de85b6ea0843c9a24e;  D .github/FUNDING.yml,.claude/worktrees/kategoria-conformance/crates/typell-core/tests/property_test.rs; .claude/worktrees/kategoria-conformance/tests/fuzz/placeholder.txt; crates/typell-core/tests/property_test.rs
TypeLL,typell,Faces and foundations,Formal model / proofs,I,Idris Soundness model covers Bool/Int/Unit/Arrow; it does not establish all hub types and bridges.,a9598a6cb27f2706b0ae43de85b6ea0843c9a24e;  D .github/FUNDING.yml,.claude/worktrees/kategoria-conformance/src/abi/InferenceSoundness.idr; .claude/worktrees/kategoria-conformance/src/abi/Soundness.idr; src/abi/InferenceSoundness.idr
TypeLL,typell,Faces and foundations,Proof / runtime correspondence,!,"Bridge drops record/variant labels, indexed-Nat expressions and dependent-arrow effects; external proof discharge is TODO. Affine v1 refinement assumptions are stale.",a9598a6cb27f2706b0ae43de85b6ea0843c9a24e;  D .github/FUNDING.yml,.claude/worktrees/kategoria-conformance/src/abi/InferenceSoundness.idr; .claude/worktrees/kategoria-conformance/src/abi/Soundness.idr; src/abi/InferenceSoundness.idr
TypeLL,typell,Faces and foundations,CI / security gates,F,A related filename was enumerated. Its existence establishes neither implementation nor correctness.,a9598a6cb27f2706b0ae43de85b6ea0843c9a24e;  D .github/FUNDING.yml,.claude/worktrees/kategoria-conformance/.github/workflows/boj-build.yml; .claude/worktrees/kategoria-conformance/.github/workflows/casket-pages.yml; .claude/worktrees/kategoria-conformance/.github/workflows/codeql.yml
TypeLL,typell,Faces and foundations,Benchmarks / measurement,F,A related filename was enumerated. Its existence establishes neither implementation nor correctness.,a9598a6cb27f2706b0ae43de85b6ea0843c9a24e;  D .github/FUNDING.yml,.claude/worktrees/kategoria-conformance/benches/.gitkeep; .claude/worktrees/kategoria-conformance/crates/typell-core/benches/typell_bench.rs; benches/.gitkeep
TypeLL,typell,Faces and foundations,Release / packaging,F,A related filename was enumerated. Its existence establishes neither implementation nor correctness.,a9598a6cb27f2706b0ae43de85b6ea0843c9a24e;  D .github/FUNDING.yml,.claude/worktrees/kategoria-conformance/.github/workflows/release.yml; .claude/worktrees/kategoria-conformance/guix.scm; .github/workflows/release.yml
typed-wasm,typed-wasm,Faces and foundations,Syntax,D,"Typed WebAssembly sections, producer/checker relationship and trust boundary reviewed.",2bfddabc643a650303a93dcd467365c4cffe4632; ## main...origin/main [ahead 102],spec/L13-L16-reserved-syntax.adoc; spec/grammar.ebnf; tools/tree-sitter-twasm/grammar.js
typed-wasm,typed-wasm,Faces and foundations,Semantics,D,"Typed WebAssembly sections, producer/checker relationship and trust boundary reviewed.",2bfddabc643a650303a93dcd467365c4cffe4632; ## main...origin/main [ahead 102],
typed-wasm,typed-wasm,Faces and foundations,Type checker,I,Rust verifier and producer code inspected; compatibility accepts a binary without an ownership section.,2bfddabc643a650303a93dcd467365c4cffe4632; ## main...origin/main [ahead 102],crates/typed-wasm-codegen/tests/access_typing.rs; src/abi/TypedWasm/ABI/AccessTypingSpec.idr; src/parser/Checker.affine
typed-wasm,typed-wasm,Faces and foundations,Ownership / effects,F,A related filename was enumerated. Its existence establishes neither implementation nor correctness.,2bfddabc643a650303a93dcd467365c4cffe4632; ## main...origin/main [ahead 102],affinescript.json; crates/typed-wasm-verify/tests/fixtures/c5_real/01_clean_linear.affine; crates/typed-wasm-verify/tests/fixtures/c5_real/01_clean_linear.wasm
typed-wasm,typed-wasm,Faces and foundations,AST,F,A related filename was enumerated. Its existence establishes neither implementation nor correctness.,2bfddabc643a650303a93dcd467365c4cffe4632; ## main...origin/main [ahead 102],src/parser/Ast.affine
typed-wasm,typed-wasm,Faces and foundations,Judgement / evidence graph,?,No sufficient component assessment in this audit. This is not a claim of absence.,2bfddabc643a650303a93dcd467365c4cffe4632; ## main...origin/main [ahead 102],
typed-wasm,typed-wasm,Faces and foundations,Lexer,F,A related filename was enumerated. Its existence establishes neither implementation nor correctness.,2bfddabc643a650303a93dcd467365c4cffe4632; ## main...origin/main [ahead 102],.github/workflows/secret-scanner.yml; src/parser/Lexer.affine
typed-wasm,typed-wasm,Faces and foundations,Parser,F,A related filename was enumerated. Its existence establishes neither implementation nor correctness.,2bfddabc643a650303a93dcd467365c4cffe4632; ## main...origin/main [ahead 102],benchmarks/parser-bench.mjs; crates/typed-wasm-codegen/src/parser.rs; spec/grammar.ebnf
typed-wasm,typed-wasm,Faces and foundations,Elaboration / IR,F,A related filename was enumerated. Its existence establishes neither implementation nor correctness.,2bfddabc643a650303a93dcd467365c4cffe4632; ## main...origin/main [ahead 102],crates/typed-wasm-codegen/tests/execute_lowering.rs; crates/typed-wasm-codegen/tests/scan_lowering.rs
typed-wasm,typed-wasm,Faces and foundations,REPL,?,No sufficient component assessment in this audit. This is not a claim of absence.,2bfddabc643a650303a93dcd467365c4cffe4632; ## main...origin/main [ahead 102],
typed-wasm,typed-wasm,Faces and foundations,LSP / debugger,?,No sufficient component assessment in this audit. This is not a claim of absence.,2bfddabc643a650303a93dcd467365c4cffe4632; ## main...origin/main [ahead 102],
typed-wasm,typed-wasm,Faces and foundations,Interpreter / runner,?,No sufficient component assessment in this audit. This is not a claim of absence.,2bfddabc643a650303a93dcd467365c4cffe4632; ## main...origin/main [ahead 102],
typed-wasm,typed-wasm,Faces and foundations,Meta-interpreter,?,No sufficient component assessment in this audit. This is not a claim of absence.,2bfddabc643a650303a93dcd467365c4cffe4632; ## main...origin/main [ahead 102],
typed-wasm,typed-wasm,Faces and foundations,Compiler / build,!,Actual workspace cargo resolution failed: codegen requests nonexistent verifier feature unstable-l13-imports. Tests never started; no false test-failure inference.,2bfddabc643a650303a93dcd467365c4cffe4632; ## main...origin/main [ahead 102],ffi/zig/build.zig
typed-wasm,typed-wasm,Faces and foundations,Meta-compiler,F,A related filename was enumerated. Its existence establishes neither implementation nor correctness.,2bfddabc643a650303a93dcd467365c4cffe4632; ## main...origin/main [ahead 102],features/ssg/ssg-bootstrap.sh
typed-wasm,typed-wasm,Faces and foundations,Code generators,I,Rust verifier and producer code inspected; compatibility accepts a binary without an ownership section.,2bfddabc643a650303a93dcd467365c4cffe4632; ## main...origin/main [ahead 102],crates/typed-wasm-codegen/Cargo.toml; crates/typed-wasm-codegen/README.md; crates/typed-wasm-codegen/src/bin/tw.rs
typed-wasm,typed-wasm,Faces and foundations,Coprocessor / GPU,?,No sufficient component assessment in this audit. This is not a claim of absence.,2bfddabc643a650303a93dcd467365c4cffe4632; ## main...origin/main [ahead 102],
typed-wasm,typed-wasm,Faces and foundations,FFI / ABI / verifier,I,Rust verifier and producer code inspected; compatibility accepts a binary without an ownership section.,2bfddabc643a650303a93dcd467365c4cffe4632; ## main...origin/main [ahead 102],.machine_readable/scripts/verification/0.3-AI-MANIFEST.a2ml; .machine_readable/scripts/verification/README.adoc; ffi/zig/build.zig
typed-wasm,typed-wasm,Faces and foundations,Standard library,F,A related filename was enumerated. Its existence establishes neither implementation nor correctness.,2bfddabc643a650303a93dcd467365c4cffe4632; ## main...origin/main [ahead 102],src/abi/Layout/Stdlib.idr
typed-wasm,typed-wasm,Faces and foundations,Aggregate library,F,A related filename was enumerated. Its existence establishes neither implementation nor correctness.,2bfddabc643a650303a93dcd467365c4cffe4632; ## main...origin/main [ahead 102],docs/architecture/AGGREGATE-LIBRARY-VISION.adoc
typed-wasm,typed-wasm,Faces and foundations,Other libraries / packages,F,A related filename was enumerated. Its existence establishes neither implementation nor correctness.,2bfddabc643a650303a93dcd467365c4cffe4632; ## main...origin/main [ahead 102],.machine_readable/6a2/ECOSYSTEM.a2ml
typed-wasm,typed-wasm,Faces and foundations,Unit / conformance tests,!,Actual workspace cargo resolution failed: codegen requests nonexistent verifier feature unstable-l13-imports. Tests never started; no false test-failure inference.,2bfddabc643a650303a93dcd467365c4cffe4632; ## main...origin/main [ahead 102],crates/typed-wasm-codegen/tests/access_typing.rs; crates/typed-wasm-codegen/tests/corpus.rs; crates/typed-wasm-codegen/tests/errors.rs
typed-wasm,typed-wasm,Faces and foundations,Property tests / fuzzing,F,A related filename was enumerated. Its existence establishes neither implementation nor correctness.,2bfddabc643a650303a93dcd467365c4cffe4632; ## main...origin/main [ahead 102],tests/fuzz/README.adoc; tests/property/property_test.mjs; verification/fuzzing/0.2-AI-MANIFEST.a2ml
typed-wasm,typed-wasm,Faces and foundations,Formal model / proofs,!,SourceAccepts and VerifierAccepts use the same FunctionsAccepted witness in the Idris fixture model. That is not a refinement proof of the Rust byte parser.,2bfddabc643a650303a93dcd467365c4cffe4632; ## main...origin/main [ahead 102],verification/proofs/0.2-AI-MANIFEST.a2ml; verification/proofs/README.adoc
typed-wasm,typed-wasm,Faces and foundations,Proof / runtime correspondence,!,SourceAccepts and VerifierAccepts use the same FunctionsAccepted witness in the Idris fixture model. That is not a refinement proof of the Rust byte parser.,2bfddabc643a650303a93dcd467365c4cffe4632; ## main...origin/main [ahead 102],docs/proof-debt.md; docs/wiki/Proof-Debt-Status.md
typed-wasm,typed-wasm,Faces and foundations,CI / security gates,F,A related filename was enumerated. Its existence establishes neither implementation nor correctness.,2bfddabc643a650303a93dcd467365c4cffe4632; ## main...origin/main [ahead 102],.github/workflows/boj-build.yml; .github/workflows/c5-regenerate.yml; .github/workflows/cargo-audit.yml
typed-wasm,typed-wasm,Faces and foundations,Benchmarks / measurement,F,A related filename was enumerated. Its existence establishes neither implementation nor correctness.,2bfddabc643a650303a93dcd467365c4cffe4632; ## main...origin/main [ahead 102],benchmarks/parser-bench.mjs; spec/ARG-PROFILE.adoc; spec/CRG-PROFILE.adoc
typed-wasm,typed-wasm,Faces and foundations,Release / packaging,F,A related filename was enumerated. Its existence establishes neither implementation nor correctness.,2bfddabc643a650303a93dcd467365c4cffe4632; ## main...origin/main [ahead 102],.github/workflows/release.yml
SystemET,systemet,Faces and foundations,Syntax,D,"L0 runtime, L1 total conversion, L2 grades, L3 guarded recursion, L4 effects/TEA; obligations must remain layer-specific.",b4a59d0e33c45d6419a3e426832f7d84286048ee; ## main...origin/main [behind 15],verification/proofs/lean4/Systemet/L1/Syntax.lean
SystemET,systemet,Faces and foundations,Semantics,D,"L0 runtime, L1 total conversion, L2 grades, L3 guarded recursion, L4 effects/TEA; obligations must remain layer-specific.",b4a59d0e33c45d6419a3e426832f7d84286048ee; ## main...origin/main [behind 15],verification/proofs/lean4/Systemet/L1/Soundness.lean
SystemET,systemet,Faces and foundations,Type checker,?,No sufficient component assessment in this audit. This is not a claim of absence.,b4a59d0e33c45d6419a3e426832f7d84286048ee; ## main...origin/main [behind 15],
SystemET,systemet,Faces and foundations,Ownership / effects,F,A related filename was enumerated. Its existence establishes neither implementation nor correctness.,b4a59d0e33c45d6419a3e426832f7d84286048ee; ## main...origin/main [behind 15],docs/governance/audit/effects/0.3-AI-MANIFEST.a2ml; docs/governance/audit/effects/README.adoc; docs/theory/08-l4-effects-tea.adoc
SystemET,systemet,Faces and foundations,AST,F,A related filename was enumerated. Its existence establishes neither implementation nor correctness.,b4a59d0e33c45d6419a3e426832f7d84286048ee; ## main...origin/main [behind 15],verification/proofs/lean4/Systemet/L1/Syntax.lean
SystemET,systemet,Faces and foundations,Judgement / evidence graph,?,No sufficient component assessment in this audit. This is not a claim of absence.,b4a59d0e33c45d6419a3e426832f7d84286048ee; ## main...origin/main [behind 15],
SystemET,systemet,Faces and foundations,Lexer,F,A related filename was enumerated. Its existence establishes neither implementation nor correctness.,b4a59d0e33c45d6419a3e426832f7d84286048ee; ## main...origin/main [behind 15],.github/workflows/secret-scanner.yml
SystemET,systemet,Faces and foundations,Parser,?,No sufficient component assessment in this audit. This is not a claim of absence.,b4a59d0e33c45d6419a3e426832f7d84286048ee; ## main...origin/main [behind 15],
SystemET,systemet,Faces and foundations,Elaboration / IR,?,No sufficient component assessment in this audit. This is not a claim of absence.,b4a59d0e33c45d6419a3e426832f7d84286048ee; ## main...origin/main [behind 15],
SystemET,systemet,Faces and foundations,REPL,?,No sufficient component assessment in this audit. This is not a claim of absence.,b4a59d0e33c45d6419a3e426832f7d84286048ee; ## main...origin/main [behind 15],
SystemET,systemet,Faces and foundations,LSP / debugger,?,No sufficient component assessment in this audit. This is not a claim of absence.,b4a59d0e33c45d6419a3e426832f7d84286048ee; ## main...origin/main [behind 15],
SystemET,systemet,Faces and foundations,Interpreter / runner,F,A related filename was enumerated. Its existence establishes neither implementation nor correctness.,b4a59d0e33c45d6419a3e426832f7d84286048ee; ## main...origin/main [behind 15],docs/theory/01-l0-runtime.adoc
SystemET,systemet,Faces and foundations,Meta-interpreter,?,No sufficient component assessment in this audit. This is not a claim of absence.,b4a59d0e33c45d6419a3e426832f7d84286048ee; ## main...origin/main [behind 15],
SystemET,systemet,Faces and foundations,Compiler / build,?,No sufficient component assessment in this audit. This is not a claim of absence.,b4a59d0e33c45d6419a3e426832f7d84286048ee; ## main...origin/main [behind 15],
SystemET,systemet,Faces and foundations,Meta-compiler,F,A related filename was enumerated. Its existence establishes neither implementation nor correctness.,b4a59d0e33c45d6419a3e426832f7d84286048ee; ## main...origin/main [behind 15],features/ssg/ssg-bootstrap.sh
SystemET,systemet,Faces and foundations,Code generators,?,No sufficient component assessment in this audit. This is not a claim of absence.,b4a59d0e33c45d6419a3e426832f7d84286048ee; ## main...origin/main [behind 15],
SystemET,systemet,Faces and foundations,Coprocessor / GPU,?,No sufficient component assessment in this audit. This is not a claim of absence.,b4a59d0e33c45d6419a3e426832f7d84286048ee; ## main...origin/main [behind 15],
SystemET,systemet,Faces and foundations,FFI / ABI / verifier,F,A related filename was enumerated. Its existence establishes neither implementation nor correctness.,b4a59d0e33c45d6419a3e426832f7d84286048ee; ## main...origin/main [behind 15],.machine_readable/scripts/verification/0.3-AI-MANIFEST.a2ml; .machine_readable/scripts/verification/README.adoc; verification/0.1-AI-MANIFEST.a2ml
SystemET,systemet,Faces and foundations,Standard library,?,No sufficient component assessment in this audit. This is not a claim of absence.,b4a59d0e33c45d6419a3e426832f7d84286048ee; ## main...origin/main [behind 15],
SystemET,systemet,Faces and foundations,Aggregate library,?,No sufficient component assessment in this audit. This is not a claim of absence.,b4a59d0e33c45d6419a3e426832f7d84286048ee; ## main...origin/main [behind 15],
SystemET,systemet,Faces and foundations,Other libraries / packages,F,A related filename was enumerated. Its existence establishes neither implementation nor correctness.,b4a59d0e33c45d6419a3e426832f7d84286048ee; ## main...origin/main [behind 15],.machine_readable/6a2/ECOSYSTEM.a2ml
SystemET,systemet,Faces and foundations,Unit / conformance tests,F,A related filename was enumerated. Its existence establishes neither implementation nor correctness.,b4a59d0e33c45d6419a3e426832f7d84286048ee; ## main...origin/main [behind 15],tests/aspect_tests.sh; tests/e2e.sh; tests/e2e/template_instantiation_test.sh
SystemET,systemet,Faces and foundations,Property tests / fuzzing,F,A related filename was enumerated. Its existence establishes neither implementation nor correctness.,b4a59d0e33c45d6419a3e426832f7d84286048ee; ## main...origin/main [behind 15],tests/fuzz/README.adoc; verification/fuzzing/0.2-AI-MANIFEST.a2ml; verification/fuzzing/README.adoc
SystemET,systemet,Faces and foundations,Formal model / proofs,F,A related filename was enumerated. Its existence establishes neither implementation nor correctness.,b4a59d0e33c45d6419a3e426832f7d84286048ee; ## main...origin/main [behind 15],verification/proofs/0.2-AI-MANIFEST.a2ml; verification/proofs/README.adoc; verification/proofs/lean4/MANIFEST
SystemET,systemet,Faces and foundations,Proof / runtime correspondence,?,No single end-to-end theorem across all five layers was established in this audit.,b4a59d0e33c45d6419a3e426832f7d84286048ee; ## main...origin/main [behind 15],verification/proofs/lean4/Systemet/L1/Soundness.lean
SystemET,systemet,Faces and foundations,CI / security gates,F,A related filename was enumerated. Its existence establishes neither implementation nor correctness.,b4a59d0e33c45d6419a3e426832f7d84286048ee; ## main...origin/main [behind 15],.github/workflows/boj-build.yml; .github/workflows/codeql.yml; .github/workflows/container-build.yml
SystemET,systemet,Faces and foundations,Benchmarks / measurement,F,A related filename was enumerated. Its existence establishes neither implementation nor correctness.,b4a59d0e33c45d6419a3e426832f7d84286048ee; ## main...origin/main [behind 15],benches/template_bench.sh; verification/benchmarks/0.2-AI-MANIFEST.a2ml; verification/benchmarks/README.adoc
SystemET,systemet,Faces and foundations,Release / packaging,F,A related filename was enumerated. Its existence establishes neither implementation nor correctness.,b4a59d0e33c45d6419a3e426832f7d84286048ee; ## main...origin/main [behind 15],.github/workflows/release.yml
Anytype,anytype,Faces and foundations,Syntax,D,Typed kernel and its relation to SystemET/AffineScript reviewed.,38d6fee1fdb78bd08fd9ef451c35af7537ec1c08; ## fix/ci-timeout-minutes-reusable,src/kernel/Anytype/Core/Syntax.idr
Anytype,anytype,Faces and foundations,Semantics,D,Typed kernel and its relation to SystemET/AffineScript reviewed.,38d6fee1fdb78bd08fd9ef451c35af7537ec1c08; ## fix/ci-timeout-minutes-reusable,
Anytype,anytype,Faces and foundations,Type checker,I,"Idris executable kernel inspected, including affine weakening and linear rejection.",38d6fee1fdb78bd08fd9ef451c35af7537ec1c08; ## fix/ci-timeout-minutes-reusable,
Anytype,anytype,Faces and foundations,Ownership / effects,F,A related filename was enumerated. Its existence establishes neither implementation nor correctness.,38d6fee1fdb78bd08fd9ef451c35af7537ec1c08; ## fix/ci-timeout-minutes-reusable,docs/governance/audit/effects/0.3-AI-MANIFEST.a2ml; docs/governance/audit/effects/README.adoc; src/kernel/Anytype/Grade/Affine.idr
Anytype,anytype,Faces and foundations,AST,F,A related filename was enumerated. Its existence establishes neither implementation nor correctness.,38d6fee1fdb78bd08fd9ef451c35af7537ec1c08; ## fix/ci-timeout-minutes-reusable,src/kernel/Anytype/Core/Syntax.idr
Anytype,anytype,Faces and foundations,Judgement / evidence graph,?,No sufficient component assessment in this audit. This is not a claim of absence.,38d6fee1fdb78bd08fd9ef451c35af7537ec1c08; ## fix/ci-timeout-minutes-reusable,
Anytype,anytype,Faces and foundations,Lexer,F,A related filename was enumerated. Its existence establishes neither implementation nor correctness.,38d6fee1fdb78bd08fd9ef451c35af7537ec1c08; ## fix/ci-timeout-minutes-reusable,.github/workflows/secret-scanner.yml
Anytype,anytype,Faces and foundations,Parser,?,No sufficient component assessment in this audit. This is not a claim of absence.,38d6fee1fdb78bd08fd9ef451c35af7537ec1c08; ## fix/ci-timeout-minutes-reusable,
Anytype,anytype,Faces and foundations,Elaboration / IR,?,No sufficient component assessment in this audit. This is not a claim of absence.,38d6fee1fdb78bd08fd9ef451c35af7537ec1c08; ## fix/ci-timeout-minutes-reusable,
Anytype,anytype,Faces and foundations,REPL,?,No sufficient component assessment in this audit. This is not a claim of absence.,38d6fee1fdb78bd08fd9ef451c35af7537ec1c08; ## fix/ci-timeout-minutes-reusable,
Anytype,anytype,Faces and foundations,LSP / debugger,?,No sufficient component assessment in this audit. This is not a claim of absence.,38d6fee1fdb78bd08fd9ef451c35af7537ec1c08; ## fix/ci-timeout-minutes-reusable,
Anytype,anytype,Faces and foundations,Interpreter / runner,F,A related filename was enumerated. Its existence establishes neither implementation nor correctness.,38d6fee1fdb78bd08fd9ef451c35af7537ec1c08; ## fix/ci-timeout-minutes-reusable,.github/workflows/runtime-policy.yml
Anytype,anytype,Faces and foundations,Meta-interpreter,?,No sufficient component assessment in this audit. This is not a claim of absence.,38d6fee1fdb78bd08fd9ef451c35af7537ec1c08; ## fix/ci-timeout-minutes-reusable,
Anytype,anytype,Faces and foundations,Compiler / build,!,Justfile completion messages/TODO recipes are not a kernel build or compiler implementation.,38d6fee1fdb78bd08fd9ef451c35af7537ec1c08; ## fix/ci-timeout-minutes-reusable,src/interface/ffi/build.zig
Anytype,anytype,Faces and foundations,Meta-compiler,F,A related filename was enumerated. Its existence establishes neither implementation nor correctness.,38d6fee1fdb78bd08fd9ef451c35af7537ec1c08; ## fix/ci-timeout-minutes-reusable,features/ssg/ssg-bootstrap.sh
Anytype,anytype,Faces and foundations,Code generators,?,No sufficient component assessment in this audit. This is not a claim of absence.,38d6fee1fdb78bd08fd9ef451c35af7537ec1c08; ## fix/ci-timeout-minutes-reusable,
Anytype,anytype,Faces and foundations,Coprocessor / GPU,?,No sufficient component assessment in this audit. This is not a claim of absence.,38d6fee1fdb78bd08fd9ef451c35af7537ec1c08; ## fix/ci-timeout-minutes-reusable,
Anytype,anytype,Faces and foundations,FFI / ABI / verifier,F,A related filename was enumerated. Its existence establishes neither implementation nor correctness.,38d6fee1fdb78bd08fd9ef451c35af7537ec1c08; ## fix/ci-timeout-minutes-reusable,.machine_readable/scripts/verification/0.3-AI-MANIFEST.a2ml; .machine_readable/scripts/verification/README.adoc; abi.ipkg
Anytype,anytype,Faces and foundations,Standard library,?,No sufficient component assessment in this audit. This is not a claim of absence.,38d6fee1fdb78bd08fd9ef451c35af7537ec1c08; ## fix/ci-timeout-minutes-reusable,
Anytype,anytype,Faces and foundations,Aggregate library,?,No sufficient component assessment in this audit. This is not a claim of absence.,38d6fee1fdb78bd08fd9ef451c35af7537ec1c08; ## fix/ci-timeout-minutes-reusable,
Anytype,anytype,Faces and foundations,Other libraries / packages,F,A related filename was enumerated. Its existence establishes neither implementation nor correctness.,38d6fee1fdb78bd08fd9ef451c35af7537ec1c08; ## fix/ci-timeout-minutes-reusable,.machine_readable/6a2/ECOSYSTEM.a2ml
Anytype,anytype,Faces and foundations,Unit / conformance tests,T,"19 matrix cases passed, including affine weakening and rejection of invalid linear use.",38d6fee1fdb78bd08fd9ef451c35af7537ec1c08; ## fix/ci-timeout-minutes-reusable,src/interface/ffi/test/0.4-AI-MANIFEST.a2ml; src/interface/ffi/test/README.adoc; src/interface/ffi/test/integration_test.zig
Anytype,anytype,Faces and foundations,Property tests / fuzzing,F,A related filename was enumerated. Its existence establishes neither implementation nor correctness.,38d6fee1fdb78bd08fd9ef451c35af7537ec1c08; ## fix/ci-timeout-minutes-reusable,tests/fuzz/README.adoc; verification/fuzzing/0.2-AI-MANIFEST.a2ml; verification/fuzzing/README.adoc
Anytype,anytype,Faces and foundations,Formal model / proofs,F,A related filename was enumerated. Its existence establishes neither implementation nor correctness.,38d6fee1fdb78bd08fd9ef451c35af7537ec1c08; ## fix/ci-timeout-minutes-reusable,verification/proofs/0.2-AI-MANIFEST.a2ml; verification/proofs/README.adoc; verification/proofs/agda/Properties.agda
Anytype,anytype,Faces and foundations,Proof / runtime correspondence,?,No sufficient component assessment in this audit. This is not a claim of absence.,38d6fee1fdb78bd08fd9ef451c35af7537ec1c08; ## fix/ci-timeout-minutes-reusable,
Anytype,anytype,Faces and foundations,CI / security gates,F,A related filename was enumerated. Its existence establishes neither implementation nor correctness.,38d6fee1fdb78bd08fd9ef451c35af7537ec1c08; ## fix/ci-timeout-minutes-reusable,.github/workflows/boj-build.yml; .github/workflows/codeql.yml; .github/workflows/container-build.yml
Anytype,anytype,Faces and foundations,Benchmarks / measurement,F,A related filename was enumerated. Its existence establishes neither implementation nor correctness.,38d6fee1fdb78bd08fd9ef451c35af7537ec1c08; ## fix/ci-timeout-minutes-reusable,benches/template_bench.sh; verification/benchmarks/0.2-AI-MANIFEST.a2ml; verification/benchmarks/README.adoc
Anytype,anytype,Faces and foundations,Release / packaging,F,A related filename was enumerated. Its existence establishes neither implementation nor correctness.,38d6fee1fdb78bd08fd9ef451c35af7537ec1c08; ## fix/ci-timeout-minutes-reusable,.github/workflows/release.yml
Aggregate library / aLib,aggregate-library,Faces and foundations,Syntax,D,Common semantic operations with per-language bindings; each binding needs operation/domain-specific conformance.,da0bd5137324fb7c0bba46a7c69e602869a69ebb; ## main...origin/main [ahead 6],
Aggregate library / aLib,aggregate-library,Faces and foundations,Semantics,D,Common semantic operations with per-language bindings; each binding needs operation/domain-specific conformance.,da0bd5137324fb7c0bba46a7c69e602869a69ebb; ## main...origin/main [ahead 6],
Aggregate library / aLib,aggregate-library,Faces and foundations,Type checker,?,No sufficient component assessment in this audit. This is not a claim of absence.,da0bd5137324fb7c0bba46a7c69e602869a69ebb; ## main...origin/main [ahead 6],
Aggregate library / aLib,aggregate-library,Faces and foundations,Ownership / effects,F,A related filename was enumerated. Its existence establishes neither implementation nor correctness.,da0bd5137324fb7c0bba46a7c69e602869a69ebb; ## main...origin/main [ahead 6],src/affinescript/ALib.affine; src/affinescript/README.adoc
Aggregate library / aLib,aggregate-library,Faces and foundations,AST,F,A related filename was enumerated. Its existence establishes neither implementation nor correctness.,da0bd5137324fb7c0bba46a7c69e602869a69ebb; ## main...origin/main [ahead 6],lib/aggregate_library/ast/traversal.ex
Aggregate library / aLib,aggregate-library,Faces and foundations,Judgement / evidence graph,?,No sufficient component assessment in this audit. This is not a claim of absence.,da0bd5137324fb7c0bba46a7c69e602869a69ebb; ## main...origin/main [ahead 6],
Aggregate library / aLib,aggregate-library,Faces and foundations,Lexer,H,Library role; host-language frontend/runtime must be assessed in its own row.,da0bd5137324fb7c0bba46a7c69e602869a69ebb; ## main...origin/main [ahead 6],.github/workflows/secret-scanner.yml
Aggregate library / aLib,aggregate-library,Faces and foundations,Parser,H,Library role; host-language frontend/runtime must be assessed in its own row.,da0bd5137324fb7c0bba46a7c69e602869a69ebb; ## main...origin/main [ahead 6],tools/stdlib-merger/src/parser.jl; tools/stdlib-merger/src/parsers/elixir_parser.jl
Aggregate library / aLib,aggregate-library,Faces and foundations,Elaboration / IR,?,No sufficient component assessment in this audit. This is not a claim of absence.,da0bd5137324fb7c0bba46a7c69e602869a69ebb; ## main...origin/main [ahead 6],
Aggregate library / aLib,aggregate-library,Faces and foundations,REPL,?,No sufficient component assessment in this audit. This is not a claim of absence.,da0bd5137324fb7c0bba46a7c69e602869a69ebb; ## main...origin/main [ahead 6],
Aggregate library / aLib,aggregate-library,Faces and foundations,LSP / debugger,?,No sufficient component assessment in this audit. This is not a claim of absence.,da0bd5137324fb7c0bba46a7c69e602869a69ebb; ## main...origin/main [ahead 6],
Aggregate library / aLib,aggregate-library,Faces and foundations,Interpreter / runner,H,Library role; host-language frontend/runtime must be assessed in its own row.,da0bd5137324fb7c0bba46a7c69e602869a69ebb; ## main...origin/main [ahead 6],
Aggregate library / aLib,aggregate-library,Faces and foundations,Meta-interpreter,?,No sufficient component assessment in this audit. This is not a claim of absence.,da0bd5137324fb7c0bba46a7c69e602869a69ebb; ## main...origin/main [ahead 6],
Aggregate library / aLib,aggregate-library,Faces and foundations,Compiler / build,H,Library role; host-language frontend/runtime must be assessed in its own row.,da0bd5137324fb7c0bba46a7c69e602869a69ebb; ## main...origin/main [ahead 6],ffi/zig/build.zig
Aggregate library / aLib,aggregate-library,Faces and foundations,Meta-compiler,?,No sufficient component assessment in this audit. This is not a claim of absence.,da0bd5137324fb7c0bba46a7c69e602869a69ebb; ## main...origin/main [ahead 6],
Aggregate library / aLib,aggregate-library,Faces and foundations,Code generators,?,No sufficient component assessment in this audit. This is not a claim of absence.,da0bd5137324fb7c0bba46a7c69e602869a69ebb; ## main...origin/main [ahead 6],
Aggregate library / aLib,aggregate-library,Faces and foundations,Coprocessor / GPU,?,No sufficient component assessment in this audit. This is not a claim of absence.,da0bd5137324fb7c0bba46a7c69e602869a69ebb; ## main...origin/main [ahead 6],
Aggregate library / aLib,aggregate-library,Faces and foundations,FFI / ABI / verifier,F,A related filename was enumerated. Its existence establishes neither implementation nor correctness.,da0bd5137324fb7c0bba46a7c69e602869a69ebb; ## main...origin/main [ahead 6],ffi/zig/build.zig; ffi/zig/src/main.zig; ffi/zig/test/integration_test.zig
Aggregate library / aLib,aggregate-library,Faces and foundations,Standard library,F,A related filename was enumerated. Its existence establishes neither implementation nor correctness.,da0bd5137324fb7c0bba46a7c69e602869a69ebb; ## main...origin/main [ahead 6],tools/stdlib-merger/ARCHITECTURE.md; tools/stdlib-merger/Project.toml; tools/stdlib-merger/README.md
Aggregate library / aLib,aggregate-library,Faces and foundations,Aggregate library,I,Aggregate design and bindings reviewed. stdlib-merger implementation files are located; a full merger/conformance run is not established.,da0bd5137324fb7c0bba46a7c69e602869a69ebb; ## main...origin/main [ahead 6],lib/aggregate_library.ex; lib/aggregate_library/ast/traversal.ex; lib/aggregate_library/collections.ex
Aggregate library / aLib,aggregate-library,Faces and foundations,Other libraries / packages,I,Aggregate design and bindings reviewed. stdlib-merger implementation files are located; a full merger/conformance run is not established.,da0bd5137324fb7c0bba46a7c69e602869a69ebb; ## main...origin/main [ahead 6],.machine_readable/6a2/ECOSYSTEM.a2ml
Aggregate library / aLib,aggregate-library,Faces and foundations,Unit / conformance tests,F,A related filename was enumerated. Its existence establishes neither implementation nor correctness.,da0bd5137324fb7c0bba46a7c69e602869a69ebb; ## main...origin/main [ahead 6],ffi/zig/test/integration_test.zig; test/RawFunctionTest.mres; test/conformance_test_spec.scm
Aggregate library / aLib,aggregate-library,Faces and foundations,Property tests / fuzzing,?,No sufficient component assessment in this audit. This is not a claim of absence.,da0bd5137324fb7c0bba46a7c69e602869a69ebb; ## main...origin/main [ahead 6],
Aggregate library / aLib,aggregate-library,Faces and foundations,Formal model / proofs,?,No sufficient component assessment in this audit. This is not a claim of absence.,da0bd5137324fb7c0bba46a7c69e602869a69ebb; ## main...origin/main [ahead 6],
Aggregate library / aLib,aggregate-library,Faces and foundations,Proof / runtime correspondence,!,"An operation name shared by languages does not prove matching evaluation order, numerical domain, errors or effects.",da0bd5137324fb7c0bba46a7c69e602869a69ebb; ## main...origin/main [ahead 6],
Aggregate library / aLib,aggregate-library,Faces and foundations,CI / security gates,F,A related filename was enumerated. Its existence establishes neither implementation nor correctness.,da0bd5137324fb7c0bba46a7c69e602869a69ebb; ## main...origin/main [ahead 6],.github/workflows/codeql.yml; .github/workflows/governance.yml; .github/workflows/hypatia-scan.yml
Aggregate library / aLib,aggregate-library,Faces and foundations,Benchmarks / measurement,?,No sufficient component assessment in this audit. This is not a claim of absence.,da0bd5137324fb7c0bba46a7c69e602869a69ebb; ## main...origin/main [ahead 6],
Aggregate library / aLib,aggregate-library,Faces and foundations,Release / packaging,F,A related filename was enumerated. Its existence establishes neither implementation nor correctness.,da0bd5137324fb7c0bba46a7c69e602869a69ebb; ## main...origin/main [ahead 6],guix.scm
Echo types,echo-types,Faces and foundations,Syntax,D,"Residue, information retention and modality foundation referenced by My/Firmboot; model scope matters.",2b97a9581a63352722581c4b26db024db597dfdf;  M .github/funding.yml,proofs/agda/Ordinal/Buchholz/Syntax.agda
Echo types,echo-types,Faces and foundations,Semantics,D,"Residue, information retention and modality foundation referenced by My/Firmboot; model scope matters.",2b97a9581a63352722581c4b26db024db597dfdf;  M .github/funding.yml,
Echo types,echo-types,Faces and foundations,Type checker,?,No sufficient component assessment in this audit. This is not a claim of absence.,2b97a9581a63352722581c4b26db024db597dfdf;  M .github/funding.yml,
Echo types,echo-types,Faces and foundations,Ownership / effects,F,A related filename was enumerated. Its existence establishes neither implementation nor correctness.,2b97a9581a63352722581c4b26db024db597dfdf;  M .github/funding.yml,proofs/agda/EchoLinear.agda; proofs/agda/examples/LinearErasure.agda
Echo types,echo-types,Faces and foundations,AST,F,A related filename was enumerated. Its existence establishes neither implementation nor correctness.,2b97a9581a63352722581c4b26db024db597dfdf;  M .github/funding.yml,proofs/agda/Ordinal/Buchholz/Syntax.agda
Echo types,echo-types,Faces and foundations,Judgement / evidence graph,?,No sufficient component assessment in this audit. This is not a claim of absence.,2b97a9581a63352722581c4b26db024db597dfdf;  M .github/funding.yml,
Echo types,echo-types,Faces and foundations,Lexer,F,A related filename was enumerated. Its existence establishes neither implementation nor correctness.,2b97a9581a63352722581c4b26db024db597dfdf;  M .github/funding.yml,.github/workflows/secret-scanner.yml
Echo types,echo-types,Faces and foundations,Parser,F,A related filename was enumerated. Its existence establishes neither implementation nor correctness.,2b97a9581a63352722581c4b26db024db597dfdf;  M .github/funding.yml,proofs/agda/EchoExampleParser.agda
Echo types,echo-types,Faces and foundations,Elaboration / IR,?,No sufficient component assessment in this audit. This is not a claim of absence.,2b97a9581a63352722581c4b26db024db597dfdf;  M .github/funding.yml,
Echo types,echo-types,Faces and foundations,REPL,?,No sufficient component assessment in this audit. This is not a claim of absence.,2b97a9581a63352722581c4b26db024db597dfdf;  M .github/funding.yml,
Echo types,echo-types,Faces and foundations,LSP / debugger,F,A related filename was enumerated. Its existence establishes neither implementation nor correctness.,2b97a9581a63352722581c4b26db024db597dfdf;  M .github/funding.yml,docs/echo-types/prototypes/warrant_debugger_prototype.jsx
Echo types,echo-types,Faces and foundations,Interpreter / runner,?,No sufficient component assessment in this audit. This is not a claim of absence.,2b97a9581a63352722581c4b26db024db597dfdf;  M .github/funding.yml,
Echo types,echo-types,Faces and foundations,Meta-interpreter,?,No sufficient component assessment in this audit. This is not a claim of absence.,2b97a9581a63352722581c4b26db024db597dfdf;  M .github/funding.yml,
Echo types,echo-types,Faces and foundations,Compiler / build,F,A related filename was enumerated. Its existence establishes neither implementation nor correctness.,2b97a9581a63352722581c4b26db024db597dfdf;  M .github/funding.yml,docs/build.md; docs/echo-types/applications-compiler-analysis.adoc
Echo types,echo-types,Faces and foundations,Meta-compiler,?,No sufficient component assessment in this audit. This is not a claim of absence.,2b97a9581a63352722581c4b26db024db597dfdf;  M .github/funding.yml,
Echo types,echo-types,Faces and foundations,Code generators,?,No sufficient component assessment in this audit. This is not a claim of absence.,2b97a9581a63352722581c4b26db024db597dfdf;  M .github/funding.yml,
Echo types,echo-types,Faces and foundations,Coprocessor / GPU,?,No sufficient component assessment in this audit. This is not a claim of absence.,2b97a9581a63352722581c4b26db024db597dfdf;  M .github/funding.yml,
Echo types,echo-types,Faces and foundations,FFI / ABI / verifier,?,No sufficient component assessment in this audit. This is not a claim of absence.,2b97a9581a63352722581c4b26db024db597dfdf;  M .github/funding.yml,
Echo types,echo-types,Faces and foundations,Standard library,?,No sufficient component assessment in this audit. This is not a claim of absence.,2b97a9581a63352722581c4b26db024db597dfdf;  M .github/funding.yml,
Echo types,echo-types,Faces and foundations,Aggregate library,?,No sufficient component assessment in this audit. This is not a claim of absence.,2b97a9581a63352722581c4b26db024db597dfdf;  M .github/funding.yml,
Echo types,echo-types,Faces and foundations,Other libraries / packages,F,A related filename was enumerated. Its existence establishes neither implementation nor correctness.,2b97a9581a63352722581c4b26db024db597dfdf;  M .github/funding.yml,.machine_readable/6a2/ECOSYSTEM.a2ml
Echo types,echo-types,Faces and foundations,Unit / conformance tests,?,No sufficient component assessment in this audit. This is not a claim of absence.,2b97a9581a63352722581c4b26db024db597dfdf;  M .github/funding.yml,
Echo types,echo-types,Faces and foundations,Property tests / fuzzing,?,No sufficient component assessment in this audit. This is not a claim of absence.,2b97a9581a63352722581c4b26db024db597dfdf;  M .github/funding.yml,
Echo types,echo-types,Faces and foundations,Formal model / proofs,F,A related filename was enumerated. Its existence establishes neither implementation nor correctness.,2b97a9581a63352722581c4b26db024db597dfdf;  M .github/funding.yml,proofs/agda/All.agda; proofs/agda/AntiEcho.agda; proofs/agda/AntiEchoTropical.agda
Echo types,echo-types,Faces and foundations,Proof / runtime correspondence,F,A related filename was enumerated. Its existence establishes neither implementation nor correctness.,2b97a9581a63352722581c4b26db024db597dfdf;  M .github/funding.yml,docs/adjacency/refinement-types.adoc; docs/bridges/tropical-correspondence.md; docs/echo-types/tropical-correspondence.md
Echo types,echo-types,Faces and foundations,CI / security gates,F,A related filename was enumerated. Its existence establishes neither implementation nor correctness.,2b97a9581a63352722581c4b26db024db597dfdf;  M .github/funding.yml,.github/workflows/agda.yml; .github/workflows/codeql.yml; .github/workflows/governance.yml
Echo types,echo-types,Faces and foundations,Benchmarks / measurement,?,No sufficient component assessment in this audit. This is not a claim of absence.,2b97a9581a63352722581c4b26db024db597dfdf;  M .github/funding.yml,
Echo types,echo-types,Faces and foundations,Release / packaging,F,A related filename was enumerated. Its existence establishes neither implementation nor correctness.,2b97a9581a63352722581c4b26db024db597dfdf;  M .github/funding.yml,manifest.scm
Cut calculus,cut-calculus,Faces and foundations,Syntax,D,Finite/conditional research constructions reviewed; no universal transfinite guarantee established.,7f8cd4d5117a3b3e47a004a88b9061217f1acdbb;  M .editorconfig,
Cut calculus,cut-calculus,Faces and foundations,Semantics,D,Finite/conditional research constructions reviewed; no universal transfinite guarantee established.,7f8cd4d5117a3b3e47a004a88b9061217f1acdbb;  M .editorconfig,
Cut calculus,cut-calculus,Faces and foundations,Type checker,?,No sufficient component assessment in this audit. This is not a claim of absence.,7f8cd4d5117a3b3e47a004a88b9061217f1acdbb;  M .editorconfig,
Cut calculus,cut-calculus,Faces and foundations,Ownership / effects,?,No sufficient component assessment in this audit. This is not a claim of absence.,7f8cd4d5117a3b3e47a004a88b9061217f1acdbb;  M .editorconfig,
Cut calculus,cut-calculus,Faces and foundations,AST,?,No sufficient component assessment in this audit. This is not a claim of absence.,7f8cd4d5117a3b3e47a004a88b9061217f1acdbb;  M .editorconfig,
Cut calculus,cut-calculus,Faces and foundations,Judgement / evidence graph,?,No sufficient component assessment in this audit. This is not a claim of absence.,7f8cd4d5117a3b3e47a004a88b9061217f1acdbb;  M .editorconfig,
Cut calculus,cut-calculus,Faces and foundations,Lexer,F,A related filename was enumerated. Its existence establishes neither implementation nor correctness.,7f8cd4d5117a3b3e47a004a88b9061217f1acdbb;  M .editorconfig,.github/workflows/secret-scanner.yml
Cut calculus,cut-calculus,Faces and foundations,Parser,?,No sufficient component assessment in this audit. This is not a claim of absence.,7f8cd4d5117a3b3e47a004a88b9061217f1acdbb;  M .editorconfig,
Cut calculus,cut-calculus,Faces and foundations,Elaboration / IR,?,No sufficient component assessment in this audit. This is not a claim of absence.,7f8cd4d5117a3b3e47a004a88b9061217f1acdbb;  M .editorconfig,
Cut calculus,cut-calculus,Faces and foundations,REPL,?,No sufficient component assessment in this audit. This is not a claim of absence.,7f8cd4d5117a3b3e47a004a88b9061217f1acdbb;  M .editorconfig,
Cut calculus,cut-calculus,Faces and foundations,LSP / debugger,?,No sufficient component assessment in this audit. This is not a claim of absence.,7f8cd4d5117a3b3e47a004a88b9061217f1acdbb;  M .editorconfig,
Cut calculus,cut-calculus,Faces and foundations,Interpreter / runner,?,No sufficient component assessment in this audit. This is not a claim of absence.,7f8cd4d5117a3b3e47a004a88b9061217f1acdbb;  M .editorconfig,
Cut calculus,cut-calculus,Faces and foundations,Meta-interpreter,?,No sufficient component assessment in this audit. This is not a claim of absence.,7f8cd4d5117a3b3e47a004a88b9061217f1acdbb;  M .editorconfig,
Cut calculus,cut-calculus,Faces and foundations,Compiler / build,?,No sufficient component assessment in this audit. This is not a claim of absence.,7f8cd4d5117a3b3e47a004a88b9061217f1acdbb;  M .editorconfig,
Cut calculus,cut-calculus,Faces and foundations,Meta-compiler,?,No sufficient component assessment in this audit. This is not a claim of absence.,7f8cd4d5117a3b3e47a004a88b9061217f1acdbb;  M .editorconfig,
Cut calculus,cut-calculus,Faces and foundations,Code generators,?,No sufficient component assessment in this audit. This is not a claim of absence.,7f8cd4d5117a3b3e47a004a88b9061217f1acdbb;  M .editorconfig,
Cut calculus,cut-calculus,Faces and foundations,Coprocessor / GPU,?,No sufficient component assessment in this audit. This is not a claim of absence.,7f8cd4d5117a3b3e47a004a88b9061217f1acdbb;  M .editorconfig,
Cut calculus,cut-calculus,Faces and foundations,FFI / ABI / verifier,?,No sufficient component assessment in this audit. This is not a claim of absence.,7f8cd4d5117a3b3e47a004a88b9061217f1acdbb;  M .editorconfig,
Cut calculus,cut-calculus,Faces and foundations,Standard library,?,No sufficient component assessment in this audit. This is not a claim of absence.,7f8cd4d5117a3b3e47a004a88b9061217f1acdbb;  M .editorconfig,
Cut calculus,cut-calculus,Faces and foundations,Aggregate library,?,No sufficient component assessment in this audit. This is not a claim of absence.,7f8cd4d5117a3b3e47a004a88b9061217f1acdbb;  M .editorconfig,
Cut calculus,cut-calculus,Faces and foundations,Other libraries / packages,?,No sufficient component assessment in this audit. This is not a claim of absence.,7f8cd4d5117a3b3e47a004a88b9061217f1acdbb;  M .editorconfig,
Cut calculus,cut-calculus,Faces and foundations,Unit / conformance tests,?,No sufficient component assessment in this audit. This is not a claim of absence.,7f8cd4d5117a3b3e47a004a88b9061217f1acdbb;  M .editorconfig,
Cut calculus,cut-calculus,Faces and foundations,Property tests / fuzzing,?,No sufficient component assessment in this audit. This is not a claim of absence.,7f8cd4d5117a3b3e47a004a88b9061217f1acdbb;  M .editorconfig,
Cut calculus,cut-calculus,Faces and foundations,Formal model / proofs,F,A related filename was enumerated. Its existence establishes neither implementation nor correctness.,7f8cd4d5117a3b3e47a004a88b9061217f1acdbb;  M .editorconfig,src/CutCalculus/Choreography.agda; src/CutCalculus/CutRank.agda; src/CutCalculus/Tropical.agda
Cut calculus,cut-calculus,Faces and foundations,Proof / runtime correspondence,!,Preserve the stated finite/model assumptions when relating this work to language guarantees.,7f8cd4d5117a3b3e47a004a88b9061217f1acdbb;  M .editorconfig,
Cut calculus,cut-calculus,Faces and foundations,CI / security gates,F,A related filename was enumerated. Its existence establishes neither implementation nor correctness.,7f8cd4d5117a3b3e47a004a88b9061217f1acdbb;  M .editorconfig,.github/workflows/codeql.yml; .github/workflows/main-estate-audit.yml; .github/workflows/pages.yml
Cut calculus,cut-calculus,Faces and foundations,Benchmarks / measurement,?,No sufficient component assessment in this audit. This is not a claim of absence.,7f8cd4d5117a3b3e47a004a88b9061217f1acdbb;  M .editorconfig,
Cut calculus,cut-calculus,Faces and foundations,Release / packaging,?,No sufficient component assessment in this audit. This is not a claim of absence.,7f8cd4d5117a3b3e47a004a88b9061217f1acdbb;  M .editorconfig,
Bunsenite,bunsenite,Faces and foundations,Syntax,?,No sufficient component assessment in this audit. This is not a claim of absence.,c8406e6d5899528db1b278589e7278aef8eed3bd; ,
Bunsenite,bunsenite,Faces and foundations,Semantics,?,No sufficient component assessment in this audit. This is not a claim of absence.,c8406e6d5899528db1b278589e7278aef8eed3bd; ,
Bunsenite,bunsenite,Faces and foundations,Type checker,?,No sufficient component assessment in this audit. This is not a claim of absence.,c8406e6d5899528db1b278589e7278aef8eed3bd; ,
Bunsenite,bunsenite,Faces and foundations,Ownership / effects,F,A related filename was enumerated. Its existence establishes neither implementation nor correctness.,c8406e6d5899528db1b278589e7278aef8eed3bd; ,bindings/deno/bunsenite.affine; bindings/deno/example.affine; bindings/rescript/Bunsenite.affine
Bunsenite,bunsenite,Faces and foundations,AST,?,No sufficient component assessment in this audit. This is not a claim of absence.,c8406e6d5899528db1b278589e7278aef8eed3bd; ,
Bunsenite,bunsenite,Faces and foundations,Judgement / evidence graph,?,No sufficient component assessment in this audit. This is not a claim of absence.,c8406e6d5899528db1b278589e7278aef8eed3bd; ,
Bunsenite,bunsenite,Faces and foundations,Lexer,H,Nickel-hosted bindings role. Do not count a second independent language toolchain.,c8406e6d5899528db1b278589e7278aef8eed3bd; ,.github/workflows/secret-scanner.yml
Bunsenite,bunsenite,Faces and foundations,Parser,H,Nickel-hosted bindings role. Do not count a second independent language toolchain.,c8406e6d5899528db1b278589e7278aef8eed3bd; ,benches/parser.rs; fuzz/fuzz_targets/fuzz_parser.rs
Bunsenite,bunsenite,Faces and foundations,Elaboration / IR,?,No sufficient component assessment in this audit. This is not a claim of absence.,c8406e6d5899528db1b278589e7278aef8eed3bd; ,
Bunsenite,bunsenite,Faces and foundations,REPL,?,No sufficient component assessment in this audit. This is not a claim of absence.,c8406e6d5899528db1b278589e7278aef8eed3bd; ,
Bunsenite,bunsenite,Faces and foundations,LSP / debugger,?,No sufficient component assessment in this audit. This is not a claim of absence.,c8406e6d5899528db1b278589e7278aef8eed3bd; ,
Bunsenite,bunsenite,Faces and foundations,Interpreter / runner,H,Nickel-hosted bindings role. Do not count a second independent language toolchain.,c8406e6d5899528db1b278589e7278aef8eed3bd; ,
Bunsenite,bunsenite,Faces and foundations,Meta-interpreter,?,No sufficient component assessment in this audit. This is not a claim of absence.,c8406e6d5899528db1b278589e7278aef8eed3bd; ,
Bunsenite,bunsenite,Faces and foundations,Compiler / build,H,Nickel-hosted bindings role. Do not count a second independent language toolchain.,c8406e6d5899528db1b278589e7278aef8eed3bd; ,.clusterfuzzlite/build.sh; config/build.k9.ncl; ffi/zig/build.zig
Bunsenite,bunsenite,Faces and foundations,Meta-compiler,?,No sufficient component assessment in this audit. This is not a claim of absence.,c8406e6d5899528db1b278589e7278aef8eed3bd; ,
Bunsenite,bunsenite,Faces and foundations,Code generators,?,No sufficient component assessment in this audit. This is not a claim of absence.,c8406e6d5899528db1b278589e7278aef8eed3bd; ,
Bunsenite,bunsenite,Faces and foundations,Coprocessor / GPU,?,No sufficient component assessment in this audit. This is not a claim of absence.,c8406e6d5899528db1b278589e7278aef8eed3bd; ,
Bunsenite,bunsenite,Faces and foundations,FFI / ABI / verifier,F,A related filename was enumerated. Its existence establishes neither implementation nor correctness.,c8406e6d5899528db1b278589e7278aef8eed3bd; ,ffi/zig/build.zig; ffi/zig/src/main.zig; ffi/zig/test/integration_test.zig
Bunsenite,bunsenite,Faces and foundations,Standard library,H,Nickel-hosted bindings role. Do not count a second independent language toolchain.,c8406e6d5899528db1b278589e7278aef8eed3bd; ,
Bunsenite,bunsenite,Faces and foundations,Aggregate library,?,No sufficient component assessment in this audit. This is not a claim of absence.,c8406e6d5899528db1b278589e7278aef8eed3bd; ,
Bunsenite,bunsenite,Faces and foundations,Other libraries / packages,F,A related filename was enumerated. Its existence establishes neither implementation nor correctness.,c8406e6d5899528db1b278589e7278aef8eed3bd; ,.github/workflows/publish-packages.yml; .machine_readable/6a2/ECOSYSTEM.a2ml
Bunsenite,bunsenite,Faces and foundations,Unit / conformance tests,F,A related filename was enumerated. Its existence establishes neither implementation nor correctness.,c8406e6d5899528db1b278589e7278aef8eed3bd; ,ffi/zig/test/integration_test.zig; tests/aspect_test.rs; tests/e2e_test.rs
Bunsenite,bunsenite,Faces and foundations,Property tests / fuzzing,F,A related filename was enumerated. Its existence establishes neither implementation nor correctness.,c8406e6d5899528db1b278589e7278aef8eed3bd; ,.clusterfuzzlite/Containerfile; .clusterfuzzlite/build.sh; .clusterfuzzlite/project.yaml
Bunsenite,bunsenite,Faces and foundations,Formal model / proofs,?,No sufficient component assessment in this audit. This is not a claim of absence.,c8406e6d5899528db1b278589e7278aef8eed3bd; ,
Bunsenite,bunsenite,Faces and foundations,Proof / runtime correspondence,?,No sufficient component assessment in this audit. This is not a claim of absence.,c8406e6d5899528db1b278589e7278aef8eed3bd; ,
Bunsenite,bunsenite,Faces and foundations,CI / security gates,F,A related filename was enumerated. Its existence establishes neither implementation nor correctness.,c8406e6d5899528db1b278589e7278aef8eed3bd; ,.github/workflows/boj-build.yml; .github/workflows/cargo-audit.yml; .github/workflows/casket-pages.yml
Bunsenite,bunsenite,Faces and foundations,Benchmarks / measurement,F,A related filename was enumerated. Its existence establishes neither implementation nor correctness.,c8406e6d5899528db1b278589e7278aef8eed3bd; ,benches/bunsenite_bench.rs; benches/parser.rs
Bunsenite,bunsenite,Faces and foundations,Release / packaging,F,A related filename was enumerated. Its existence establishes neither implementation nor correctness.,c8406e6d5899528db1b278589e7278aef8eed3bd; ,.github/workflows/release.yml; PACKAGING.adoc; guix.scm
Oikosbot,oikosbot,Faces and foundations,Syntax,?,No sufficient component assessment in this audit. This is not a claim of absence.,5f81e0fb18e4540979e0fad5b5c051460f6e43a4; ## fix/publish-versioned-image...origin/fix/publish-versioned-image; repair observations refer separately to https://github.com/hyperpolymath/oikosbot/pull/86,
Oikosbot,oikosbot,Faces and foundations,Semantics,?,No sufficient component assessment in this audit. This is not a claim of absence.,5f81e0fb18e4540979e0fad5b5c051460f6e43a4; ## fix/publish-versioned-image...origin/fix/publish-versioned-image; repair observations refer separately to https://github.com/hyperpolymath/oikosbot/pull/86,
Oikosbot,oikosbot,Faces and foundations,Type checker,?,No sufficient component assessment in this audit. This is not a claim of absence.,5f81e0fb18e4540979e0fad5b5c051460f6e43a4; ## fix/publish-versioned-image...origin/fix/publish-versioned-image; repair observations refer separately to https://github.com/hyperpolymath/oikosbot/pull/86,
Oikosbot,oikosbot,Faces and foundations,Ownership / effects,F,A related filename was enumerated. Its existence establishes neither implementation nor correctness.,5f81e0fb18e4540979e0fad5b5c051460f6e43a4; ## fix/publish-versioned-image...origin/fix/publish-versioned-image; repair observations refer separately to https://github.com/hyperpolymath/oikosbot/pull/86,bot-integration-affine/README.adoc; bot-integration-affine/check.sh; bot-integration-affine/src/Analysis.affine
Oikosbot,oikosbot,Faces and foundations,AST,H,Bot consumer role; Eclexia frontend/compiler belongs in the Eclexia row.,5f81e0fb18e4540979e0fad5b5c051460f6e43a4; ## fix/publish-versioned-image...origin/fix/publish-versioned-image; repair observations refer separately to https://github.com/hyperpolymath/oikosbot/pull/86,
Oikosbot,oikosbot,Faces and foundations,Judgement / evidence graph,?,No sufficient component assessment in this audit. This is not a claim of absence.,5f81e0fb18e4540979e0fad5b5c051460f6e43a4; ## fix/publish-versioned-image...origin/fix/publish-versioned-image; repair observations refer separately to https://github.com/hyperpolymath/oikosbot/pull/86,
Oikosbot,oikosbot,Faces and foundations,Lexer,H,Bot consumer role; Eclexia frontend/compiler belongs in the Eclexia row.,5f81e0fb18e4540979e0fad5b5c051460f6e43a4; ## fix/publish-versioned-image...origin/fix/publish-versioned-image; repair observations refer separately to https://github.com/hyperpolymath/oikosbot/pull/86,.github/workflows/secret-scanner.yml
Oikosbot,oikosbot,Faces and foundations,Parser,H,Bot consumer role; Eclexia frontend/compiler belongs in the Eclexia row.,5f81e0fb18e4540979e0fad5b5c051460f6e43a4; ## fix/publish-versioned-image...origin/fix/publish-versioned-image; repair observations refer separately to https://github.com/hyperpolymath/oikosbot/pull/86,
Oikosbot,oikosbot,Faces and foundations,Elaboration / IR,?,No sufficient component assessment in this audit. This is not a claim of absence.,5f81e0fb18e4540979e0fad5b5c051460f6e43a4; ## fix/publish-versioned-image...origin/fix/publish-versioned-image; repair observations refer separately to https://github.com/hyperpolymath/oikosbot/pull/86,
Oikosbot,oikosbot,Faces and foundations,REPL,?,No sufficient component assessment in this audit. This is not a claim of absence.,5f81e0fb18e4540979e0fad5b5c051460f6e43a4; ## fix/publish-versioned-image...origin/fix/publish-versioned-image; repair observations refer separately to https://github.com/hyperpolymath/oikosbot/pull/86,
Oikosbot,oikosbot,Faces and foundations,LSP / debugger,?,No sufficient component assessment in this audit. This is not a claim of absence.,5f81e0fb18e4540979e0fad5b5c051460f6e43a4; ## fix/publish-versioned-image...origin/fix/publish-versioned-image; repair observations refer separately to https://github.com/hyperpolymath/oikosbot/pull/86,
Oikosbot,oikosbot,Faces and foundations,Interpreter / runner,!,Adapter now rejects malformed/non-boolean output and unavailable native execution. The real Eclexia JSON policy protocol remains unwired.,5f81e0fb18e4540979e0fad5b5c051460f6e43a4; ## fix/publish-versioned-image...origin/fix/publish-versioned-image; repair observations refer separately to https://github.com/hyperpolymath/oikosbot/pull/86,bot-integration-affine/src/tea/Runtime.affine
Oikosbot,oikosbot,Faces and foundations,Meta-interpreter,?,No sufficient component assessment in this audit. This is not a claim of absence.,5f81e0fb18e4540979e0fad5b5c051460f6e43a4; ## fix/publish-versioned-image...origin/fix/publish-versioned-image; repair observations refer separately to https://github.com/hyperpolymath/oikosbot/pull/86,
Oikosbot,oikosbot,Faces and foundations,Compiler / build,H,Bot consumer role; Eclexia frontend/compiler belongs in the Eclexia row.,5f81e0fb18e4540979e0fad5b5c051460f6e43a4; ## fix/publish-versioned-image...origin/fix/publish-versioned-image; repair observations refer separately to https://github.com/hyperpolymath/oikosbot/pull/86,
Oikosbot,oikosbot,Faces and foundations,Meta-compiler,?,No sufficient component assessment in this audit. This is not a claim of absence.,5f81e0fb18e4540979e0fad5b5c051460f6e43a4; ## fix/publish-versioned-image...origin/fix/publish-versioned-image; repair observations refer separately to https://github.com/hyperpolymath/oikosbot/pull/86,
Oikosbot,oikosbot,Faces and foundations,Code generators,?,No sufficient component assessment in this audit. This is not a claim of absence.,5f81e0fb18e4540979e0fad5b5c051460f6e43a4; ## fix/publish-versioned-image...origin/fix/publish-versioned-image; repair observations refer separately to https://github.com/hyperpolymath/oikosbot/pull/86,
Oikosbot,oikosbot,Faces and foundations,Coprocessor / GPU,?,No sufficient component assessment in this audit. This is not a claim of absence.,5f81e0fb18e4540979e0fad5b5c051460f6e43a4; ## fix/publish-versioned-image...origin/fix/publish-versioned-image; repair observations refer separately to https://github.com/hyperpolymath/oikosbot/pull/86,
Oikosbot,oikosbot,Faces and foundations,FFI / ABI / verifier,!,Adapter now rejects malformed/non-boolean output and unavailable native execution. The real Eclexia JSON policy protocol remains unwired.,5f81e0fb18e4540979e0fad5b5c051460f6e43a4; ## fix/publish-versioned-image...origin/fix/publish-versioned-image; repair observations refer separately to https://github.com/hyperpolymath/oikosbot/pull/86,
Oikosbot,oikosbot,Faces and foundations,Standard library,H,Bot consumer role; Eclexia frontend/compiler belongs in the Eclexia row.,5f81e0fb18e4540979e0fad5b5c051460f6e43a4; ## fix/publish-versioned-image...origin/fix/publish-versioned-image; repair observations refer separately to https://github.com/hyperpolymath/oikosbot/pull/86,
Oikosbot,oikosbot,Faces and foundations,Aggregate library,?,No sufficient component assessment in this audit. This is not a claim of absence.,5f81e0fb18e4540979e0fad5b5c051460f6e43a4; ## fix/publish-versioned-image...origin/fix/publish-versioned-image; repair observations refer separately to https://github.com/hyperpolymath/oikosbot/pull/86,
Oikosbot,oikosbot,Faces and foundations,Other libraries / packages,F,A related filename was enumerated. Its existence establishes neither implementation nor correctness.,5f81e0fb18e4540979e0fad5b5c051460f6e43a4; ## fix/publish-versioned-image...origin/fix/publish-versioned-image; repair observations refer separately to https://github.com/hyperpolymath/oikosbot/pull/86,.machine_readable/6a2/ECOSYSTEM.a2ml
Oikosbot,oikosbot,Faces and foundations,Unit / conformance tests,T,"Workspace tests and 9 all-features adapter tests pass, including invalid-output rejection and no invented cost measurements.",5f81e0fb18e4540979e0fad5b5c051460f6e43a4; ## fix/publish-versioned-image...origin/fix/publish-versioned-image; repair observations refer separately to https://github.com/hyperpolymath/oikosbot/pull/86,analyzers/code-haskell/test/Main.hs; bot-integration-affine/test/Smoke.affine
Oikosbot,oikosbot,Faces and foundations,Property tests / fuzzing,F,A related filename was enumerated. Its existence establishes neither implementation nor correctness.,5f81e0fb18e4540979e0fad5b5c051460f6e43a4; ## fix/publish-versioned-image...origin/fix/publish-versioned-image; repair observations refer separately to https://github.com/hyperpolymath/oikosbot/pull/86,fuzz/Cargo.toml; fuzz/fuzz_targets/fuzz_main.rs
Oikosbot,oikosbot,Faces and foundations,Formal model / proofs,?,No sufficient component assessment in this audit. This is not a claim of absence.,5f81e0fb18e4540979e0fad5b5c051460f6e43a4; ## fix/publish-versioned-image...origin/fix/publish-versioned-image; repair observations refer separately to https://github.com/hyperpolymath/oikosbot/pull/86,
Oikosbot,oikosbot,Faces and foundations,Proof / runtime correspondence,?,No sufficient component assessment in this audit. This is not a claim of absence.,5f81e0fb18e4540979e0fad5b5c051460f6e43a4; ## fix/publish-versioned-image...origin/fix/publish-versioned-image; repair observations refer separately to https://github.com/hyperpolymath/oikosbot/pull/86,
Oikosbot,oikosbot,Faces and foundations,CI / security gates,I,CI/security configuration and actual PR checks were inspected and repaired in PR 86. Build/test/security results are separate from main branch policy and merge approval; follow the live PR for final status.,5f81e0fb18e4540979e0fad5b5c051460f6e43a4; ## fix/publish-versioned-image...origin/fix/publish-versioned-image; repair observations refer separately to https://github.com/hyperpolymath/oikosbot/pull/86,.github/workflows/casket-pages.yml; .github/workflows/ci.yml; .github/workflows/codeql.yml
Oikosbot,oikosbot,Faces and foundations,Benchmarks / measurement,!,Adapter no longer invents resource costs; measured resource accounting remains an integration obligation.,5f81e0fb18e4540979e0fad5b5c051460f6e43a4; ## fix/publish-versioned-image...origin/fix/publish-versioned-image; repair observations refer separately to https://github.com/hyperpolymath/oikosbot/pull/86,
Oikosbot,oikosbot,Faces and foundations,Release / packaging,F,A related filename was enumerated. Its existence establishes neither implementation nor correctness.,5f81e0fb18e4540979e0fad5b5c051460f6e43a4; ## fix/publish-versioned-image...origin/fix/publish-versioned-image; repair observations refer separately to https://github.com/hyperpolymath/oikosbot/pull/86,guix/manifest.scm; manifest.scm
affinescriptiser,affinescriptiser,Augmentation tools,Syntax,H,This column refers to the native host language. A manifest/input parser in the augmenter is not that language’s compiler or type checker.,d3ddebcbae758b8f87a5475a4c579c229a7bc571; ## main...origin/main [ahead 4],
affinescriptiser,affinescriptiser,Augmentation tools,Semantics,H,This column refers to the native host language. A manifest/input parser in the augmenter is not that language’s compiler or type checker.,d3ddebcbae758b8f87a5475a4c579c229a7bc571; ## main...origin/main [ahead 4],src/interface/abi/Affinescriptiser/ABI/Semantics.idr
affinescriptiser,affinescriptiser,Augmentation tools,Type checker,H,This column refers to the native host language. A manifest/input parser in the augmenter is not that language’s compiler or type checker.,d3ddebcbae758b8f87a5475a4c579c229a7bc571; ## main...origin/main [ahead 4],
affinescriptiser,affinescriptiser,Augmentation tools,Ownership / effects,F,A related filename was enumerated. Its existence establishes neither implementation nor correctness.,d3ddebcbae758b8f87a5475a4c579c229a7bc571; ## main...origin/main [ahead 4],docs/governance/audit/effects/0.3-AI-MANIFEST.a2ml; docs/governance/audit/effects/README.adoc; examples/SafeDOMExample.affine
affinescriptiser,affinescriptiser,Augmentation tools,AST,H,This column refers to the native host language. A manifest/input parser in the augmenter is not that language’s compiler or type checker.,d3ddebcbae758b8f87a5475a4c579c229a7bc571; ## main...origin/main [ahead 4],
affinescriptiser,affinescriptiser,Augmentation tools,Judgement / evidence graph,?,No sufficient component assessment in this audit. This is not a claim of absence.,d3ddebcbae758b8f87a5475a4c579c229a7bc571; ## main...origin/main [ahead 4],
affinescriptiser,affinescriptiser,Augmentation tools,Lexer,H,This column refers to the native host language. A manifest/input parser in the augmenter is not that language’s compiler or type checker.,d3ddebcbae758b8f87a5475a4c579c229a7bc571; ## main...origin/main [ahead 4],.github/workflows/secret-scanner.yml
affinescriptiser,affinescriptiser,Augmentation tools,Parser,H,This column refers to the native host language. A manifest/input parser in the augmenter is not that language’s compiler or type checker.,d3ddebcbae758b8f87a5475a4c579c229a7bc571; ## main...origin/main [ahead 4],src/codegen/parser.rs
affinescriptiser,affinescriptiser,Augmentation tools,Elaboration / IR,?,No sufficient component assessment in this audit. This is not a claim of absence.,d3ddebcbae758b8f87a5475a4c579c229a7bc571; ## main...origin/main [ahead 4],
affinescriptiser,affinescriptiser,Augmentation tools,REPL,?,No sufficient component assessment in this audit. This is not a claim of absence.,d3ddebcbae758b8f87a5475a4c579c229a7bc571; ## main...origin/main [ahead 4],
affinescriptiser,affinescriptiser,Augmentation tools,LSP / debugger,?,No sufficient component assessment in this audit. This is not a claim of absence.,d3ddebcbae758b8f87a5475a4c579c229a7bc571; ## main...origin/main [ahead 4],
affinescriptiser,affinescriptiser,Augmentation tools,Interpreter / runner,!,Reviewed run() prints instructions/configuration and returns success; it does not execute the target workload.,d3ddebcbae758b8f87a5475a4c579c229a7bc571; ## main...origin/main [ahead 4],src/codegen/mod.rs
affinescriptiser,affinescriptiser,Augmentation tools,Meta-interpreter,?,No sufficient component assessment in this audit. This is not a claim of absence.,d3ddebcbae758b8f87a5475a4c579c229a7bc571; ## main...origin/main [ahead 4],
affinescriptiser,affinescriptiser,Augmentation tools,Compiler / build,!,"Reviewed build() prints a plan/status or validates input, then returns success; it does not invoke the target compiler.",d3ddebcbae758b8f87a5475a4c579c229a7bc571; ## main...origin/main [ahead 4],src/codegen/mod.rs
affinescriptiser,affinescriptiser,Augmentation tools,Meta-compiler,F,A related filename was enumerated. Its existence establishes neither implementation nor correctness.,d3ddebcbae758b8f87a5475a4c579c229a7bc571; ## main...origin/main [ahead 4],features/ssg/ssg-bootstrap.sh
affinescriptiser,affinescriptiser,Augmentation tools,Code generators,I,src/codegen/mod.rs orchestration inspected. It writes/delegates generated artifacts; per-target semantic validity and full generator coverage were not established.,d3ddebcbae758b8f87a5475a4c579c229a7bc571; ## main...origin/main [ahead 4],src/codegen/mod.rs
affinescriptiser,affinescriptiser,Augmentation tools,Coprocessor / GPU,?,No sufficient component assessment in this audit. This is not a claim of absence.,d3ddebcbae758b8f87a5475a4c579c229a7bc571; ## main...origin/main [ahead 4],
affinescriptiser,affinescriptiser,Augmentation tools,FFI / ABI / verifier,F,A related filename was enumerated. Its existence establishes neither implementation nor correctness.,d3ddebcbae758b8f87a5475a4c579c229a7bc571; ## main...origin/main [ahead 4],.machine_readable/scripts/verification/0.3-AI-MANIFEST.a2ml; .machine_readable/scripts/verification/README.adoc; src/abi/mod.rs
affinescriptiser,affinescriptiser,Augmentation tools,Standard library,H,This column refers to the native host language. A manifest/input parser in the augmenter is not that language’s compiler or type checker.,d3ddebcbae758b8f87a5475a4c579c229a7bc571; ## main...origin/main [ahead 4],
affinescriptiser,affinescriptiser,Augmentation tools,Aggregate library,?,No sufficient component assessment in this audit. This is not a claim of absence.,d3ddebcbae758b8f87a5475a4c579c229a7bc571; ## main...origin/main [ahead 4],
affinescriptiser,affinescriptiser,Augmentation tools,Other libraries / packages,F,A related filename was enumerated. Its existence establishes neither implementation nor correctness.,d3ddebcbae758b8f87a5475a4c579c229a7bc571; ## main...origin/main [ahead 4],.machine_readable/6a2/ECOSYSTEM.a2ml
affinescriptiser,affinescriptiser,Augmentation tools,Unit / conformance tests,F,A related filename was enumerated. Its existence establishes neither implementation nor correctness.,d3ddebcbae758b8f87a5475a4c579c229a7bc571; ## main...origin/main [ahead 4],src/interface/ffi/test/0.4-AI-MANIFEST.a2ml; src/interface/ffi/test/README.adoc; src/interface/ffi/test/integration_test.zig
affinescriptiser,affinescriptiser,Augmentation tools,Property tests / fuzzing,F,A related filename was enumerated. Its existence establishes neither implementation nor correctness.,d3ddebcbae758b8f87a5475a4c579c229a7bc571; ## main...origin/main [ahead 4],tests/fuzz/placeholder.txt; verification/fuzzing/0.2-AI-MANIFEST.a2ml; verification/fuzzing/README.adoc
affinescriptiser,affinescriptiser,Augmentation tools,Formal model / proofs,F,A related filename was enumerated. Its existence establishes neither implementation nor correctness.,d3ddebcbae758b8f87a5475a4c579c229a7bc571; ## main...origin/main [ahead 4],verification/proofs/0.2-AI-MANIFEST.a2ml; verification/proofs/README.adoc
affinescriptiser,affinescriptiser,Augmentation tools,Proof / runtime correspondence,?,No sufficient component assessment in this audit. This is not a claim of absence.,d3ddebcbae758b8f87a5475a4c579c229a7bc571; ## main...origin/main [ahead 4],
affinescriptiser,affinescriptiser,Augmentation tools,CI / security gates,F,A related filename was enumerated. Its existence establishes neither implementation nor correctness.,d3ddebcbae758b8f87a5475a4c579c229a7bc571; ## main...origin/main [ahead 4],.github/workflows/abi-ffi-gate.yml; .github/workflows/boj-build.yml; .github/workflows/casket-pages.yml
affinescriptiser,affinescriptiser,Augmentation tools,Benchmarks / measurement,F,A related filename was enumerated. Its existence establishes neither implementation nor correctness.,d3ddebcbae758b8f87a5475a4c579c229a7bc571; ## main...origin/main [ahead 4],verification/benchmarks/0.2-AI-MANIFEST.a2ml; verification/benchmarks/README.adoc
affinescriptiser,affinescriptiser,Augmentation tools,Release / packaging,F,A related filename was enumerated. Its existence establishes neither implementation nor correctness.,d3ddebcbae758b8f87a5475a4c579c229a7bc571; ## main...origin/main [ahead 4],.github/workflows/release.yml
alloyiser,alloyiser,Augmentation tools,Syntax,H,This column refers to the native host language. A manifest/input parser in the augmenter is not that language’s compiler or type checker.,1498276a6c6221f957cf4fc23a7180e862012916; ## main...origin/main,
alloyiser,alloyiser,Augmentation tools,Semantics,H,This column refers to the native host language. A manifest/input parser in the augmenter is not that language’s compiler or type checker.,1498276a6c6221f957cf4fc23a7180e862012916; ## main...origin/main,src/interface/abi/Alloyiser/ABI/Semantics.idr
alloyiser,alloyiser,Augmentation tools,Type checker,H,This column refers to the native host language. A manifest/input parser in the augmenter is not that language’s compiler or type checker.,1498276a6c6221f957cf4fc23a7180e862012916; ## main...origin/main,
alloyiser,alloyiser,Augmentation tools,Ownership / effects,F,A related filename was enumerated. Its existence establishes neither implementation nor correctness.,1498276a6c6221f957cf4fc23a7180e862012916; ## main...origin/main,docs/governance/audit/effects/0.3-AI-MANIFEST.a2ml; docs/governance/audit/effects/README.adoc; examples/SafeDOMExample.affine
alloyiser,alloyiser,Augmentation tools,AST,H,This column refers to the native host language. A manifest/input parser in the augmenter is not that language’s compiler or type checker.,1498276a6c6221f957cf4fc23a7180e862012916; ## main...origin/main,
alloyiser,alloyiser,Augmentation tools,Judgement / evidence graph,?,No sufficient component assessment in this audit. This is not a claim of absence.,1498276a6c6221f957cf4fc23a7180e862012916; ## main...origin/main,
alloyiser,alloyiser,Augmentation tools,Lexer,H,This column refers to the native host language. A manifest/input parser in the augmenter is not that language’s compiler or type checker.,1498276a6c6221f957cf4fc23a7180e862012916; ## main...origin/main,.github/workflows/secret-scanner.yml
alloyiser,alloyiser,Augmentation tools,Parser,H,This column refers to the native host language. A manifest/input parser in the augmenter is not that language’s compiler or type checker.,1498276a6c6221f957cf4fc23a7180e862012916; ## main...origin/main,src/codegen/parser.rs
alloyiser,alloyiser,Augmentation tools,Elaboration / IR,?,No sufficient component assessment in this audit. This is not a claim of absence.,1498276a6c6221f957cf4fc23a7180e862012916; ## main...origin/main,
alloyiser,alloyiser,Augmentation tools,REPL,?,No sufficient component assessment in this audit. This is not a claim of absence.,1498276a6c6221f957cf4fc23a7180e862012916; ## main...origin/main,
alloyiser,alloyiser,Augmentation tools,LSP / debugger,?,No sufficient component assessment in this audit. This is not a claim of absence.,1498276a6c6221f957cf4fc23a7180e862012916; ## main...origin/main,
alloyiser,alloyiser,Augmentation tools,Interpreter / runner,!,Reviewed run() prints instructions/configuration and returns success; it does not execute the target workload.,1498276a6c6221f957cf4fc23a7180e862012916; ## main...origin/main,src/codegen/mod.rs
alloyiser,alloyiser,Augmentation tools,Meta-interpreter,?,No sufficient component assessment in this audit. This is not a claim of absence.,1498276a6c6221f957cf4fc23a7180e862012916; ## main...origin/main,
alloyiser,alloyiser,Augmentation tools,Compiler / build,!,"Reviewed build() prints a plan/status or validates input, then returns success; it does not invoke the target compiler.",1498276a6c6221f957cf4fc23a7180e862012916; ## main...origin/main,src/codegen/mod.rs
alloyiser,alloyiser,Augmentation tools,Meta-compiler,F,A related filename was enumerated. Its existence establishes neither implementation nor correctness.,1498276a6c6221f957cf4fc23a7180e862012916; ## main...origin/main,features/ssg/ssg-bootstrap.sh
alloyiser,alloyiser,Augmentation tools,Code generators,I,src/codegen/mod.rs orchestration inspected. It writes/delegates generated artifacts; per-target semantic validity and full generator coverage were not established.,1498276a6c6221f957cf4fc23a7180e862012916; ## main...origin/main,src/codegen/mod.rs
alloyiser,alloyiser,Augmentation tools,Coprocessor / GPU,?,No sufficient component assessment in this audit. This is not a claim of absence.,1498276a6c6221f957cf4fc23a7180e862012916; ## main...origin/main,
alloyiser,alloyiser,Augmentation tools,FFI / ABI / verifier,F,A related filename was enumerated. Its existence establishes neither implementation nor correctness.,1498276a6c6221f957cf4fc23a7180e862012916; ## main...origin/main,.machine_readable/scripts/verification/0.3-AI-MANIFEST.a2ml; .machine_readable/scripts/verification/README.adoc; src/abi/mod.rs
alloyiser,alloyiser,Augmentation tools,Standard library,H,This column refers to the native host language. A manifest/input parser in the augmenter is not that language’s compiler or type checker.,1498276a6c6221f957cf4fc23a7180e862012916; ## main...origin/main,
alloyiser,alloyiser,Augmentation tools,Aggregate library,?,No sufficient component assessment in this audit. This is not a claim of absence.,1498276a6c6221f957cf4fc23a7180e862012916; ## main...origin/main,
alloyiser,alloyiser,Augmentation tools,Other libraries / packages,F,A related filename was enumerated. Its existence establishes neither implementation nor correctness.,1498276a6c6221f957cf4fc23a7180e862012916; ## main...origin/main,.machine_readable/6a2/ECOSYSTEM.a2ml
alloyiser,alloyiser,Augmentation tools,Unit / conformance tests,F,A related filename was enumerated. Its existence establishes neither implementation nor correctness.,1498276a6c6221f957cf4fc23a7180e862012916; ## main...origin/main,src/interface/ffi/test/0.4-AI-MANIFEST.a2ml; src/interface/ffi/test/README.adoc; src/interface/ffi/test/integration_test.zig
alloyiser,alloyiser,Augmentation tools,Property tests / fuzzing,F,A related filename was enumerated. Its existence establishes neither implementation nor correctness.,1498276a6c6221f957cf4fc23a7180e862012916; ## main...origin/main,tests/fuzz/placeholder.txt; verification/fuzzing/0.2-AI-MANIFEST.a2ml; verification/fuzzing/README.adoc
alloyiser,alloyiser,Augmentation tools,Formal model / proofs,F,A related filename was enumerated. Its existence establishes neither implementation nor correctness.,1498276a6c6221f957cf4fc23a7180e862012916; ## main...origin/main,verification/proofs/0.2-AI-MANIFEST.a2ml; verification/proofs/README.adoc
alloyiser,alloyiser,Augmentation tools,Proof / runtime correspondence,?,No sufficient component assessment in this audit. This is not a claim of absence.,1498276a6c6221f957cf4fc23a7180e862012916; ## main...origin/main,
alloyiser,alloyiser,Augmentation tools,CI / security gates,F,A related filename was enumerated. Its existence establishes neither implementation nor correctness.,1498276a6c6221f957cf4fc23a7180e862012916; ## main...origin/main,.github/workflows/abi-ffi-gate.yml; .github/workflows/boj-build.yml; .github/workflows/casket-pages.yml
alloyiser,alloyiser,Augmentation tools,Benchmarks / measurement,F,A related filename was enumerated. Its existence establishes neither implementation nor correctness.,1498276a6c6221f957cf4fc23a7180e862012916; ## main...origin/main,verification/benchmarks/0.2-AI-MANIFEST.a2ml; verification/benchmarks/README.adoc
alloyiser,alloyiser,Augmentation tools,Release / packaging,F,A related filename was enumerated. Its existence establishes neither implementation nor correctness.,1498276a6c6221f957cf4fc23a7180e862012916; ## main...origin/main,.github/workflows/release.yml
anvomidaviser,anvomidaviser,Augmentation tools,Syntax,H,This column refers to the native host language. A manifest/input parser in the augmenter is not that language’s compiler or type checker.,698bef3655ff20609f23548966cc122aa7ad2413; ## main...origin/main,
anvomidaviser,anvomidaviser,Augmentation tools,Semantics,H,This column refers to the native host language. A manifest/input parser in the augmenter is not that language’s compiler or type checker.,698bef3655ff20609f23548966cc122aa7ad2413; ## main...origin/main,src/interface/abi/Anvomidaviser/ABI/Semantics.idr
anvomidaviser,anvomidaviser,Augmentation tools,Type checker,H,This column refers to the native host language. A manifest/input parser in the augmenter is not that language’s compiler or type checker.,698bef3655ff20609f23548966cc122aa7ad2413; ## main...origin/main,
anvomidaviser,anvomidaviser,Augmentation tools,Ownership / effects,F,A related filename was enumerated. Its existence establishes neither implementation nor correctness.,698bef3655ff20609f23548966cc122aa7ad2413; ## main...origin/main,docs/governance/audit/effects/0.3-AI-MANIFEST.a2ml; docs/governance/audit/effects/README.adoc; examples/SafeDOMExample.affine
anvomidaviser,anvomidaviser,Augmentation tools,AST,H,This column refers to the native host language. A manifest/input parser in the augmenter is not that language’s compiler or type checker.,698bef3655ff20609f23548966cc122aa7ad2413; ## main...origin/main,
anvomidaviser,anvomidaviser,Augmentation tools,Judgement / evidence graph,?,No sufficient component assessment in this audit. This is not a claim of absence.,698bef3655ff20609f23548966cc122aa7ad2413; ## main...origin/main,
anvomidaviser,anvomidaviser,Augmentation tools,Lexer,H,This column refers to the native host language. A manifest/input parser in the augmenter is not that language’s compiler or type checker.,698bef3655ff20609f23548966cc122aa7ad2413; ## main...origin/main,.github/workflows/secret-scanner.yml
anvomidaviser,anvomidaviser,Augmentation tools,Parser,H,This column refers to the native host language. A manifest/input parser in the augmenter is not that language’s compiler or type checker.,698bef3655ff20609f23548966cc122aa7ad2413; ## main...origin/main,src/codegen/parser.rs
anvomidaviser,anvomidaviser,Augmentation tools,Elaboration / IR,?,No sufficient component assessment in this audit. This is not a claim of absence.,698bef3655ff20609f23548966cc122aa7ad2413; ## main...origin/main,
anvomidaviser,anvomidaviser,Augmentation tools,REPL,?,No sufficient component assessment in this audit. This is not a claim of absence.,698bef3655ff20609f23548966cc122aa7ad2413; ## main...origin/main,
anvomidaviser,anvomidaviser,Augmentation tools,LSP / debugger,?,No sufficient component assessment in this audit. This is not a claim of absence.,698bef3655ff20609f23548966cc122aa7ad2413; ## main...origin/main,
anvomidaviser,anvomidaviser,Augmentation tools,Interpreter / runner,!,Reviewed run() prints instructions/configuration and returns success; it does not execute the target workload.,698bef3655ff20609f23548966cc122aa7ad2413; ## main...origin/main,src/codegen/mod.rs
anvomidaviser,anvomidaviser,Augmentation tools,Meta-interpreter,?,No sufficient component assessment in this audit. This is not a claim of absence.,698bef3655ff20609f23548966cc122aa7ad2413; ## main...origin/main,
anvomidaviser,anvomidaviser,Augmentation tools,Compiler / build,!,"Reviewed build() prints a plan/status or validates input, then returns success; it does not invoke the target compiler.",698bef3655ff20609f23548966cc122aa7ad2413; ## main...origin/main,src/codegen/mod.rs
anvomidaviser,anvomidaviser,Augmentation tools,Meta-compiler,F,A related filename was enumerated. Its existence establishes neither implementation nor correctness.,698bef3655ff20609f23548966cc122aa7ad2413; ## main...origin/main,features/ssg/ssg-bootstrap.sh
anvomidaviser,anvomidaviser,Augmentation tools,Code generators,I,src/codegen/mod.rs orchestration inspected. It writes/delegates generated artifacts; per-target semantic validity and full generator coverage were not established.,698bef3655ff20609f23548966cc122aa7ad2413; ## main...origin/main,src/codegen/mod.rs
anvomidaviser,anvomidaviser,Augmentation tools,Coprocessor / GPU,?,No sufficient component assessment in this audit. This is not a claim of absence.,698bef3655ff20609f23548966cc122aa7ad2413; ## main...origin/main,
anvomidaviser,anvomidaviser,Augmentation tools,FFI / ABI / verifier,F,A related filename was enumerated. Its existence establishes neither implementation nor correctness.,698bef3655ff20609f23548966cc122aa7ad2413; ## main...origin/main,.machine_readable/scripts/verification/0.3-AI-MANIFEST.a2ml; .machine_readable/scripts/verification/README.adoc; src/abi/mod.rs
anvomidaviser,anvomidaviser,Augmentation tools,Standard library,H,This column refers to the native host language. A manifest/input parser in the augmenter is not that language’s compiler or type checker.,698bef3655ff20609f23548966cc122aa7ad2413; ## main...origin/main,
anvomidaviser,anvomidaviser,Augmentation tools,Aggregate library,?,No sufficient component assessment in this audit. This is not a claim of absence.,698bef3655ff20609f23548966cc122aa7ad2413; ## main...origin/main,
anvomidaviser,anvomidaviser,Augmentation tools,Other libraries / packages,F,A related filename was enumerated. Its existence establishes neither implementation nor correctness.,698bef3655ff20609f23548966cc122aa7ad2413; ## main...origin/main,.machine_readable/6a2/ECOSYSTEM.a2ml
anvomidaviser,anvomidaviser,Augmentation tools,Unit / conformance tests,F,A related filename was enumerated. Its existence establishes neither implementation nor correctness.,698bef3655ff20609f23548966cc122aa7ad2413; ## main...origin/main,src/interface/ffi/test/0.4-AI-MANIFEST.a2ml; src/interface/ffi/test/README.adoc; src/interface/ffi/test/integration_test.zig
anvomidaviser,anvomidaviser,Augmentation tools,Property tests / fuzzing,F,A related filename was enumerated. Its existence establishes neither implementation nor correctness.,698bef3655ff20609f23548966cc122aa7ad2413; ## main...origin/main,tests/fuzz/placeholder.txt; verification/fuzzing/0.2-AI-MANIFEST.a2ml; verification/fuzzing/README.adoc
anvomidaviser,anvomidaviser,Augmentation tools,Formal model / proofs,F,A related filename was enumerated. Its existence establishes neither implementation nor correctness.,698bef3655ff20609f23548966cc122aa7ad2413; ## main...origin/main,verification/proofs/0.2-AI-MANIFEST.a2ml; verification/proofs/README.adoc
anvomidaviser,anvomidaviser,Augmentation tools,Proof / runtime correspondence,?,No sufficient component assessment in this audit. This is not a claim of absence.,698bef3655ff20609f23548966cc122aa7ad2413; ## main...origin/main,
anvomidaviser,anvomidaviser,Augmentation tools,CI / security gates,F,A related filename was enumerated. Its existence establishes neither implementation nor correctness.,698bef3655ff20609f23548966cc122aa7ad2413; ## main...origin/main,.github/workflows/abi-ffi-gate.yml; .github/workflows/boj-build.yml; .github/workflows/casket-pages.yml
anvomidaviser,anvomidaviser,Augmentation tools,Benchmarks / measurement,F,A related filename was enumerated. Its existence establishes neither implementation nor correctness.,698bef3655ff20609f23548966cc122aa7ad2413; ## main...origin/main,verification/benchmarks/0.2-AI-MANIFEST.a2ml; verification/benchmarks/README.adoc
anvomidaviser,anvomidaviser,Augmentation tools,Release / packaging,F,A related filename was enumerated. Its existence establishes neither implementation nor correctness.,698bef3655ff20609f23548966cc122aa7ad2413; ## main...origin/main,.github/workflows/release.yml
atsiser,atsiser,Augmentation tools,Syntax,H,This column refers to the native host language. A manifest/input parser in the augmenter is not that language’s compiler or type checker.,778802537ed8da25ca832d727f85e4812b220bb2; ## main...origin/main,
atsiser,atsiser,Augmentation tools,Semantics,H,This column refers to the native host language. A manifest/input parser in the augmenter is not that language’s compiler or type checker.,778802537ed8da25ca832d727f85e4812b220bb2; ## main...origin/main,src/interface/abi/Atsiser/ABI/Semantics.idr
atsiser,atsiser,Augmentation tools,Type checker,H,This column refers to the native host language. A manifest/input parser in the augmenter is not that language’s compiler or type checker.,778802537ed8da25ca832d727f85e4812b220bb2; ## main...origin/main,
atsiser,atsiser,Augmentation tools,Ownership / effects,F,A related filename was enumerated. Its existence establishes neither implementation nor correctness.,778802537ed8da25ca832d727f85e4812b220bb2; ## main...origin/main,docs/governance/audit/effects/0.3-AI-MANIFEST.a2ml; docs/governance/audit/effects/README.adoc; examples/SafeDOMExample.affine
atsiser,atsiser,Augmentation tools,AST,H,This column refers to the native host language. A manifest/input parser in the augmenter is not that language’s compiler or type checker.,778802537ed8da25ca832d727f85e4812b220bb2; ## main...origin/main,
atsiser,atsiser,Augmentation tools,Judgement / evidence graph,?,No sufficient component assessment in this audit. This is not a claim of absence.,778802537ed8da25ca832d727f85e4812b220bb2; ## main...origin/main,
atsiser,atsiser,Augmentation tools,Lexer,H,This column refers to the native host language. A manifest/input parser in the augmenter is not that language’s compiler or type checker.,778802537ed8da25ca832d727f85e4812b220bb2; ## main...origin/main,.github/workflows/secret-scanner.yml
atsiser,atsiser,Augmentation tools,Parser,H,This column refers to the native host language. A manifest/input parser in the augmenter is not that language’s compiler or type checker.,778802537ed8da25ca832d727f85e4812b220bb2; ## main...origin/main,src/codegen/parser.rs
atsiser,atsiser,Augmentation tools,Elaboration / IR,?,No sufficient component assessment in this audit. This is not a claim of absence.,778802537ed8da25ca832d727f85e4812b220bb2; ## main...origin/main,
atsiser,atsiser,Augmentation tools,REPL,?,No sufficient component assessment in this audit. This is not a claim of absence.,778802537ed8da25ca832d727f85e4812b220bb2; ## main...origin/main,
atsiser,atsiser,Augmentation tools,LSP / debugger,?,No sufficient component assessment in this audit. This is not a claim of absence.,778802537ed8da25ca832d727f85e4812b220bb2; ## main...origin/main,
atsiser,atsiser,Augmentation tools,Interpreter / runner,I,run() checks the generated binary and delegates execution; not freshly tested with ATS.,778802537ed8da25ca832d727f85e4812b220bb2; ## main...origin/main,src/codegen/mod.rs
atsiser,atsiser,Augmentation tools,Meta-interpreter,?,No sufficient component assessment in this audit. This is not a claim of absence.,778802537ed8da25ca832d727f85e4812b220bb2; ## main...origin/main,
atsiser,atsiser,Augmentation tools,Compiler / build,I,build() invokes/delegates a compiler and checks errors. Target compiler execution was not tested in this audit.,778802537ed8da25ca832d727f85e4812b220bb2; ## main...origin/main,src/codegen/mod.rs
atsiser,atsiser,Augmentation tools,Meta-compiler,F,A related filename was enumerated. Its existence establishes neither implementation nor correctness.,778802537ed8da25ca832d727f85e4812b220bb2; ## main...origin/main,features/ssg/ssg-bootstrap.sh
atsiser,atsiser,Augmentation tools,Code generators,I,src/codegen/mod.rs orchestration inspected. It writes/delegates generated artifacts; per-target semantic validity and full generator coverage were not established.,778802537ed8da25ca832d727f85e4812b220bb2; ## main...origin/main,src/codegen/mod.rs
atsiser,atsiser,Augmentation tools,Coprocessor / GPU,?,No sufficient component assessment in this audit. This is not a claim of absence.,778802537ed8da25ca832d727f85e4812b220bb2; ## main...origin/main,
atsiser,atsiser,Augmentation tools,FFI / ABI / verifier,F,A related filename was enumerated. Its existence establishes neither implementation nor correctness.,778802537ed8da25ca832d727f85e4812b220bb2; ## main...origin/main,.machine_readable/scripts/verification/0.3-AI-MANIFEST.a2ml; .machine_readable/scripts/verification/README.adoc; src/abi/mod.rs
atsiser,atsiser,Augmentation tools,Standard library,H,This column refers to the native host language. A manifest/input parser in the augmenter is not that language’s compiler or type checker.,778802537ed8da25ca832d727f85e4812b220bb2; ## main...origin/main,examples/safe-malloc/include/stdlib_subset.h
atsiser,atsiser,Augmentation tools,Aggregate library,?,No sufficient component assessment in this audit. This is not a claim of absence.,778802537ed8da25ca832d727f85e4812b220bb2; ## main...origin/main,
atsiser,atsiser,Augmentation tools,Other libraries / packages,F,A related filename was enumerated. Its existence establishes neither implementation nor correctness.,778802537ed8da25ca832d727f85e4812b220bb2; ## main...origin/main,.machine_readable/6a2/ECOSYSTEM.a2ml
atsiser,atsiser,Augmentation tools,Unit / conformance tests,F,A related filename was enumerated. Its existence establishes neither implementation nor correctness.,778802537ed8da25ca832d727f85e4812b220bb2; ## main...origin/main,src/interface/ffi/test/0.4-AI-MANIFEST.a2ml; src/interface/ffi/test/README.adoc; src/interface/ffi/test/integration_test.zig
atsiser,atsiser,Augmentation tools,Property tests / fuzzing,F,A related filename was enumerated. Its existence establishes neither implementation nor correctness.,778802537ed8da25ca832d727f85e4812b220bb2; ## main...origin/main,tests/fuzz/placeholder.txt; verification/fuzzing/0.2-AI-MANIFEST.a2ml; verification/fuzzing/README.adoc
atsiser,atsiser,Augmentation tools,Formal model / proofs,F,A related filename was enumerated. Its existence establishes neither implementation nor correctness.,778802537ed8da25ca832d727f85e4812b220bb2; ## main...origin/main,verification/proofs/0.2-AI-MANIFEST.a2ml; verification/proofs/README.adoc
atsiser,atsiser,Augmentation tools,Proof / runtime correspondence,?,No sufficient component assessment in this audit. This is not a claim of absence.,778802537ed8da25ca832d727f85e4812b220bb2; ## main...origin/main,
atsiser,atsiser,Augmentation tools,CI / security gates,F,A related filename was enumerated. Its existence establishes neither implementation nor correctness.,778802537ed8da25ca832d727f85e4812b220bb2; ## main...origin/main,.github/workflows/abi-ffi-gate.yml; .github/workflows/boj-build.yml; .github/workflows/casket-pages.yml
atsiser,atsiser,Augmentation tools,Benchmarks / measurement,F,A related filename was enumerated. Its existence establishes neither implementation nor correctness.,778802537ed8da25ca832d727f85e4812b220bb2; ## main...origin/main,verification/benchmarks/0.2-AI-MANIFEST.a2ml; verification/benchmarks/README.adoc
atsiser,atsiser,Augmentation tools,Release / packaging,F,A related filename was enumerated. Its existence establishes neither implementation nor correctness.,778802537ed8da25ca832d727f85e4812b220bb2; ## main...origin/main,.github/workflows/release.yml
betlangiser,betlangiser,Augmentation tools,Syntax,H,This column refers to the native host language. A manifest/input parser in the augmenter is not that language’s compiler or type checker.,90d68becd62a6e9783880b6c11b2f3ac3f3fd7db; ## main...origin/main [ahead 7],
betlangiser,betlangiser,Augmentation tools,Semantics,H,This column refers to the native host language. A manifest/input parser in the augmenter is not that language’s compiler or type checker.,90d68becd62a6e9783880b6c11b2f3ac3f3fd7db; ## main...origin/main [ahead 7],src/interface/abi/Betlangiser/ABI/Semantics.idr
betlangiser,betlangiser,Augmentation tools,Type checker,H,This column refers to the native host language. A manifest/input parser in the augmenter is not that language’s compiler or type checker.,90d68becd62a6e9783880b6c11b2f3ac3f3fd7db; ## main...origin/main [ahead 7],
betlangiser,betlangiser,Augmentation tools,Ownership / effects,F,A related filename was enumerated. Its existence establishes neither implementation nor correctness.,90d68becd62a6e9783880b6c11b2f3ac3f3fd7db; ## main...origin/main [ahead 7],docs/governance/audit/effects/0.3-AI-MANIFEST.a2ml; docs/governance/audit/effects/README.adoc; examples/SafeDOMExample.affine
betlangiser,betlangiser,Augmentation tools,AST,H,This column refers to the native host language. A manifest/input parser in the augmenter is not that language’s compiler or type checker.,90d68becd62a6e9783880b6c11b2f3ac3f3fd7db; ## main...origin/main [ahead 7],
betlangiser,betlangiser,Augmentation tools,Judgement / evidence graph,?,No sufficient component assessment in this audit. This is not a claim of absence.,90d68becd62a6e9783880b6c11b2f3ac3f3fd7db; ## main...origin/main [ahead 7],
betlangiser,betlangiser,Augmentation tools,Lexer,H,This column refers to the native host language. A manifest/input parser in the augmenter is not that language’s compiler or type checker.,90d68becd62a6e9783880b6c11b2f3ac3f3fd7db; ## main...origin/main [ahead 7],.github/workflows/secret-scanner.yml
betlangiser,betlangiser,Augmentation tools,Parser,H,This column refers to the native host language. A manifest/input parser in the augmenter is not that language’s compiler or type checker.,90d68becd62a6e9783880b6c11b2f3ac3f3fd7db; ## main...origin/main [ahead 7],src/codegen/parser.rs
betlangiser,betlangiser,Augmentation tools,Elaboration / IR,?,No sufficient component assessment in this audit. This is not a claim of absence.,90d68becd62a6e9783880b6c11b2f3ac3f3fd7db; ## main...origin/main [ahead 7],
betlangiser,betlangiser,Augmentation tools,REPL,?,No sufficient component assessment in this audit. This is not a claim of absence.,90d68becd62a6e9783880b6c11b2f3ac3f3fd7db; ## main...origin/main [ahead 7],
betlangiser,betlangiser,Augmentation tools,LSP / debugger,?,No sufficient component assessment in this audit. This is not a claim of absence.,90d68becd62a6e9783880b6c11b2f3ac3f3fd7db; ## main...origin/main [ahead 7],
betlangiser,betlangiser,Augmentation tools,Interpreter / runner,!,Reviewed run() prints instructions/configuration and returns success; it does not execute the target workload.,90d68becd62a6e9783880b6c11b2f3ac3f3fd7db; ## main...origin/main [ahead 7],src/codegen/mod.rs
betlangiser,betlangiser,Augmentation tools,Meta-interpreter,?,No sufficient component assessment in this audit. This is not a claim of absence.,90d68becd62a6e9783880b6c11b2f3ac3f3fd7db; ## main...origin/main [ahead 7],
betlangiser,betlangiser,Augmentation tools,Compiler / build,!,"Reviewed build() prints a plan/status or validates input, then returns success; it does not invoke the target compiler.",90d68becd62a6e9783880b6c11b2f3ac3f3fd7db; ## main...origin/main [ahead 7],src/codegen/mod.rs
betlangiser,betlangiser,Augmentation tools,Meta-compiler,F,A related filename was enumerated. Its existence establishes neither implementation nor correctness.,90d68becd62a6e9783880b6c11b2f3ac3f3fd7db; ## main...origin/main [ahead 7],features/ssg/ssg-bootstrap.sh
betlangiser,betlangiser,Augmentation tools,Code generators,I,src/codegen/mod.rs orchestration inspected. It writes/delegates generated artifacts; per-target semantic validity and full generator coverage were not established.,90d68becd62a6e9783880b6c11b2f3ac3f3fd7db; ## main...origin/main [ahead 7],src/codegen/mod.rs
betlangiser,betlangiser,Augmentation tools,Coprocessor / GPU,?,No sufficient component assessment in this audit. This is not a claim of absence.,90d68becd62a6e9783880b6c11b2f3ac3f3fd7db; ## main...origin/main [ahead 7],
betlangiser,betlangiser,Augmentation tools,FFI / ABI / verifier,F,A related filename was enumerated. Its existence establishes neither implementation nor correctness.,90d68becd62a6e9783880b6c11b2f3ac3f3fd7db; ## main...origin/main [ahead 7],.machine_readable/scripts/verification/0.3-AI-MANIFEST.a2ml; .machine_readable/scripts/verification/README.adoc; src/abi/mod.rs
betlangiser,betlangiser,Augmentation tools,Standard library,H,This column refers to the native host language. A manifest/input parser in the augmenter is not that language’s compiler or type checker.,90d68becd62a6e9783880b6c11b2f3ac3f3fd7db; ## main...origin/main [ahead 7],
betlangiser,betlangiser,Augmentation tools,Aggregate library,?,No sufficient component assessment in this audit. This is not a claim of absence.,90d68becd62a6e9783880b6c11b2f3ac3f3fd7db; ## main...origin/main [ahead 7],
betlangiser,betlangiser,Augmentation tools,Other libraries / packages,F,A related filename was enumerated. Its existence establishes neither implementation nor correctness.,90d68becd62a6e9783880b6c11b2f3ac3f3fd7db; ## main...origin/main [ahead 7],.machine_readable/6a2/ECOSYSTEM.a2ml
betlangiser,betlangiser,Augmentation tools,Unit / conformance tests,F,A related filename was enumerated. Its existence establishes neither implementation nor correctness.,90d68becd62a6e9783880b6c11b2f3ac3f3fd7db; ## main...origin/main [ahead 7],src/interface/ffi/test/0.4-AI-MANIFEST.a2ml; src/interface/ffi/test/README.adoc; src/interface/ffi/test/integration_test.zig
betlangiser,betlangiser,Augmentation tools,Property tests / fuzzing,F,A related filename was enumerated. Its existence establishes neither implementation nor correctness.,90d68becd62a6e9783880b6c11b2f3ac3f3fd7db; ## main...origin/main [ahead 7],tests/fuzz/placeholder.txt; verification/fuzzing/0.2-AI-MANIFEST.a2ml; verification/fuzzing/README.adoc
betlangiser,betlangiser,Augmentation tools,Formal model / proofs,F,A related filename was enumerated. Its existence establishes neither implementation nor correctness.,90d68becd62a6e9783880b6c11b2f3ac3f3fd7db; ## main...origin/main [ahead 7],verification/proofs/0.2-AI-MANIFEST.a2ml; verification/proofs/README.adoc
betlangiser,betlangiser,Augmentation tools,Proof / runtime correspondence,?,No sufficient component assessment in this audit. This is not a claim of absence.,90d68becd62a6e9783880b6c11b2f3ac3f3fd7db; ## main...origin/main [ahead 7],
betlangiser,betlangiser,Augmentation tools,CI / security gates,F,A related filename was enumerated. Its existence establishes neither implementation nor correctness.,90d68becd62a6e9783880b6c11b2f3ac3f3fd7db; ## main...origin/main [ahead 7],.github/workflows/abi-ffi-gate.yml; .github/workflows/boj-build.yml; .github/workflows/casket-pages.yml
betlangiser,betlangiser,Augmentation tools,Benchmarks / measurement,F,A related filename was enumerated. Its existence establishes neither implementation nor correctness.,90d68becd62a6e9783880b6c11b2f3ac3f3fd7db; ## main...origin/main [ahead 7],verification/benchmarks/0.2-AI-MANIFEST.a2ml; verification/benchmarks/README.adoc
betlangiser,betlangiser,Augmentation tools,Release / packaging,F,A related filename was enumerated. Its existence establishes neither implementation nor correctness.,90d68becd62a6e9783880b6c11b2f3ac3f3fd7db; ## main...origin/main [ahead 7],.github/workflows/release.yml
bqniser,bqniser,Augmentation tools,Syntax,H,This column refers to the native host language. A manifest/input parser in the augmenter is not that language’s compiler or type checker.,3d42ff26ea211e4f0432ca761cc9594eed85b810; ## main...origin/main [ahead 7],
bqniser,bqniser,Augmentation tools,Semantics,H,This column refers to the native host language. A manifest/input parser in the augmenter is not that language’s compiler or type checker.,3d42ff26ea211e4f0432ca761cc9594eed85b810; ## main...origin/main [ahead 7],src/interface/abi/Bqniser/ABI/Semantics.idr
bqniser,bqniser,Augmentation tools,Type checker,H,This column refers to the native host language. A manifest/input parser in the augmenter is not that language’s compiler or type checker.,3d42ff26ea211e4f0432ca761cc9594eed85b810; ## main...origin/main [ahead 7],
bqniser,bqniser,Augmentation tools,Ownership / effects,F,A related filename was enumerated. Its existence establishes neither implementation nor correctness.,3d42ff26ea211e4f0432ca761cc9594eed85b810; ## main...origin/main [ahead 7],docs/governance/audit/effects/0.3-AI-MANIFEST.a2ml; docs/governance/audit/effects/README.adoc; examples/SafeDOMExample.affine
bqniser,bqniser,Augmentation tools,AST,H,This column refers to the native host language. A manifest/input parser in the augmenter is not that language’s compiler or type checker.,3d42ff26ea211e4f0432ca761cc9594eed85b810; ## main...origin/main [ahead 7],
bqniser,bqniser,Augmentation tools,Judgement / evidence graph,?,No sufficient component assessment in this audit. This is not a claim of absence.,3d42ff26ea211e4f0432ca761cc9594eed85b810; ## main...origin/main [ahead 7],
bqniser,bqniser,Augmentation tools,Lexer,H,This column refers to the native host language. A manifest/input parser in the augmenter is not that language’s compiler or type checker.,3d42ff26ea211e4f0432ca761cc9594eed85b810; ## main...origin/main [ahead 7],.github/workflows/secret-scanner.yml
bqniser,bqniser,Augmentation tools,Parser,H,This column refers to the native host language. A manifest/input parser in the augmenter is not that language’s compiler or type checker.,3d42ff26ea211e4f0432ca761cc9594eed85b810; ## main...origin/main [ahead 7],src/codegen/parser.rs
bqniser,bqniser,Augmentation tools,Elaboration / IR,?,No sufficient component assessment in this audit. This is not a claim of absence.,3d42ff26ea211e4f0432ca761cc9594eed85b810; ## main...origin/main [ahead 7],
bqniser,bqniser,Augmentation tools,REPL,?,No sufficient component assessment in this audit. This is not a claim of absence.,3d42ff26ea211e4f0432ca761cc9594eed85b810; ## main...origin/main [ahead 7],
bqniser,bqniser,Augmentation tools,LSP / debugger,?,No sufficient component assessment in this audit. This is not a claim of absence.,3d42ff26ea211e4f0432ca761cc9594eed85b810; ## main...origin/main [ahead 7],
bqniser,bqniser,Augmentation tools,Interpreter / runner,!,Reviewed run() prints instructions/configuration and returns success; it does not execute the target workload.,3d42ff26ea211e4f0432ca761cc9594eed85b810; ## main...origin/main [ahead 7],src/codegen/mod.rs
bqniser,bqniser,Augmentation tools,Meta-interpreter,?,No sufficient component assessment in this audit. This is not a claim of absence.,3d42ff26ea211e4f0432ca761cc9594eed85b810; ## main...origin/main [ahead 7],
bqniser,bqniser,Augmentation tools,Compiler / build,!,"Reviewed build() prints a plan/status or validates input, then returns success; it does not invoke the target compiler.",3d42ff26ea211e4f0432ca761cc9594eed85b810; ## main...origin/main [ahead 7],src/codegen/mod.rs
bqniser,bqniser,Augmentation tools,Meta-compiler,F,A related filename was enumerated. Its existence establishes neither implementation nor correctness.,3d42ff26ea211e4f0432ca761cc9594eed85b810; ## main...origin/main [ahead 7],features/ssg/ssg-bootstrap.sh
bqniser,bqniser,Augmentation tools,Code generators,I,src/codegen/mod.rs orchestration inspected. It writes/delegates generated artifacts; per-target semantic validity and full generator coverage were not established.,3d42ff26ea211e4f0432ca761cc9594eed85b810; ## main...origin/main [ahead 7],src/codegen/mod.rs
bqniser,bqniser,Augmentation tools,Coprocessor / GPU,?,No sufficient component assessment in this audit. This is not a claim of absence.,3d42ff26ea211e4f0432ca761cc9594eed85b810; ## main...origin/main [ahead 7],
bqniser,bqniser,Augmentation tools,FFI / ABI / verifier,F,A related filename was enumerated. Its existence establishes neither implementation nor correctness.,3d42ff26ea211e4f0432ca761cc9594eed85b810; ## main...origin/main [ahead 7],.machine_readable/scripts/verification/0.3-AI-MANIFEST.a2ml; .machine_readable/scripts/verification/README.adoc; src/abi/mod.rs
bqniser,bqniser,Augmentation tools,Standard library,H,This column refers to the native host language. A manifest/input parser in the augmenter is not that language’s compiler or type checker.,3d42ff26ea211e4f0432ca761cc9594eed85b810; ## main...origin/main [ahead 7],
bqniser,bqniser,Augmentation tools,Aggregate library,?,No sufficient component assessment in this audit. This is not a claim of absence.,3d42ff26ea211e4f0432ca761cc9594eed85b810; ## main...origin/main [ahead 7],
bqniser,bqniser,Augmentation tools,Other libraries / packages,F,A related filename was enumerated. Its existence establishes neither implementation nor correctness.,3d42ff26ea211e4f0432ca761cc9594eed85b810; ## main...origin/main [ahead 7],.machine_readable/6a2/ECOSYSTEM.a2ml
bqniser,bqniser,Augmentation tools,Unit / conformance tests,F,A related filename was enumerated. Its existence establishes neither implementation nor correctness.,3d42ff26ea211e4f0432ca761cc9594eed85b810; ## main...origin/main [ahead 7],src/interface/ffi/test/0.4-AI-MANIFEST.a2ml; src/interface/ffi/test/README.adoc; src/interface/ffi/test/integration_test.zig
bqniser,bqniser,Augmentation tools,Property tests / fuzzing,F,A related filename was enumerated. Its existence establishes neither implementation nor correctness.,3d42ff26ea211e4f0432ca761cc9594eed85b810; ## main...origin/main [ahead 7],tests/fuzz/placeholder.txt; verification/fuzzing/0.2-AI-MANIFEST.a2ml; verification/fuzzing/README.adoc
bqniser,bqniser,Augmentation tools,Formal model / proofs,F,A related filename was enumerated. Its existence establishes neither implementation nor correctness.,3d42ff26ea211e4f0432ca761cc9594eed85b810; ## main...origin/main [ahead 7],verification/proofs/0.2-AI-MANIFEST.a2ml; verification/proofs/README.adoc
bqniser,bqniser,Augmentation tools,Proof / runtime correspondence,?,No sufficient component assessment in this audit. This is not a claim of absence.,3d42ff26ea211e4f0432ca761cc9594eed85b810; ## main...origin/main [ahead 7],
bqniser,bqniser,Augmentation tools,CI / security gates,F,A related filename was enumerated. Its existence establishes neither implementation nor correctness.,3d42ff26ea211e4f0432ca761cc9594eed85b810; ## main...origin/main [ahead 7],.github/workflows/abi-ffi-gate.yml; .github/workflows/boj-build.yml; .github/workflows/casket-pages.yml
bqniser,bqniser,Augmentation tools,Benchmarks / measurement,F,A related filename was enumerated. Its existence establishes neither implementation nor correctness.,3d42ff26ea211e4f0432ca761cc9594eed85b810; ## main...origin/main [ahead 7],verification/benchmarks/0.2-AI-MANIFEST.a2ml; verification/benchmarks/README.adoc
bqniser,bqniser,Augmentation tools,Release / packaging,F,A related filename was enumerated. Its existence establishes neither implementation nor correctness.,3d42ff26ea211e4f0432ca761cc9594eed85b810; ## main...origin/main [ahead 7],.github/workflows/release.yml
chapeliser,chapeliser,Augmentation tools,Syntax,H,This column refers to the native host language. A manifest/input parser in the augmenter is not that language’s compiler or type checker.,28351baeba54255069eb71f2738a517ee85e60ed; ## main...origin/main; repair observations refer separately to https://github.com/hyperpolymath/chapeliser/pull/71,
chapeliser,chapeliser,Augmentation tools,Semantics,H,This column refers to the native host language. A manifest/input parser in the augmenter is not that language’s compiler or type checker.,28351baeba54255069eb71f2738a517ee85e60ed; ## main...origin/main; repair observations refer separately to https://github.com/hyperpolymath/chapeliser/pull/71,
chapeliser,chapeliser,Augmentation tools,Type checker,H,This column refers to the native host language. A manifest/input parser in the augmenter is not that language’s compiler or type checker.,28351baeba54255069eb71f2738a517ee85e60ed; ## main...origin/main; repair observations refer separately to https://github.com/hyperpolymath/chapeliser/pull/71,
chapeliser,chapeliser,Augmentation tools,Ownership / effects,F,A related filename was enumerated. Its existence establishes neither implementation nor correctness.,28351baeba54255069eb71f2738a517ee85e60ed; ## main...origin/main; repair observations refer separately to https://github.com/hyperpolymath/chapeliser/pull/71,docs/governance/audit/effects/0.3-AI-MANIFEST.a2ml; docs/governance/audit/effects/README.adoc; examples/SafeDOMExample.affine
chapeliser,chapeliser,Augmentation tools,AST,H,This column refers to the native host language. A manifest/input parser in the augmenter is not that language’s compiler or type checker.,28351baeba54255069eb71f2738a517ee85e60ed; ## main...origin/main; repair observations refer separately to https://github.com/hyperpolymath/chapeliser/pull/71,
chapeliser,chapeliser,Augmentation tools,Judgement / evidence graph,?,No sufficient component assessment in this audit. This is not a claim of absence.,28351baeba54255069eb71f2738a517ee85e60ed; ## main...origin/main; repair observations refer separately to https://github.com/hyperpolymath/chapeliser/pull/71,
chapeliser,chapeliser,Augmentation tools,Lexer,H,This column refers to the native host language. A manifest/input parser in the augmenter is not that language’s compiler or type checker.,28351baeba54255069eb71f2738a517ee85e60ed; ## main...origin/main; repair observations refer separately to https://github.com/hyperpolymath/chapeliser/pull/71,.github/workflows/secret-scanner.yml
chapeliser,chapeliser,Augmentation tools,Parser,H,This column refers to the native host language. A manifest/input parser in the augmenter is not that language’s compiler or type checker.,28351baeba54255069eb71f2738a517ee85e60ed; ## main...origin/main; repair observations refer separately to https://github.com/hyperpolymath/chapeliser/pull/71,
chapeliser,chapeliser,Augmentation tools,Elaboration / IR,?,No sufficient component assessment in this audit. This is not a claim of absence.,28351baeba54255069eb71f2738a517ee85e60ed; ## main...origin/main; repair observations refer separately to https://github.com/hyperpolymath/chapeliser/pull/71,
chapeliser,chapeliser,Augmentation tools,REPL,?,No sufficient component assessment in this audit. This is not a claim of absence.,28351baeba54255069eb71f2738a517ee85e60ed; ## main...origin/main; repair observations refer separately to https://github.com/hyperpolymath/chapeliser/pull/71,
chapeliser,chapeliser,Augmentation tools,LSP / debugger,?,No sufficient component assessment in this audit. This is not a claim of absence.,28351baeba54255069eb71f2738a517ee85e60ed; ## main...origin/main; repair observations refer separately to https://github.com/hyperpolymath/chapeliser/pull/71,
chapeliser,chapeliser,Augmentation tools,Interpreter / runner,T,PR 71 repairs cwd and compiler-probe failures. Regression tests cover independent failed chpl/zig probes and real build-shell exit handling; not full Chapel/Zig target certification.,28351baeba54255069eb71f2738a517ee85e60ed; ## main...origin/main; repair observations refer separately to https://github.com/hyperpolymath/chapeliser/pull/71,
chapeliser,chapeliser,Augmentation tools,Meta-interpreter,?,No sufficient component assessment in this audit. This is not a claim of absence.,28351baeba54255069eb71f2738a517ee85e60ed; ## main...origin/main; repair observations refer separately to https://github.com/hyperpolymath/chapeliser/pull/71,
chapeliser,chapeliser,Augmentation tools,Compiler / build,T,PR 71 repairs cwd and compiler-probe failures. Regression tests cover independent failed chpl/zig probes and real build-shell exit handling; not full Chapel/Zig target certification.,28351baeba54255069eb71f2738a517ee85e60ed; ## main...origin/main; repair observations refer separately to https://github.com/hyperpolymath/chapeliser/pull/71,examples/golden/generated/build.sh; src/interface/ffi/build.zig
chapeliser,chapeliser,Augmentation tools,Meta-compiler,F,A related filename was enumerated. Its existence establishes neither implementation nor correctness.,28351baeba54255069eb71f2738a517ee85e60ed; ## main...origin/main; repair observations refer separately to https://github.com/hyperpolymath/chapeliser/pull/71,features/ssg/ssg-bootstrap.sh
chapeliser,chapeliser,Augmentation tools,Code generators,I,src/codegen/mod.rs orchestration inspected. It writes/delegates generated artifacts; per-target semantic validity and full generator coverage were not established.,28351baeba54255069eb71f2738a517ee85e60ed; ## main...origin/main; repair observations refer separately to https://github.com/hyperpolymath/chapeliser/pull/71,src/codegen/mod.rs
chapeliser,chapeliser,Augmentation tools,Coprocessor / GPU,?,No sufficient component assessment in this audit. This is not a claim of absence.,28351baeba54255069eb71f2738a517ee85e60ed; ## main...origin/main; repair observations refer separately to https://github.com/hyperpolymath/chapeliser/pull/71,
chapeliser,chapeliser,Augmentation tools,FFI / ABI / verifier,!,Generated wrapper/ABI/proof files do not establish end-to-end host/target refinement.,28351baeba54255069eb71f2738a517ee85e60ed; ## main...origin/main; repair observations refer separately to https://github.com/hyperpolymath/chapeliser/pull/71,.machine_readable/scripts/verification/0.3-AI-MANIFEST.a2ml; .machine_readable/scripts/verification/README.adoc; examples/golden/ffi_stub.c
chapeliser,chapeliser,Augmentation tools,Standard library,H,This column refers to the native host language. A manifest/input parser in the augmenter is not that language’s compiler or type checker.,28351baeba54255069eb71f2738a517ee85e60ed; ## main...origin/main; repair observations refer separately to https://github.com/hyperpolymath/chapeliser/pull/71,
chapeliser,chapeliser,Augmentation tools,Aggregate library,?,No sufficient component assessment in this audit. This is not a claim of absence.,28351baeba54255069eb71f2738a517ee85e60ed; ## main...origin/main; repair observations refer separately to https://github.com/hyperpolymath/chapeliser/pull/71,
chapeliser,chapeliser,Augmentation tools,Other libraries / packages,F,A related filename was enumerated. Its existence establishes neither implementation nor correctness.,28351baeba54255069eb71f2738a517ee85e60ed; ## main...origin/main; repair observations refer separately to https://github.com/hyperpolymath/chapeliser/pull/71,.machine_readable/6a2/ECOSYSTEM.a2ml
chapeliser,chapeliser,Augmentation tools,Unit / conformance tests,T,PR 71 repairs cwd and compiler-probe failures. Regression tests cover independent failed chpl/zig probes and real build-shell exit handling; not full Chapel/Zig target certification.,28351baeba54255069eb71f2738a517ee85e60ed; ## main...origin/main; repair observations refer separately to https://github.com/hyperpolymath/chapeliser/pull/71,src/interface/ffi/test/0.4-AI-MANIFEST.a2ml; src/interface/ffi/test/README.adoc; src/interface/ffi/test/integration_test.zig
chapeliser,chapeliser,Augmentation tools,Property tests / fuzzing,F,A related filename was enumerated. Its existence establishes neither implementation nor correctness.,28351baeba54255069eb71f2738a517ee85e60ed; ## main...origin/main; repair observations refer separately to https://github.com/hyperpolymath/chapeliser/pull/71,tests/fuzz/placeholder.txt; verification/fuzzing/0.2-AI-MANIFEST.a2ml; verification/fuzzing/README.adoc
chapeliser,chapeliser,Augmentation tools,Formal model / proofs,F,A related filename was enumerated. Its existence establishes neither implementation nor correctness.,28351baeba54255069eb71f2738a517ee85e60ed; ## main...origin/main; repair observations refer separately to https://github.com/hyperpolymath/chapeliser/pull/71,verification/proofs/0.2-AI-MANIFEST.a2ml; verification/proofs/README.adoc
chapeliser,chapeliser,Augmentation tools,Proof / runtime correspondence,!,Generated wrapper/ABI/proof files do not establish end-to-end host/target refinement.,28351baeba54255069eb71f2738a517ee85e60ed; ## main...origin/main; repair observations refer separately to https://github.com/hyperpolymath/chapeliser/pull/71,
chapeliser,chapeliser,Augmentation tools,CI / security gates,I,CI/security configuration and actual PR checks were inspected and repaired in PR 71. Build/test/security results are separate from main branch policy and merge approval; follow the live PR for final status.,28351baeba54255069eb71f2738a517ee85e60ed; ## main...origin/main; repair observations refer separately to https://github.com/hyperpolymath/chapeliser/pull/71,.github/workflows/abi-ffi-gate.yml; .github/workflows/boj-build.yml; .github/workflows/casket-pages.yml
chapeliser,chapeliser,Augmentation tools,Benchmarks / measurement,F,A related filename was enumerated. Its existence establishes neither implementation nor correctness.,28351baeba54255069eb71f2738a517ee85e60ed; ## main...origin/main; repair observations refer separately to https://github.com/hyperpolymath/chapeliser/pull/71,verification/benchmarks/0.2-AI-MANIFEST.a2ml; verification/benchmarks/README.adoc
chapeliser,chapeliser,Augmentation tools,Release / packaging,F,A related filename was enumerated. Its existence establishes neither implementation nor correctness.,28351baeba54255069eb71f2738a517ee85e60ed; ## main...origin/main; repair observations refer separately to https://github.com/hyperpolymath/chapeliser/pull/71,.github/workflows/release.yml
dafniser,dafniser,Augmentation tools,Syntax,H,This column refers to the native host language. A manifest/input parser in the augmenter is not that language’s compiler or type checker.,f955c34f33d45060e4ac50dd40fde88df2a2f2f5; ## main...origin/main [ahead 1],
dafniser,dafniser,Augmentation tools,Semantics,H,This column refers to the native host language. A manifest/input parser in the augmenter is not that language’s compiler or type checker.,f955c34f33d45060e4ac50dd40fde88df2a2f2f5; ## main...origin/main [ahead 1],src/interface/abi/Dafniser/ABI/Semantics.idr
dafniser,dafniser,Augmentation tools,Type checker,H,This column refers to the native host language. A manifest/input parser in the augmenter is not that language’s compiler or type checker.,f955c34f33d45060e4ac50dd40fde88df2a2f2f5; ## main...origin/main [ahead 1],
dafniser,dafniser,Augmentation tools,Ownership / effects,F,A related filename was enumerated. Its existence establishes neither implementation nor correctness.,f955c34f33d45060e4ac50dd40fde88df2a2f2f5; ## main...origin/main [ahead 1],docs/governance/audit/effects/0.3-AI-MANIFEST.a2ml; docs/governance/audit/effects/README.adoc; examples/SafeDOMExample.affine
dafniser,dafniser,Augmentation tools,AST,H,This column refers to the native host language. A manifest/input parser in the augmenter is not that language’s compiler or type checker.,f955c34f33d45060e4ac50dd40fde88df2a2f2f5; ## main...origin/main [ahead 1],
dafniser,dafniser,Augmentation tools,Judgement / evidence graph,?,No sufficient component assessment in this audit. This is not a claim of absence.,f955c34f33d45060e4ac50dd40fde88df2a2f2f5; ## main...origin/main [ahead 1],
dafniser,dafniser,Augmentation tools,Lexer,H,This column refers to the native host language. A manifest/input parser in the augmenter is not that language’s compiler or type checker.,f955c34f33d45060e4ac50dd40fde88df2a2f2f5; ## main...origin/main [ahead 1],.github/workflows/secret-scanner.yml
dafniser,dafniser,Augmentation tools,Parser,H,This column refers to the native host language. A manifest/input parser in the augmenter is not that language’s compiler or type checker.,f955c34f33d45060e4ac50dd40fde88df2a2f2f5; ## main...origin/main [ahead 1],src/codegen/parser.rs
dafniser,dafniser,Augmentation tools,Elaboration / IR,?,No sufficient component assessment in this audit. This is not a claim of absence.,f955c34f33d45060e4ac50dd40fde88df2a2f2f5; ## main...origin/main [ahead 1],
dafniser,dafniser,Augmentation tools,REPL,?,No sufficient component assessment in this audit. This is not a claim of absence.,f955c34f33d45060e4ac50dd40fde88df2a2f2f5; ## main...origin/main [ahead 1],
dafniser,dafniser,Augmentation tools,LSP / debugger,?,No sufficient component assessment in this audit. This is not a claim of absence.,f955c34f33d45060e4ac50dd40fde88df2a2f2f5; ## main...origin/main [ahead 1],
dafniser,dafniser,Augmentation tools,Interpreter / runner,!,Reviewed run() prints instructions/configuration and returns success; it does not execute the target workload.,f955c34f33d45060e4ac50dd40fde88df2a2f2f5; ## main...origin/main [ahead 1],src/codegen/mod.rs
dafniser,dafniser,Augmentation tools,Meta-interpreter,?,No sufficient component assessment in this audit. This is not a claim of absence.,f955c34f33d45060e4ac50dd40fde88df2a2f2f5; ## main...origin/main [ahead 1],
dafniser,dafniser,Augmentation tools,Compiler / build,!,"Reviewed build() prints a plan/status or validates input, then returns success; it does not invoke the target compiler.",f955c34f33d45060e4ac50dd40fde88df2a2f2f5; ## main...origin/main [ahead 1],src/codegen/mod.rs
dafniser,dafniser,Augmentation tools,Meta-compiler,F,A related filename was enumerated. Its existence establishes neither implementation nor correctness.,f955c34f33d45060e4ac50dd40fde88df2a2f2f5; ## main...origin/main [ahead 1],features/ssg/ssg-bootstrap.sh
dafniser,dafniser,Augmentation tools,Code generators,I,src/codegen/mod.rs orchestration inspected. It writes/delegates generated artifacts; per-target semantic validity and full generator coverage were not established.,f955c34f33d45060e4ac50dd40fde88df2a2f2f5; ## main...origin/main [ahead 1],src/codegen/mod.rs
dafniser,dafniser,Augmentation tools,Coprocessor / GPU,?,No sufficient component assessment in this audit. This is not a claim of absence.,f955c34f33d45060e4ac50dd40fde88df2a2f2f5; ## main...origin/main [ahead 1],
dafniser,dafniser,Augmentation tools,FFI / ABI / verifier,F,A related filename was enumerated. Its existence establishes neither implementation nor correctness.,f955c34f33d45060e4ac50dd40fde88df2a2f2f5; ## main...origin/main [ahead 1],.machine_readable/scripts/verification/0.3-AI-MANIFEST.a2ml; .machine_readable/scripts/verification/README.adoc; src/abi/mod.rs
dafniser,dafniser,Augmentation tools,Standard library,H,This column refers to the native host language. A manifest/input parser in the augmenter is not that language’s compiler or type checker.,f955c34f33d45060e4ac50dd40fde88df2a2f2f5; ## main...origin/main [ahead 1],
dafniser,dafniser,Augmentation tools,Aggregate library,?,No sufficient component assessment in this audit. This is not a claim of absence.,f955c34f33d45060e4ac50dd40fde88df2a2f2f5; ## main...origin/main [ahead 1],
dafniser,dafniser,Augmentation tools,Other libraries / packages,F,A related filename was enumerated. Its existence establishes neither implementation nor correctness.,f955c34f33d45060e4ac50dd40fde88df2a2f2f5; ## main...origin/main [ahead 1],.machine_readable/6a2/ECOSYSTEM.a2ml
dafniser,dafniser,Augmentation tools,Unit / conformance tests,F,A related filename was enumerated. Its existence establishes neither implementation nor correctness.,f955c34f33d45060e4ac50dd40fde88df2a2f2f5; ## main...origin/main [ahead 1],src/interface/ffi/.zig-cache/o/a321aa3c8732663417bf1076929f850a/test.o; src/interface/ffi/test/0.4-AI-MANIFEST.a2ml; src/interface/ffi/test/README.adoc
dafniser,dafniser,Augmentation tools,Property tests / fuzzing,F,A related filename was enumerated. Its existence establishes neither implementation nor correctness.,f955c34f33d45060e4ac50dd40fde88df2a2f2f5; ## main...origin/main [ahead 1],tests/fuzz/placeholder.txt; verification/fuzzing/0.2-AI-MANIFEST.a2ml; verification/fuzzing/README.adoc
dafniser,dafniser,Augmentation tools,Formal model / proofs,F,A related filename was enumerated. Its existence establishes neither implementation nor correctness.,f955c34f33d45060e4ac50dd40fde88df2a2f2f5; ## main...origin/main [ahead 1],verification/proofs/0.2-AI-MANIFEST.a2ml; verification/proofs/README.adoc
dafniser,dafniser,Augmentation tools,Proof / runtime correspondence,?,No sufficient component assessment in this audit. This is not a claim of absence.,f955c34f33d45060e4ac50dd40fde88df2a2f2f5; ## main...origin/main [ahead 1],
dafniser,dafniser,Augmentation tools,CI / security gates,F,A related filename was enumerated. Its existence establishes neither implementation nor correctness.,f955c34f33d45060e4ac50dd40fde88df2a2f2f5; ## main...origin/main [ahead 1],.github/workflows/abi-ffi-gate.yml; .github/workflows/boj-build.yml; .github/workflows/casket-pages.yml
dafniser,dafniser,Augmentation tools,Benchmarks / measurement,F,A related filename was enumerated. Its existence establishes neither implementation nor correctness.,f955c34f33d45060e4ac50dd40fde88df2a2f2f5; ## main...origin/main [ahead 1],verification/benchmarks/0.2-AI-MANIFEST.a2ml; verification/benchmarks/README.adoc
dafniser,dafniser,Augmentation tools,Release / packaging,F,A related filename was enumerated. Its existence establishes neither implementation nor correctness.,f955c34f33d45060e4ac50dd40fde88df2a2f2f5; ## main...origin/main [ahead 1],.github/workflows/release.yml
eclexiaiser,eclexiaiser,Augmentation tools,Syntax,H,This column refers to the native host language. A manifest/input parser in the augmenter is not that language’s compiler or type checker.,9c6d49fb91505b32fc5a6de2e5f1e36d2005b00e; ## main...origin/main [ahead 7],
eclexiaiser,eclexiaiser,Augmentation tools,Semantics,H,This column refers to the native host language. A manifest/input parser in the augmenter is not that language’s compiler or type checker.,9c6d49fb91505b32fc5a6de2e5f1e36d2005b00e; ## main...origin/main [ahead 7],src/interface/abi/Eclexiaiser/ABI/Semantics.idr
eclexiaiser,eclexiaiser,Augmentation tools,Type checker,H,This column refers to the native host language. A manifest/input parser in the augmenter is not that language’s compiler or type checker.,9c6d49fb91505b32fc5a6de2e5f1e36d2005b00e; ## main...origin/main [ahead 7],
eclexiaiser,eclexiaiser,Augmentation tools,Ownership / effects,F,A related filename was enumerated. Its existence establishes neither implementation nor correctness.,9c6d49fb91505b32fc5a6de2e5f1e36d2005b00e; ## main...origin/main [ahead 7],docs/governance/audit/effects/0.3-AI-MANIFEST.a2ml; docs/governance/audit/effects/README.adoc; examples/SafeDOMExample.affine
eclexiaiser,eclexiaiser,Augmentation tools,AST,H,This column refers to the native host language. A manifest/input parser in the augmenter is not that language’s compiler or type checker.,9c6d49fb91505b32fc5a6de2e5f1e36d2005b00e; ## main...origin/main [ahead 7],
eclexiaiser,eclexiaiser,Augmentation tools,Judgement / evidence graph,?,No sufficient component assessment in this audit. This is not a claim of absence.,9c6d49fb91505b32fc5a6de2e5f1e36d2005b00e; ## main...origin/main [ahead 7],
eclexiaiser,eclexiaiser,Augmentation tools,Lexer,H,This column refers to the native host language. A manifest/input parser in the augmenter is not that language’s compiler or type checker.,9c6d49fb91505b32fc5a6de2e5f1e36d2005b00e; ## main...origin/main [ahead 7],.github/workflows/secret-scanner.yml
eclexiaiser,eclexiaiser,Augmentation tools,Parser,H,This column refers to the native host language. A manifest/input parser in the augmenter is not that language’s compiler or type checker.,9c6d49fb91505b32fc5a6de2e5f1e36d2005b00e; ## main...origin/main [ahead 7],src/codegen/parser.rs
eclexiaiser,eclexiaiser,Augmentation tools,Elaboration / IR,?,No sufficient component assessment in this audit. This is not a claim of absence.,9c6d49fb91505b32fc5a6de2e5f1e36d2005b00e; ## main...origin/main [ahead 7],
eclexiaiser,eclexiaiser,Augmentation tools,REPL,?,No sufficient component assessment in this audit. This is not a claim of absence.,9c6d49fb91505b32fc5a6de2e5f1e36d2005b00e; ## main...origin/main [ahead 7],
eclexiaiser,eclexiaiser,Augmentation tools,LSP / debugger,?,No sufficient component assessment in this audit. This is not a claim of absence.,9c6d49fb91505b32fc5a6de2e5f1e36d2005b00e; ## main...origin/main [ahead 7],
eclexiaiser,eclexiaiser,Augmentation tools,Interpreter / runner,!,Reviewed run() prints instructions/configuration and returns success; it does not execute the target workload.,9c6d49fb91505b32fc5a6de2e5f1e36d2005b00e; ## main...origin/main [ahead 7],src/codegen/mod.rs
eclexiaiser,eclexiaiser,Augmentation tools,Meta-interpreter,?,No sufficient component assessment in this audit. This is not a claim of absence.,9c6d49fb91505b32fc5a6de2e5f1e36d2005b00e; ## main...origin/main [ahead 7],
eclexiaiser,eclexiaiser,Augmentation tools,Compiler / build,!,"Reviewed build() prints a plan/status or validates input, then returns success; it does not invoke the target compiler.",9c6d49fb91505b32fc5a6de2e5f1e36d2005b00e; ## main...origin/main [ahead 7],src/codegen/mod.rs
eclexiaiser,eclexiaiser,Augmentation tools,Meta-compiler,F,A related filename was enumerated. Its existence establishes neither implementation nor correctness.,9c6d49fb91505b32fc5a6de2e5f1e36d2005b00e; ## main...origin/main [ahead 7],features/ssg/ssg-bootstrap.sh
eclexiaiser,eclexiaiser,Augmentation tools,Code generators,I,src/codegen/mod.rs orchestration inspected. It writes/delegates generated artifacts; per-target semantic validity and full generator coverage were not established.,9c6d49fb91505b32fc5a6de2e5f1e36d2005b00e; ## main...origin/main [ahead 7],src/codegen/mod.rs
eclexiaiser,eclexiaiser,Augmentation tools,Coprocessor / GPU,?,No sufficient component assessment in this audit. This is not a claim of absence.,9c6d49fb91505b32fc5a6de2e5f1e36d2005b00e; ## main...origin/main [ahead 7],
eclexiaiser,eclexiaiser,Augmentation tools,FFI / ABI / verifier,F,A related filename was enumerated. Its existence establishes neither implementation nor correctness.,9c6d49fb91505b32fc5a6de2e5f1e36d2005b00e; ## main...origin/main [ahead 7],.machine_readable/scripts/verification/0.3-AI-MANIFEST.a2ml; .machine_readable/scripts/verification/README.adoc; src/abi/mod.rs
eclexiaiser,eclexiaiser,Augmentation tools,Standard library,H,This column refers to the native host language. A manifest/input parser in the augmenter is not that language’s compiler or type checker.,9c6d49fb91505b32fc5a6de2e5f1e36d2005b00e; ## main...origin/main [ahead 7],
eclexiaiser,eclexiaiser,Augmentation tools,Aggregate library,?,No sufficient component assessment in this audit. This is not a claim of absence.,9c6d49fb91505b32fc5a6de2e5f1e36d2005b00e; ## main...origin/main [ahead 7],
eclexiaiser,eclexiaiser,Augmentation tools,Other libraries / packages,F,A related filename was enumerated. Its existence establishes neither implementation nor correctness.,9c6d49fb91505b32fc5a6de2e5f1e36d2005b00e; ## main...origin/main [ahead 7],.machine_readable/6a2/ECOSYSTEM.a2ml
eclexiaiser,eclexiaiser,Augmentation tools,Unit / conformance tests,F,A related filename was enumerated. Its existence establishes neither implementation nor correctness.,9c6d49fb91505b32fc5a6de2e5f1e36d2005b00e; ## main...origin/main [ahead 7],src/interface/ffi/test/0.4-AI-MANIFEST.a2ml; src/interface/ffi/test/README.adoc; src/interface/ffi/test/integration_test.zig
eclexiaiser,eclexiaiser,Augmentation tools,Property tests / fuzzing,F,A related filename was enumerated. Its existence establishes neither implementation nor correctness.,9c6d49fb91505b32fc5a6de2e5f1e36d2005b00e; ## main...origin/main [ahead 7],tests/fuzz/placeholder.txt; verification/fuzzing/0.2-AI-MANIFEST.a2ml; verification/fuzzing/README.adoc
eclexiaiser,eclexiaiser,Augmentation tools,Formal model / proofs,F,A related filename was enumerated. Its existence establishes neither implementation nor correctness.,9c6d49fb91505b32fc5a6de2e5f1e36d2005b00e; ## main...origin/main [ahead 7],verification/proofs/0.2-AI-MANIFEST.a2ml; verification/proofs/README.adoc
eclexiaiser,eclexiaiser,Augmentation tools,Proof / runtime correspondence,?,No sufficient component assessment in this audit. This is not a claim of absence.,9c6d49fb91505b32fc5a6de2e5f1e36d2005b00e; ## main...origin/main [ahead 7],
eclexiaiser,eclexiaiser,Augmentation tools,CI / security gates,F,A related filename was enumerated. Its existence establishes neither implementation nor correctness.,9c6d49fb91505b32fc5a6de2e5f1e36d2005b00e; ## main...origin/main [ahead 7],.github/workflows/abi-ffi-gate.yml; .github/workflows/boj-build.yml; .github/workflows/casket-pages.yml
eclexiaiser,eclexiaiser,Augmentation tools,Benchmarks / measurement,F,A related filename was enumerated. Its existence establishes neither implementation nor correctness.,9c6d49fb91505b32fc5a6de2e5f1e36d2005b00e; ## main...origin/main [ahead 7],verification/benchmarks/0.2-AI-MANIFEST.a2ml; verification/benchmarks/README.adoc
eclexiaiser,eclexiaiser,Augmentation tools,Release / packaging,F,A related filename was enumerated. Its existence establishes neither implementation nor correctness.,9c6d49fb91505b32fc5a6de2e5f1e36d2005b00e; ## main...origin/main [ahead 7],.github/workflows/release.yml
ephapaxiser,ephapaxiser,Augmentation tools,Syntax,H,This column refers to the native host language. A manifest/input parser in the augmenter is not that language’s compiler or type checker.,044e89fd6010f5e6019adaff13da7d7855c40023; ## main...origin/main [ahead 25],
ephapaxiser,ephapaxiser,Augmentation tools,Semantics,H,This column refers to the native host language. A manifest/input parser in the augmenter is not that language’s compiler or type checker.,044e89fd6010f5e6019adaff13da7d7855c40023; ## main...origin/main [ahead 25],src/interface/abi/Ephapaxiser/ABI/Semantics.idr
ephapaxiser,ephapaxiser,Augmentation tools,Type checker,H,This column refers to the native host language. A manifest/input parser in the augmenter is not that language’s compiler or type checker.,044e89fd6010f5e6019adaff13da7d7855c40023; ## main...origin/main [ahead 25],
ephapaxiser,ephapaxiser,Augmentation tools,Ownership / effects,F,A related filename was enumerated. Its existence establishes neither implementation nor correctness.,044e89fd6010f5e6019adaff13da7d7855c40023; ## main...origin/main [ahead 25],docs/governance/audit/effects/0.3-AI-MANIFEST.a2ml; docs/governance/audit/effects/README.adoc; examples/SafeDOMExample.affine
ephapaxiser,ephapaxiser,Augmentation tools,AST,H,This column refers to the native host language. A manifest/input parser in the augmenter is not that language’s compiler or type checker.,044e89fd6010f5e6019adaff13da7d7855c40023; ## main...origin/main [ahead 25],
ephapaxiser,ephapaxiser,Augmentation tools,Judgement / evidence graph,?,No sufficient component assessment in this audit. This is not a claim of absence.,044e89fd6010f5e6019adaff13da7d7855c40023; ## main...origin/main [ahead 25],
ephapaxiser,ephapaxiser,Augmentation tools,Lexer,H,This column refers to the native host language. A manifest/input parser in the augmenter is not that language’s compiler or type checker.,044e89fd6010f5e6019adaff13da7d7855c40023; ## main...origin/main [ahead 25],.github/workflows/secret-scanner.yml
ephapaxiser,ephapaxiser,Augmentation tools,Parser,H,This column refers to the native host language. A manifest/input parser in the augmenter is not that language’s compiler or type checker.,044e89fd6010f5e6019adaff13da7d7855c40023; ## main...origin/main [ahead 25],src/codegen/parser.rs
ephapaxiser,ephapaxiser,Augmentation tools,Elaboration / IR,?,No sufficient component assessment in this audit. This is not a claim of absence.,044e89fd6010f5e6019adaff13da7d7855c40023; ## main...origin/main [ahead 25],
ephapaxiser,ephapaxiser,Augmentation tools,REPL,?,No sufficient component assessment in this audit. This is not a claim of absence.,044e89fd6010f5e6019adaff13da7d7855c40023; ## main...origin/main [ahead 25],
ephapaxiser,ephapaxiser,Augmentation tools,LSP / debugger,?,No sufficient component assessment in this audit. This is not a claim of absence.,044e89fd6010f5e6019adaff13da7d7855c40023; ## main...origin/main [ahead 25],
ephapaxiser,ephapaxiser,Augmentation tools,Interpreter / runner,!,Reviewed run() prints instructions/configuration and returns success; it does not execute the target workload.,044e89fd6010f5e6019adaff13da7d7855c40023; ## main...origin/main [ahead 25],src/codegen/mod.rs
ephapaxiser,ephapaxiser,Augmentation tools,Meta-interpreter,?,No sufficient component assessment in this audit. This is not a claim of absence.,044e89fd6010f5e6019adaff13da7d7855c40023; ## main...origin/main [ahead 25],
ephapaxiser,ephapaxiser,Augmentation tools,Compiler / build,!,"Reviewed build() prints a plan/status or validates input, then returns success; it does not invoke the target compiler.",044e89fd6010f5e6019adaff13da7d7855c40023; ## main...origin/main [ahead 25],src/codegen/mod.rs
ephapaxiser,ephapaxiser,Augmentation tools,Meta-compiler,F,A related filename was enumerated. Its existence establishes neither implementation nor correctness.,044e89fd6010f5e6019adaff13da7d7855c40023; ## main...origin/main [ahead 25],features/ssg/ssg-bootstrap.sh
ephapaxiser,ephapaxiser,Augmentation tools,Code generators,I,src/codegen/mod.rs orchestration inspected. It writes/delegates generated artifacts; per-target semantic validity and full generator coverage were not established.,044e89fd6010f5e6019adaff13da7d7855c40023; ## main...origin/main [ahead 25],src/codegen/mod.rs
ephapaxiser,ephapaxiser,Augmentation tools,Coprocessor / GPU,?,No sufficient component assessment in this audit. This is not a claim of absence.,044e89fd6010f5e6019adaff13da7d7855c40023; ## main...origin/main [ahead 25],
ephapaxiser,ephapaxiser,Augmentation tools,FFI / ABI / verifier,F,A related filename was enumerated. Its existence establishes neither implementation nor correctness.,044e89fd6010f5e6019adaff13da7d7855c40023; ## main...origin/main [ahead 25],.machine_readable/scripts/verification/0.3-AI-MANIFEST.a2ml; .machine_readable/scripts/verification/README.adoc; src/abi/mod.rs
ephapaxiser,ephapaxiser,Augmentation tools,Standard library,H,This column refers to the native host language. A manifest/input parser in the augmenter is not that language’s compiler or type checker.,044e89fd6010f5e6019adaff13da7d7855c40023; ## main...origin/main [ahead 25],
ephapaxiser,ephapaxiser,Augmentation tools,Aggregate library,?,No sufficient component assessment in this audit. This is not a claim of absence.,044e89fd6010f5e6019adaff13da7d7855c40023; ## main...origin/main [ahead 25],
ephapaxiser,ephapaxiser,Augmentation tools,Other libraries / packages,F,A related filename was enumerated. Its existence establishes neither implementation nor correctness.,044e89fd6010f5e6019adaff13da7d7855c40023; ## main...origin/main [ahead 25],.machine_readable/6a2/ECOSYSTEM.a2ml
ephapaxiser,ephapaxiser,Augmentation tools,Unit / conformance tests,F,A related filename was enumerated. Its existence establishes neither implementation nor correctness.,044e89fd6010f5e6019adaff13da7d7855c40023; ## main...origin/main [ahead 25],src/interface/ffi/.zig-cache/o/a321aa3c8732663417bf1076929f850a/test.o; src/interface/ffi/test/0.4-AI-MANIFEST.a2ml; src/interface/ffi/test/README.adoc
ephapaxiser,ephapaxiser,Augmentation tools,Property tests / fuzzing,F,A related filename was enumerated. Its existence establishes neither implementation nor correctness.,044e89fd6010f5e6019adaff13da7d7855c40023; ## main...origin/main [ahead 25],tests/fuzz/placeholder.txt; verification/fuzzing/0.2-AI-MANIFEST.a2ml; verification/fuzzing/README.adoc
ephapaxiser,ephapaxiser,Augmentation tools,Formal model / proofs,F,A related filename was enumerated. Its existence establishes neither implementation nor correctness.,044e89fd6010f5e6019adaff13da7d7855c40023; ## main...origin/main [ahead 25],verification/proofs/0.2-AI-MANIFEST.a2ml; verification/proofs/README.adoc
ephapaxiser,ephapaxiser,Augmentation tools,Proof / runtime correspondence,?,No sufficient component assessment in this audit. This is not a claim of absence.,044e89fd6010f5e6019adaff13da7d7855c40023; ## main...origin/main [ahead 25],
ephapaxiser,ephapaxiser,Augmentation tools,CI / security gates,F,A related filename was enumerated. Its existence establishes neither implementation nor correctness.,044e89fd6010f5e6019adaff13da7d7855c40023; ## main...origin/main [ahead 25],.github/workflows/abi-ffi-gate.yml; .github/workflows/boj-build.yml; .github/workflows/casket-pages.yml
ephapaxiser,ephapaxiser,Augmentation tools,Benchmarks / measurement,F,A related filename was enumerated. Its existence establishes neither implementation nor correctness.,044e89fd6010f5e6019adaff13da7d7855c40023; ## main...origin/main [ahead 25],verification/benchmarks/0.2-AI-MANIFEST.a2ml; verification/benchmarks/README.adoc
ephapaxiser,ephapaxiser,Augmentation tools,Release / packaging,F,A related filename was enumerated. Its existence establishes neither implementation nor correctness.,044e89fd6010f5e6019adaff13da7d7855c40023; ## main...origin/main [ahead 25],.github/workflows/release.yml
futharkiser,futharkiser,Augmentation tools,Syntax,H,This column refers to the native host language. A manifest/input parser in the augmenter is not that language’s compiler or type checker.,948446aad7560c976c40ac1af47ba8b9f1c3b5a8; ## main...origin/main [ahead 26],
futharkiser,futharkiser,Augmentation tools,Semantics,H,This column refers to the native host language. A manifest/input parser in the augmenter is not that language’s compiler or type checker.,948446aad7560c976c40ac1af47ba8b9f1c3b5a8; ## main...origin/main [ahead 26],src/interface/abi/Futharkiser/ABI/Semantics.idr
futharkiser,futharkiser,Augmentation tools,Type checker,H,This column refers to the native host language. A manifest/input parser in the augmenter is not that language’s compiler or type checker.,948446aad7560c976c40ac1af47ba8b9f1c3b5a8; ## main...origin/main [ahead 26],
futharkiser,futharkiser,Augmentation tools,Ownership / effects,F,A related filename was enumerated. Its existence establishes neither implementation nor correctness.,948446aad7560c976c40ac1af47ba8b9f1c3b5a8; ## main...origin/main [ahead 26],docs/governance/audit/effects/0.3-AI-MANIFEST.a2ml; docs/governance/audit/effects/README.adoc; examples/SafeDOMExample.affine
futharkiser,futharkiser,Augmentation tools,AST,H,This column refers to the native host language. A manifest/input parser in the augmenter is not that language’s compiler or type checker.,948446aad7560c976c40ac1af47ba8b9f1c3b5a8; ## main...origin/main [ahead 26],
futharkiser,futharkiser,Augmentation tools,Judgement / evidence graph,?,No sufficient component assessment in this audit. This is not a claim of absence.,948446aad7560c976c40ac1af47ba8b9f1c3b5a8; ## main...origin/main [ahead 26],
futharkiser,futharkiser,Augmentation tools,Lexer,H,This column refers to the native host language. A manifest/input parser in the augmenter is not that language’s compiler or type checker.,948446aad7560c976c40ac1af47ba8b9f1c3b5a8; ## main...origin/main [ahead 26],.github/workflows/secret-scanner.yml
futharkiser,futharkiser,Augmentation tools,Parser,H,This column refers to the native host language. A manifest/input parser in the augmenter is not that language’s compiler or type checker.,948446aad7560c976c40ac1af47ba8b9f1c3b5a8; ## main...origin/main [ahead 26],src/codegen/parser.rs
futharkiser,futharkiser,Augmentation tools,Elaboration / IR,?,No sufficient component assessment in this audit. This is not a claim of absence.,948446aad7560c976c40ac1af47ba8b9f1c3b5a8; ## main...origin/main [ahead 26],
futharkiser,futharkiser,Augmentation tools,REPL,?,No sufficient component assessment in this audit. This is not a claim of absence.,948446aad7560c976c40ac1af47ba8b9f1c3b5a8; ## main...origin/main [ahead 26],
futharkiser,futharkiser,Augmentation tools,LSP / debugger,?,No sufficient component assessment in this audit. This is not a claim of absence.,948446aad7560c976c40ac1af47ba8b9f1c3b5a8; ## main...origin/main [ahead 26],
futharkiser,futharkiser,Augmentation tools,Interpreter / runner,!,Reviewed run() prints instructions/configuration and returns success; it does not execute the target workload.,948446aad7560c976c40ac1af47ba8b9f1c3b5a8; ## main...origin/main [ahead 26],src/codegen/mod.rs
futharkiser,futharkiser,Augmentation tools,Meta-interpreter,?,No sufficient component assessment in this audit. This is not a claim of absence.,948446aad7560c976c40ac1af47ba8b9f1c3b5a8; ## main...origin/main [ahead 26],
futharkiser,futharkiser,Augmentation tools,Compiler / build,!,"Reviewed build() prints a plan/status or validates input, then returns success; it does not invoke the target compiler.",948446aad7560c976c40ac1af47ba8b9f1c3b5a8; ## main...origin/main [ahead 26],src/codegen/mod.rs
futharkiser,futharkiser,Augmentation tools,Meta-compiler,F,A related filename was enumerated. Its existence establishes neither implementation nor correctness.,948446aad7560c976c40ac1af47ba8b9f1c3b5a8; ## main...origin/main [ahead 26],features/ssg/ssg-bootstrap.sh
futharkiser,futharkiser,Augmentation tools,Code generators,I,src/codegen/mod.rs orchestration inspected. It writes/delegates generated artifacts; per-target semantic validity and full generator coverage were not established.,948446aad7560c976c40ac1af47ba8b9f1c3b5a8; ## main...origin/main [ahead 26],src/codegen/mod.rs
futharkiser,futharkiser,Augmentation tools,Coprocessor / GPU,?,No sufficient component assessment in this audit. This is not a claim of absence.,948446aad7560c976c40ac1af47ba8b9f1c3b5a8; ## main...origin/main [ahead 26],
futharkiser,futharkiser,Augmentation tools,FFI / ABI / verifier,F,A related filename was enumerated. Its existence establishes neither implementation nor correctness.,948446aad7560c976c40ac1af47ba8b9f1c3b5a8; ## main...origin/main [ahead 26],.machine_readable/scripts/verification/0.3-AI-MANIFEST.a2ml; .machine_readable/scripts/verification/README.adoc; src/abi/mod.rs
futharkiser,futharkiser,Augmentation tools,Standard library,H,This column refers to the native host language. A manifest/input parser in the augmenter is not that language’s compiler or type checker.,948446aad7560c976c40ac1af47ba8b9f1c3b5a8; ## main...origin/main [ahead 26],
futharkiser,futharkiser,Augmentation tools,Aggregate library,?,No sufficient component assessment in this audit. This is not a claim of absence.,948446aad7560c976c40ac1af47ba8b9f1c3b5a8; ## main...origin/main [ahead 26],
futharkiser,futharkiser,Augmentation tools,Other libraries / packages,F,A related filename was enumerated. Its existence establishes neither implementation nor correctness.,948446aad7560c976c40ac1af47ba8b9f1c3b5a8; ## main...origin/main [ahead 26],.machine_readable/6a2/ECOSYSTEM.a2ml
futharkiser,futharkiser,Augmentation tools,Unit / conformance tests,F,A related filename was enumerated. Its existence establishes neither implementation nor correctness.,948446aad7560c976c40ac1af47ba8b9f1c3b5a8; ## main...origin/main [ahead 26],src/interface/ffi/test/0.4-AI-MANIFEST.a2ml; src/interface/ffi/test/README.adoc; src/interface/ffi/test/integration_test.zig
futharkiser,futharkiser,Augmentation tools,Property tests / fuzzing,F,A related filename was enumerated. Its existence establishes neither implementation nor correctness.,948446aad7560c976c40ac1af47ba8b9f1c3b5a8; ## main...origin/main [ahead 26],tests/fuzz/placeholder.txt; verification/fuzzing/0.2-AI-MANIFEST.a2ml; verification/fuzzing/README.adoc
futharkiser,futharkiser,Augmentation tools,Formal model / proofs,F,A related filename was enumerated. Its existence establishes neither implementation nor correctness.,948446aad7560c976c40ac1af47ba8b9f1c3b5a8; ## main...origin/main [ahead 26],verification/proofs/0.2-AI-MANIFEST.a2ml; verification/proofs/README.adoc
futharkiser,futharkiser,Augmentation tools,Proof / runtime correspondence,?,No sufficient component assessment in this audit. This is not a claim of absence.,948446aad7560c976c40ac1af47ba8b9f1c3b5a8; ## main...origin/main [ahead 26],
futharkiser,futharkiser,Augmentation tools,CI / security gates,F,A related filename was enumerated. Its existence establishes neither implementation nor correctness.,948446aad7560c976c40ac1af47ba8b9f1c3b5a8; ## main...origin/main [ahead 26],.github/workflows/abi-ffi-gate.yml; .github/workflows/boj-build.yml; .github/workflows/casket-pages.yml
futharkiser,futharkiser,Augmentation tools,Benchmarks / measurement,F,A related filename was enumerated. Its existence establishes neither implementation nor correctness.,948446aad7560c976c40ac1af47ba8b9f1c3b5a8; ## main...origin/main [ahead 26],verification/benchmarks/0.2-AI-MANIFEST.a2ml; verification/benchmarks/README.adoc
futharkiser,futharkiser,Augmentation tools,Release / packaging,F,A related filename was enumerated. Its existence establishes neither implementation nor correctness.,948446aad7560c976c40ac1af47ba8b9f1c3b5a8; ## main...origin/main [ahead 26],.github/workflows/release.yml
halideiser,halideiser,Augmentation tools,Syntax,H,This column refers to the native host language. A manifest/input parser in the augmenter is not that language’s compiler or type checker.,7e7ffca5550c576ca2a4269b2a83259c49970c50; ## main...origin/main; repair observations refer separately to https://github.com/hyperpolymath/halideiser/pull/64,
halideiser,halideiser,Augmentation tools,Semantics,H,This column refers to the native host language. A manifest/input parser in the augmenter is not that language’s compiler or type checker.,7e7ffca5550c576ca2a4269b2a83259c49970c50; ## main...origin/main; repair observations refer separately to https://github.com/hyperpolymath/halideiser/pull/64,src/interface/abi/Halideiser/ABI/Semantics.idr
halideiser,halideiser,Augmentation tools,Type checker,H,This column refers to the native host language. A manifest/input parser in the augmenter is not that language’s compiler or type checker.,7e7ffca5550c576ca2a4269b2a83259c49970c50; ## main...origin/main; repair observations refer separately to https://github.com/hyperpolymath/halideiser/pull/64,
halideiser,halideiser,Augmentation tools,Ownership / effects,F,A related filename was enumerated. Its existence establishes neither implementation nor correctness.,7e7ffca5550c576ca2a4269b2a83259c49970c50; ## main...origin/main; repair observations refer separately to https://github.com/hyperpolymath/halideiser/pull/64,docs/governance/audit/effects/0.3-AI-MANIFEST.a2ml; docs/governance/audit/effects/README.adoc; examples/SafeDOMExample.affine
halideiser,halideiser,Augmentation tools,AST,H,This column refers to the native host language. A manifest/input parser in the augmenter is not that language’s compiler or type checker.,7e7ffca5550c576ca2a4269b2a83259c49970c50; ## main...origin/main; repair observations refer separately to https://github.com/hyperpolymath/halideiser/pull/64,
halideiser,halideiser,Augmentation tools,Judgement / evidence graph,?,No sufficient component assessment in this audit. This is not a claim of absence.,7e7ffca5550c576ca2a4269b2a83259c49970c50; ## main...origin/main; repair observations refer separately to https://github.com/hyperpolymath/halideiser/pull/64,
halideiser,halideiser,Augmentation tools,Lexer,H,This column refers to the native host language. A manifest/input parser in the augmenter is not that language’s compiler or type checker.,7e7ffca5550c576ca2a4269b2a83259c49970c50; ## main...origin/main; repair observations refer separately to https://github.com/hyperpolymath/halideiser/pull/64,.github/workflows/secret-scanner.yml
halideiser,halideiser,Augmentation tools,Parser,H,This column refers to the native host language. A manifest/input parser in the augmenter is not that language’s compiler or type checker.,7e7ffca5550c576ca2a4269b2a83259c49970c50; ## main...origin/main; repair observations refer separately to https://github.com/hyperpolymath/halideiser/pull/64,src/codegen/parser.rs
halideiser,halideiser,Augmentation tools,Elaboration / IR,?,No sufficient component assessment in this audit. This is not a claim of absence.,7e7ffca5550c576ca2a4269b2a83259c49970c50; ## main...origin/main; repair observations refer separately to https://github.com/hyperpolymath/halideiser/pull/64,
halideiser,halideiser,Augmentation tools,REPL,?,No sufficient component assessment in this audit. This is not a claim of absence.,7e7ffca5550c576ca2a4269b2a83259c49970c50; ## main...origin/main; repair observations refer separately to https://github.com/hyperpolymath/halideiser/pull/64,
halideiser,halideiser,Augmentation tools,LSP / debugger,?,No sufficient component assessment in this audit. This is not a claim of absence.,7e7ffca5550c576ca2a4269b2a83259c49970c50; ## main...origin/main; repair observations refer separately to https://github.com/hyperpolymath/halideiser/pull/64,
halideiser,halideiser,Augmentation tools,Interpreter / runner,T,"PR 64 replaces stubs with real CMake/build/run and tests host-C success/failure, arguments, Release, and Ninja Multi-Config separation. These are runner tests, not Halide kernel proofs.",7e7ffca5550c576ca2a4269b2a83259c49970c50; ## main...origin/main; repair observations refer separately to https://github.com/hyperpolymath/halideiser/pull/64,
halideiser,halideiser,Augmentation tools,Meta-interpreter,?,No sufficient component assessment in this audit. This is not a claim of absence.,7e7ffca5550c576ca2a4269b2a83259c49970c50; ## main...origin/main; repair observations refer separately to https://github.com/hyperpolymath/halideiser/pull/64,
halideiser,halideiser,Augmentation tools,Compiler / build,T,"PR 64 replaces stubs with real CMake/build/run and tests host-C success/failure, arguments, Release, and Ninja Multi-Config separation. These are runner tests, not Halide kernel proofs.",7e7ffca5550c576ca2a4269b2a83259c49970c50; ## main...origin/main; repair observations refer separately to https://github.com/hyperpolymath/halideiser/pull/64,src/interface/ffi/build.zig
halideiser,halideiser,Augmentation tools,Meta-compiler,F,A related filename was enumerated. Its existence establishes neither implementation nor correctness.,7e7ffca5550c576ca2a4269b2a83259c49970c50; ## main...origin/main; repair observations refer separately to https://github.com/hyperpolymath/halideiser/pull/64,features/ssg/ssg-bootstrap.sh
halideiser,halideiser,Augmentation tools,Code generators,I,src/codegen/mod.rs orchestration inspected. It writes/delegates generated artifacts; per-target semantic validity and full generator coverage were not established.,7e7ffca5550c576ca2a4269b2a83259c49970c50; ## main...origin/main; repair observations refer separately to https://github.com/hyperpolymath/halideiser/pull/64,src/codegen/mod.rs
halideiser,halideiser,Augmentation tools,Coprocessor / GPU,?,No sufficient component assessment in this audit. This is not a claim of absence.,7e7ffca5550c576ca2a4269b2a83259c49970c50; ## main...origin/main; repair observations refer separately to https://github.com/hyperpolymath/halideiser/pull/64,
halideiser,halideiser,Augmentation tools,FFI / ABI / verifier,I,Actual Julia structural ABI/FFI gate ran: export-name correspondence is distinct from semantic ABI safety.,7e7ffca5550c576ca2a4269b2a83259c49970c50; ## main...origin/main; repair observations refer separately to https://github.com/hyperpolymath/halideiser/pull/64,.machine_readable/scripts/verification/0.3-AI-MANIFEST.a2ml; .machine_readable/scripts/verification/README.adoc; src/abi/mod.rs
halideiser,halideiser,Augmentation tools,Standard library,H,This column refers to the native host language. A manifest/input parser in the augmenter is not that language’s compiler or type checker.,7e7ffca5550c576ca2a4269b2a83259c49970c50; ## main...origin/main; repair observations refer separately to https://github.com/hyperpolymath/halideiser/pull/64,
halideiser,halideiser,Augmentation tools,Aggregate library,?,No sufficient component assessment in this audit. This is not a claim of absence.,7e7ffca5550c576ca2a4269b2a83259c49970c50; ## main...origin/main; repair observations refer separately to https://github.com/hyperpolymath/halideiser/pull/64,
halideiser,halideiser,Augmentation tools,Other libraries / packages,F,A related filename was enumerated. Its existence establishes neither implementation nor correctness.,7e7ffca5550c576ca2a4269b2a83259c49970c50; ## main...origin/main; repair observations refer separately to https://github.com/hyperpolymath/halideiser/pull/64,.machine_readable/6a2/ECOSYSTEM.a2ml
halideiser,halideiser,Augmentation tools,Unit / conformance tests,T,"PR 64 replaces stubs with real CMake/build/run and tests host-C success/failure, arguments, Release, and Ninja Multi-Config separation. These are runner tests, not Halide kernel proofs.",7e7ffca5550c576ca2a4269b2a83259c49970c50; ## main...origin/main; repair observations refer separately to https://github.com/hyperpolymath/halideiser/pull/64,src/interface/ffi/test/0.4-AI-MANIFEST.a2ml; src/interface/ffi/test/README.adoc; src/interface/ffi/test/integration_test.zig
halideiser,halideiser,Augmentation tools,Property tests / fuzzing,F,A related filename was enumerated. Its existence establishes neither implementation nor correctness.,7e7ffca5550c576ca2a4269b2a83259c49970c50; ## main...origin/main; repair observations refer separately to https://github.com/hyperpolymath/halideiser/pull/64,tests/fuzz/placeholder.txt; verification/fuzzing/0.2-AI-MANIFEST.a2ml; verification/fuzzing/README.adoc
halideiser,halideiser,Augmentation tools,Formal model / proofs,F,A related filename was enumerated. Its existence establishes neither implementation nor correctness.,7e7ffca5550c576ca2a4269b2a83259c49970c50; ## main...origin/main; repair observations refer separately to https://github.com/hyperpolymath/halideiser/pull/64,verification/proofs/0.2-AI-MANIFEST.a2ml; verification/proofs/README.adoc
halideiser,halideiser,Augmentation tools,Proof / runtime correspondence,?,No sufficient component assessment in this audit. This is not a claim of absence.,7e7ffca5550c576ca2a4269b2a83259c49970c50; ## main...origin/main; repair observations refer separately to https://github.com/hyperpolymath/halideiser/pull/64,
halideiser,halideiser,Augmentation tools,CI / security gates,I,CI/security configuration and actual PR checks were inspected and repaired in PR 64. Build/test/security results are separate from main branch policy and merge approval; follow the live PR for final status.,7e7ffca5550c576ca2a4269b2a83259c49970c50; ## main...origin/main; repair observations refer separately to https://github.com/hyperpolymath/halideiser/pull/64,.github/workflows/abi-ffi-gate.yml; .github/workflows/boj-build.yml; .github/workflows/casket-pages.yml
halideiser,halideiser,Augmentation tools,Benchmarks / measurement,F,A related filename was enumerated. Its existence establishes neither implementation nor correctness.,7e7ffca5550c576ca2a4269b2a83259c49970c50; ## main...origin/main; repair observations refer separately to https://github.com/hyperpolymath/halideiser/pull/64,verification/benchmarks/0.2-AI-MANIFEST.a2ml; verification/benchmarks/README.adoc
halideiser,halideiser,Augmentation tools,Release / packaging,F,A related filename was enumerated. Its existence establishes neither implementation nor correctness.,7e7ffca5550c576ca2a4269b2a83259c49970c50; ## main...origin/main; repair observations refer separately to https://github.com/hyperpolymath/halideiser/pull/64,.github/workflows/release.yml
idrisiser,idrisiser,Augmentation tools,Syntax,H,This column refers to the native host language. A manifest/input parser in the augmenter is not that language’s compiler or type checker.,bf6e220ec96648279365eb7d1e3fb67271cc93ce; ## main...origin/main,
idrisiser,idrisiser,Augmentation tools,Semantics,H,This column refers to the native host language. A manifest/input parser in the augmenter is not that language’s compiler or type checker.,bf6e220ec96648279365eb7d1e3fb67271cc93ce; ## main...origin/main,src/interface/abi/Idrisiser/ABI/Semantics.idr
idrisiser,idrisiser,Augmentation tools,Type checker,H,This column refers to the native host language. A manifest/input parser in the augmenter is not that language’s compiler or type checker.,bf6e220ec96648279365eb7d1e3fb67271cc93ce; ## main...origin/main,
idrisiser,idrisiser,Augmentation tools,Ownership / effects,F,A related filename was enumerated. Its existence establishes neither implementation nor correctness.,bf6e220ec96648279365eb7d1e3fb67271cc93ce; ## main...origin/main,docs/governance/audit/effects/0.3-AI-MANIFEST.a2ml; docs/governance/audit/effects/README.adoc; examples/SafeDOMExample.affine
idrisiser,idrisiser,Augmentation tools,AST,H,This column refers to the native host language. A manifest/input parser in the augmenter is not that language’s compiler or type checker.,bf6e220ec96648279365eb7d1e3fb67271cc93ce; ## main...origin/main,
idrisiser,idrisiser,Augmentation tools,Judgement / evidence graph,?,No sufficient component assessment in this audit. This is not a claim of absence.,bf6e220ec96648279365eb7d1e3fb67271cc93ce; ## main...origin/main,
idrisiser,idrisiser,Augmentation tools,Lexer,H,This column refers to the native host language. A manifest/input parser in the augmenter is not that language’s compiler or type checker.,bf6e220ec96648279365eb7d1e3fb67271cc93ce; ## main...origin/main,.github/workflows/secret-scanner.yml
idrisiser,idrisiser,Augmentation tools,Parser,H,This column refers to the native host language. A manifest/input parser in the augmenter is not that language’s compiler or type checker.,bf6e220ec96648279365eb7d1e3fb67271cc93ce; ## main...origin/main,src/codegen/parser.rs
idrisiser,idrisiser,Augmentation tools,Elaboration / IR,?,No sufficient component assessment in this audit. This is not a claim of absence.,bf6e220ec96648279365eb7d1e3fb67271cc93ce; ## main...origin/main,
idrisiser,idrisiser,Augmentation tools,REPL,?,No sufficient component assessment in this audit. This is not a claim of absence.,bf6e220ec96648279365eb7d1e3fb67271cc93ce; ## main...origin/main,
idrisiser,idrisiser,Augmentation tools,LSP / debugger,?,No sufficient component assessment in this audit. This is not a claim of absence.,bf6e220ec96648279365eb7d1e3fb67271cc93ce; ## main...origin/main,
idrisiser,idrisiser,Augmentation tools,Interpreter / runner,I,Generated binary launch and nonzero-status handling inspected; no fresh Idris wrapper execution.,bf6e220ec96648279365eb7d1e3fb67271cc93ce; ## main...origin/main,src/codegen/mod.rs
idrisiser,idrisiser,Augmentation tools,Meta-interpreter,?,No sufficient component assessment in this audit. This is not a claim of absence.,bf6e220ec96648279365eb7d1e3fb67271cc93ce; ## main...origin/main,
idrisiser,idrisiser,Augmentation tools,Compiler / build,!,"Build passes generated/idrisiser/build.sh while setting cwd to generated/idrisiser: duplicated relative path, analogous to the repaired Chapeliser bug. Compiler probe only checks spawn errors.",bf6e220ec96648279365eb7d1e3fb67271cc93ce; ## main...origin/main,src/codegen/mod.rs
idrisiser,idrisiser,Augmentation tools,Meta-compiler,F,A related filename was enumerated. Its existence establishes neither implementation nor correctness.,bf6e220ec96648279365eb7d1e3fb67271cc93ce; ## main...origin/main,features/ssg/ssg-bootstrap.sh
idrisiser,idrisiser,Augmentation tools,Code generators,I,src/codegen/mod.rs orchestration inspected. It writes/delegates generated artifacts; per-target semantic validity and full generator coverage were not established.,bf6e220ec96648279365eb7d1e3fb67271cc93ce; ## main...origin/main,src/codegen/mod.rs
idrisiser,idrisiser,Augmentation tools,Coprocessor / GPU,?,No sufficient component assessment in this audit. This is not a claim of absence.,bf6e220ec96648279365eb7d1e3fb67271cc93ce; ## main...origin/main,
idrisiser,idrisiser,Augmentation tools,FFI / ABI / verifier,F,A related filename was enumerated. Its existence establishes neither implementation nor correctness.,bf6e220ec96648279365eb7d1e3fb67271cc93ce; ## main...origin/main,.machine_readable/scripts/verification/0.3-AI-MANIFEST.a2ml; .machine_readable/scripts/verification/README.adoc; src/abi/mod.rs
idrisiser,idrisiser,Augmentation tools,Standard library,H,This column refers to the native host language. A manifest/input parser in the augmenter is not that language’s compiler or type checker.,bf6e220ec96648279365eb7d1e3fb67271cc93ce; ## main...origin/main,
idrisiser,idrisiser,Augmentation tools,Aggregate library,?,No sufficient component assessment in this audit. This is not a claim of absence.,bf6e220ec96648279365eb7d1e3fb67271cc93ce; ## main...origin/main,
idrisiser,idrisiser,Augmentation tools,Other libraries / packages,F,A related filename was enumerated. Its existence establishes neither implementation nor correctness.,bf6e220ec96648279365eb7d1e3fb67271cc93ce; ## main...origin/main,.machine_readable/6a2/ECOSYSTEM.a2ml
idrisiser,idrisiser,Augmentation tools,Unit / conformance tests,F,A related filename was enumerated. Its existence establishes neither implementation nor correctness.,bf6e220ec96648279365eb7d1e3fb67271cc93ce; ## main...origin/main,src/interface/ffi/test/0.4-AI-MANIFEST.a2ml; src/interface/ffi/test/README.adoc; src/interface/ffi/test/integration_test.zig
idrisiser,idrisiser,Augmentation tools,Property tests / fuzzing,F,A related filename was enumerated. Its existence establishes neither implementation nor correctness.,bf6e220ec96648279365eb7d1e3fb67271cc93ce; ## main...origin/main,tests/fuzz/placeholder.txt; verification/fuzzing/0.2-AI-MANIFEST.a2ml; verification/fuzzing/README.adoc
idrisiser,idrisiser,Augmentation tools,Formal model / proofs,F,A related filename was enumerated. Its existence establishes neither implementation nor correctness.,bf6e220ec96648279365eb7d1e3fb67271cc93ce; ## main...origin/main,verification/proofs/0.2-AI-MANIFEST.a2ml; verification/proofs/README.adoc
idrisiser,idrisiser,Augmentation tools,Proof / runtime correspondence,?,No sufficient component assessment in this audit. This is not a claim of absence.,bf6e220ec96648279365eb7d1e3fb67271cc93ce; ## main...origin/main,
idrisiser,idrisiser,Augmentation tools,CI / security gates,F,A related filename was enumerated. Its existence establishes neither implementation nor correctness.,bf6e220ec96648279365eb7d1e3fb67271cc93ce; ## main...origin/main,.github/workflows/abi-ffi-gate.yml; .github/workflows/boj-build.yml; .github/workflows/casket-pages.yml
idrisiser,idrisiser,Augmentation tools,Benchmarks / measurement,F,A related filename was enumerated. Its existence establishes neither implementation nor correctness.,bf6e220ec96648279365eb7d1e3fb67271cc93ce; ## main...origin/main,verification/benchmarks/0.2-AI-MANIFEST.a2ml; verification/benchmarks/README.adoc
idrisiser,idrisiser,Augmentation tools,Release / packaging,F,A related filename was enumerated. Its existence establishes neither implementation nor correctness.,bf6e220ec96648279365eb7d1e3fb67271cc93ce; ## main...origin/main,.github/workflows/release.yml
iseriser,iseriser,Augmentation tools,Syntax,H,This column refers to the native host language. A manifest/input parser in the augmenter is not that language’s compiler or type checker.,c2f114fa1b32be5adbc56acdf2c1d6e00a2a70df; ## main...origin/main,
iseriser,iseriser,Augmentation tools,Semantics,H,This column refers to the native host language. A manifest/input parser in the augmenter is not that language’s compiler or type checker.,c2f114fa1b32be5adbc56acdf2c1d6e00a2a70df; ## main...origin/main,satellites/a2mliser/src/interface/abi/A2mliser/ABI/Semantics.idr; src/interface/abi/Iseriser/ABI/Semantics.idr
iseriser,iseriser,Augmentation tools,Type checker,H,This column refers to the native host language. A manifest/input parser in the augmenter is not that language’s compiler or type checker.,c2f114fa1b32be5adbc56acdf2c1d6e00a2a70df; ## main...origin/main,
iseriser,iseriser,Augmentation tools,Ownership / effects,F,A related filename was enumerated. Its existence establishes neither implementation nor correctness.,c2f114fa1b32be5adbc56acdf2c1d6e00a2a70df; ## main...origin/main,docs/governance/audit/effects/0.3-AI-MANIFEST.a2ml; docs/governance/audit/effects/README.adoc; examples/SafeDOMExample.affine
iseriser,iseriser,Augmentation tools,AST,H,This column refers to the native host language. A manifest/input parser in the augmenter is not that language’s compiler or type checker.,c2f114fa1b32be5adbc56acdf2c1d6e00a2a70df; ## main...origin/main,
iseriser,iseriser,Augmentation tools,Judgement / evidence graph,?,No sufficient component assessment in this audit. This is not a claim of absence.,c2f114fa1b32be5adbc56acdf2c1d6e00a2a70df; ## main...origin/main,
iseriser,iseriser,Augmentation tools,Lexer,H,This column refers to the native host language. A manifest/input parser in the augmenter is not that language’s compiler or type checker.,c2f114fa1b32be5adbc56acdf2c1d6e00a2a70df; ## main...origin/main,.github/workflows/secret-scanner.yml; satellites/a2mliser/.github/workflows/secret-scanner.yml
iseriser,iseriser,Augmentation tools,Parser,H,This column refers to the native host language. A manifest/input parser in the augmenter is not that language’s compiler or type checker.,c2f114fa1b32be5adbc56acdf2c1d6e00a2a70df; ## main...origin/main,src/abi/zig_ffi_parser.rs; src/codegen/parser.rs
iseriser,iseriser,Augmentation tools,Elaboration / IR,?,No sufficient component assessment in this audit. This is not a claim of absence.,c2f114fa1b32be5adbc56acdf2c1d6e00a2a70df; ## main...origin/main,
iseriser,iseriser,Augmentation tools,REPL,?,No sufficient component assessment in this audit. This is not a claim of absence.,c2f114fa1b32be5adbc56acdf2c1d6e00a2a70df; ## main...origin/main,
iseriser,iseriser,Augmentation tools,LSP / debugger,?,No sufficient component assessment in this audit. This is not a claim of absence.,c2f114fa1b32be5adbc56acdf2c1d6e00a2a70df; ## main...origin/main,
iseriser,iseriser,Augmentation tools,Interpreter / runner,?,No sufficient component assessment in this audit. This is not a claim of absence.,c2f114fa1b32be5adbc56acdf2c1d6e00a2a70df; ## main...origin/main,
iseriser,iseriser,Augmentation tools,Meta-interpreter,?,No sufficient component assessment in this audit. This is not a claim of absence.,c2f114fa1b32be5adbc56acdf2c1d6e00a2a70df; ## main...origin/main,
iseriser,iseriser,Augmentation tools,Compiler / build,F,A related filename was enumerated. Its existence establishes neither implementation nor correctness.,c2f114fa1b32be5adbc56acdf2c1d6e00a2a70df; ## main...origin/main,satellites/a2mliser/src/interface/ffi/build.zig; src/interface/ffi/build.zig
iseriser,iseriser,Augmentation tools,Meta-compiler,F,A related filename was enumerated. Its existence establishes neither implementation nor correctness.,c2f114fa1b32be5adbc56acdf2c1d6e00a2a70df; ## main...origin/main,features/ssg/ssg-bootstrap.sh; satellites/a2mliser/features/ssg/ssg-bootstrap.sh
iseriser,iseriser,Augmentation tools,Code generators,F,A related filename was enumerated. Its existence establishes neither implementation nor correctness.,c2f114fa1b32be5adbc56acdf2c1d6e00a2a70df; ## main...origin/main,satellites/a2mliser/src/codegen/mod.rs; src/codegen/cartridge.rs; src/codegen/customizer.rs
iseriser,iseriser,Augmentation tools,Coprocessor / GPU,?,No sufficient component assessment in this audit. This is not a claim of absence.,c2f114fa1b32be5adbc56acdf2c1d6e00a2a70df; ## main...origin/main,
iseriser,iseriser,Augmentation tools,FFI / ABI / verifier,F,A related filename was enumerated. Its existence establishes neither implementation nor correctness.,c2f114fa1b32be5adbc56acdf2c1d6e00a2a70df; ## main...origin/main,.machine_readable/scripts/verification/0.3-AI-MANIFEST.a2ml; .machine_readable/scripts/verification/README.adoc; satellites/a2mliser/.machine_readable/scripts/verification/0.3-AI-MANIFEST.a2ml
iseriser,iseriser,Augmentation tools,Standard library,H,This column refers to the native host language. A manifest/input parser in the augmenter is not that language’s compiler or type checker.,c2f114fa1b32be5adbc56acdf2c1d6e00a2a70df; ## main...origin/main,
iseriser,iseriser,Augmentation tools,Aggregate library,?,No sufficient component assessment in this audit. This is not a claim of absence.,c2f114fa1b32be5adbc56acdf2c1d6e00a2a70df; ## main...origin/main,
iseriser,iseriser,Augmentation tools,Other libraries / packages,F,A related filename was enumerated. Its existence establishes neither implementation nor correctness.,c2f114fa1b32be5adbc56acdf2c1d6e00a2a70df; ## main...origin/main,.machine_readable/6a2/ECOSYSTEM.a2ml; satellites/a2mliser/.machine_readable/6a2/ECOSYSTEM.a2ml
iseriser,iseriser,Augmentation tools,Unit / conformance tests,F,A related filename was enumerated. Its existence establishes neither implementation nor correctness.,c2f114fa1b32be5adbc56acdf2c1d6e00a2a70df; ## main...origin/main,satellites/a2mliser/src/interface/ffi/test/0.4-AI-MANIFEST.a2ml; satellites/a2mliser/src/interface/ffi/test/README.adoc; satellites/a2mliser/src/interface/ffi/test/integration_test.zig
iseriser,iseriser,Augmentation tools,Property tests / fuzzing,F,A related filename was enumerated. Its existence establishes neither implementation nor correctness.,c2f114fa1b32be5adbc56acdf2c1d6e00a2a70df; ## main...origin/main,satellites/a2mliser/tests/fuzz/placeholder.txt; satellites/a2mliser/verification/fuzzing/0.2-AI-MANIFEST.a2ml; satellites/a2mliser/verification/fuzzing/README.adoc
iseriser,iseriser,Augmentation tools,Formal model / proofs,F,A related filename was enumerated. Its existence establishes neither implementation nor correctness.,c2f114fa1b32be5adbc56acdf2c1d6e00a2a70df; ## main...origin/main,satellites/a2mliser/verification/proofs/0.2-AI-MANIFEST.a2ml; satellites/a2mliser/verification/proofs/README.adoc; verification/proofs/0.2-AI-MANIFEST.a2ml
iseriser,iseriser,Augmentation tools,Proof / runtime correspondence,?,No sufficient component assessment in this audit. This is not a claim of absence.,c2f114fa1b32be5adbc56acdf2c1d6e00a2a70df; ## main...origin/main,
iseriser,iseriser,Augmentation tools,CI / security gates,F,A related filename was enumerated. Its existence establishes neither implementation nor correctness.,c2f114fa1b32be5adbc56acdf2c1d6e00a2a70df; ## main...origin/main,.github/workflows/abi-ffi-gate.yml; .github/workflows/boj-build.yml; .github/workflows/casket-pages.yml
iseriser,iseriser,Augmentation tools,Benchmarks / measurement,F,A related filename was enumerated. Its existence establishes neither implementation nor correctness.,c2f114fa1b32be5adbc56acdf2c1d6e00a2a70df; ## main...origin/main,benches/iseriser_bench.rs; satellites/a2mliser/verification/benchmarks/0.2-AI-MANIFEST.a2ml; satellites/a2mliser/verification/benchmarks/README.adoc
iseriser,iseriser,Augmentation tools,Release / packaging,F,A related filename was enumerated. Its existence establishes neither implementation nor correctness.,c2f114fa1b32be5adbc56acdf2c1d6e00a2a70df; ## main...origin/main,.github/workflows/release.yml; guix.scm; satellites/a2mliser/.github/workflows/release.yml
julianiser,julianiser,Augmentation tools,Syntax,H,This column refers to the native host language. A manifest/input parser in the augmenter is not that language’s compiler or type checker.,e332bd959a9ea413b807b89c8d6e6b1044c1ab67; ## main...origin/main [ahead 26],
julianiser,julianiser,Augmentation tools,Semantics,H,This column refers to the native host language. A manifest/input parser in the augmenter is not that language’s compiler or type checker.,e332bd959a9ea413b807b89c8d6e6b1044c1ab67; ## main...origin/main [ahead 26],src/interface/abi/Julianiser/ABI/Semantics.idr
julianiser,julianiser,Augmentation tools,Type checker,H,This column refers to the native host language. A manifest/input parser in the augmenter is not that language’s compiler or type checker.,e332bd959a9ea413b807b89c8d6e6b1044c1ab67; ## main...origin/main [ahead 26],
julianiser,julianiser,Augmentation tools,Ownership / effects,F,A related filename was enumerated. Its existence establishes neither implementation nor correctness.,e332bd959a9ea413b807b89c8d6e6b1044c1ab67; ## main...origin/main [ahead 26],docs/governance/audit/effects/0.3-AI-MANIFEST.a2ml; docs/governance/audit/effects/README.adoc; examples/SafeDOMExample.affine
julianiser,julianiser,Augmentation tools,AST,H,This column refers to the native host language. A manifest/input parser in the augmenter is not that language’s compiler or type checker.,e332bd959a9ea413b807b89c8d6e6b1044c1ab67; ## main...origin/main [ahead 26],
julianiser,julianiser,Augmentation tools,Judgement / evidence graph,?,No sufficient component assessment in this audit. This is not a claim of absence.,e332bd959a9ea413b807b89c8d6e6b1044c1ab67; ## main...origin/main [ahead 26],
julianiser,julianiser,Augmentation tools,Lexer,H,This column refers to the native host language. A manifest/input parser in the augmenter is not that language’s compiler or type checker.,e332bd959a9ea413b807b89c8d6e6b1044c1ab67; ## main...origin/main [ahead 26],.github/workflows/secret-scanner.yml
julianiser,julianiser,Augmentation tools,Parser,H,This column refers to the native host language. A manifest/input parser in the augmenter is not that language’s compiler or type checker.,e332bd959a9ea413b807b89c8d6e6b1044c1ab67; ## main...origin/main [ahead 26],src/codegen/parser.rs
julianiser,julianiser,Augmentation tools,Elaboration / IR,?,No sufficient component assessment in this audit. This is not a claim of absence.,e332bd959a9ea413b807b89c8d6e6b1044c1ab67; ## main...origin/main [ahead 26],
julianiser,julianiser,Augmentation tools,REPL,?,No sufficient component assessment in this audit. This is not a claim of absence.,e332bd959a9ea413b807b89c8d6e6b1044c1ab67; ## main...origin/main [ahead 26],
julianiser,julianiser,Augmentation tools,LSP / debugger,?,No sufficient component assessment in this audit. This is not a claim of absence.,e332bd959a9ea413b807b89c8d6e6b1044c1ab67; ## main...origin/main [ahead 26],
julianiser,julianiser,Augmentation tools,Interpreter / runner,!,Reviewed run() prints instructions/configuration and returns success; it does not execute the target workload.,e332bd959a9ea413b807b89c8d6e6b1044c1ab67; ## main...origin/main [ahead 26],src/codegen/mod.rs
julianiser,julianiser,Augmentation tools,Meta-interpreter,?,No sufficient component assessment in this audit. This is not a claim of absence.,e332bd959a9ea413b807b89c8d6e6b1044c1ab67; ## main...origin/main [ahead 26],
julianiser,julianiser,Augmentation tools,Compiler / build,!,"Reviewed build() prints a plan/status or validates input, then returns success; it does not invoke the target compiler.",e332bd959a9ea413b807b89c8d6e6b1044c1ab67; ## main...origin/main [ahead 26],src/codegen/mod.rs
julianiser,julianiser,Augmentation tools,Meta-compiler,F,A related filename was enumerated. Its existence establishes neither implementation nor correctness.,e332bd959a9ea413b807b89c8d6e6b1044c1ab67; ## main...origin/main [ahead 26],features/ssg/ssg-bootstrap.sh
julianiser,julianiser,Augmentation tools,Code generators,I,src/codegen/mod.rs orchestration inspected. It writes/delegates generated artifacts; per-target semantic validity and full generator coverage were not established.,e332bd959a9ea413b807b89c8d6e6b1044c1ab67; ## main...origin/main [ahead 26],src/codegen/mod.rs
julianiser,julianiser,Augmentation tools,Coprocessor / GPU,?,No sufficient component assessment in this audit. This is not a claim of absence.,e332bd959a9ea413b807b89c8d6e6b1044c1ab67; ## main...origin/main [ahead 26],
julianiser,julianiser,Augmentation tools,FFI / ABI / verifier,F,A related filename was enumerated. Its existence establishes neither implementation nor correctness.,e332bd959a9ea413b807b89c8d6e6b1044c1ab67; ## main...origin/main [ahead 26],.machine_readable/scripts/verification/0.3-AI-MANIFEST.a2ml; .machine_readable/scripts/verification/README.adoc; src/abi/mod.rs
julianiser,julianiser,Augmentation tools,Standard library,H,This column refers to the native host language. A manifest/input parser in the augmenter is not that language’s compiler or type checker.,e332bd959a9ea413b807b89c8d6e6b1044c1ab67; ## main...origin/main [ahead 26],
julianiser,julianiser,Augmentation tools,Aggregate library,?,No sufficient component assessment in this audit. This is not a claim of absence.,e332bd959a9ea413b807b89c8d6e6b1044c1ab67; ## main...origin/main [ahead 26],
julianiser,julianiser,Augmentation tools,Other libraries / packages,F,A related filename was enumerated. Its existence establishes neither implementation nor correctness.,e332bd959a9ea413b807b89c8d6e6b1044c1ab67; ## main...origin/main [ahead 26],.machine_readable/6a2/ECOSYSTEM.a2ml
julianiser,julianiser,Augmentation tools,Unit / conformance tests,F,A related filename was enumerated. Its existence establishes neither implementation nor correctness.,e332bd959a9ea413b807b89c8d6e6b1044c1ab67; ## main...origin/main [ahead 26],src/interface/ffi/test/0.4-AI-MANIFEST.a2ml; src/interface/ffi/test/README.adoc; src/interface/ffi/test/integration_test.zig
julianiser,julianiser,Augmentation tools,Property tests / fuzzing,F,A related filename was enumerated. Its existence establishes neither implementation nor correctness.,e332bd959a9ea413b807b89c8d6e6b1044c1ab67; ## main...origin/main [ahead 26],tests/fuzz/placeholder.txt; verification/fuzzing/0.2-AI-MANIFEST.a2ml; verification/fuzzing/README.adoc
julianiser,julianiser,Augmentation tools,Formal model / proofs,F,A related filename was enumerated. Its existence establishes neither implementation nor correctness.,e332bd959a9ea413b807b89c8d6e6b1044c1ab67; ## main...origin/main [ahead 26],verification/proofs/0.2-AI-MANIFEST.a2ml; verification/proofs/README.adoc
julianiser,julianiser,Augmentation tools,Proof / runtime correspondence,?,No sufficient component assessment in this audit. This is not a claim of absence.,e332bd959a9ea413b807b89c8d6e6b1044c1ab67; ## main...origin/main [ahead 26],
julianiser,julianiser,Augmentation tools,CI / security gates,F,A related filename was enumerated. Its existence establishes neither implementation nor correctness.,e332bd959a9ea413b807b89c8d6e6b1044c1ab67; ## main...origin/main [ahead 26],.github/workflows/abi-ffi-gate.yml; .github/workflows/boj-build.yml; .github/workflows/casket-pages.yml
julianiser,julianiser,Augmentation tools,Benchmarks / measurement,F,A related filename was enumerated. Its existence establishes neither implementation nor correctness.,e332bd959a9ea413b807b89c8d6e6b1044c1ab67; ## main...origin/main [ahead 26],src/codegen/benchmark.rs; src/interface/ffi/bench/bench.zig; verification/benchmarks/0.2-AI-MANIFEST.a2ml
julianiser,julianiser,Augmentation tools,Release / packaging,F,A related filename was enumerated. Its existence establishes neither implementation nor correctness.,e332bd959a9ea413b807b89c8d6e6b1044c1ab67; ## main...origin/main [ahead 26],.github/workflows/release.yml
k9iser,k9iser,Augmentation tools,Syntax,H,This column refers to the native host language. A manifest/input parser in the augmenter is not that language’s compiler or type checker.,"b824a0ea4ffb879b14dab6c6c278de8317cc7ba6; ## main...origin/main [ahead 24, behind 5]",
k9iser,k9iser,Augmentation tools,Semantics,H,This column refers to the native host language. A manifest/input parser in the augmenter is not that language’s compiler or type checker.,"b824a0ea4ffb879b14dab6c6c278de8317cc7ba6; ## main...origin/main [ahead 24, behind 5]",src/interface/abi/K9iser/ABI/Semantics.idr
k9iser,k9iser,Augmentation tools,Type checker,H,This column refers to the native host language. A manifest/input parser in the augmenter is not that language’s compiler or type checker.,"b824a0ea4ffb879b14dab6c6c278de8317cc7ba6; ## main...origin/main [ahead 24, behind 5]",
k9iser,k9iser,Augmentation tools,Ownership / effects,F,A related filename was enumerated. Its existence establishes neither implementation nor correctness.,"b824a0ea4ffb879b14dab6c6c278de8317cc7ba6; ## main...origin/main [ahead 24, behind 5]",docs/governance/audit/effects/0.3-AI-MANIFEST.a2ml; docs/governance/audit/effects/README.adoc; examples/SafeDOMExample.affine
k9iser,k9iser,Augmentation tools,AST,H,This column refers to the native host language. A manifest/input parser in the augmenter is not that language’s compiler or type checker.,"b824a0ea4ffb879b14dab6c6c278de8317cc7ba6; ## main...origin/main [ahead 24, behind 5]",
k9iser,k9iser,Augmentation tools,Judgement / evidence graph,?,No sufficient component assessment in this audit. This is not a claim of absence.,"b824a0ea4ffb879b14dab6c6c278de8317cc7ba6; ## main...origin/main [ahead 24, behind 5]",
k9iser,k9iser,Augmentation tools,Lexer,H,This column refers to the native host language. A manifest/input parser in the augmenter is not that language’s compiler or type checker.,"b824a0ea4ffb879b14dab6c6c278de8317cc7ba6; ## main...origin/main [ahead 24, behind 5]",.github/workflows/secret-scanner.yml
k9iser,k9iser,Augmentation tools,Parser,H,This column refers to the native host language. A manifest/input parser in the augmenter is not that language’s compiler or type checker.,"b824a0ea4ffb879b14dab6c6c278de8317cc7ba6; ## main...origin/main [ahead 24, behind 5]",src/codegen/parser.rs
k9iser,k9iser,Augmentation tools,Elaboration / IR,?,No sufficient component assessment in this audit. This is not a claim of absence.,"b824a0ea4ffb879b14dab6c6c278de8317cc7ba6; ## main...origin/main [ahead 24, behind 5]",
k9iser,k9iser,Augmentation tools,REPL,?,No sufficient component assessment in this audit. This is not a claim of absence.,"b824a0ea4ffb879b14dab6c6c278de8317cc7ba6; ## main...origin/main [ahead 24, behind 5]",
k9iser,k9iser,Augmentation tools,LSP / debugger,?,No sufficient component assessment in this audit. This is not a claim of absence.,"b824a0ea4ffb879b14dab6c6c278de8317cc7ba6; ## main...origin/main [ahead 24, behind 5]",
k9iser,k9iser,Augmentation tools,Interpreter / runner,!,run() prints deployment instructions; no workload execution.,"b824a0ea4ffb879b14dab6c6c278de8317cc7ba6; ## main...origin/main [ahead 24, behind 5]",src/codegen/mod.rs
k9iser,k9iser,Augmentation tools,Meta-interpreter,?,No sufficient component assessment in this audit. This is not a claim of absence.,"b824a0ea4ffb879b14dab6c6c278de8317cc7ba6; ## main...origin/main [ahead 24, behind 5]",
k9iser,k9iser,Augmentation tools,Compiler / build,!,build() validates contracts but skips missing config files even in strict mode; all_passed can remain true. It is not a target compiler.,"b824a0ea4ffb879b14dab6c6c278de8317cc7ba6; ## main...origin/main [ahead 24, behind 5]",src/codegen/mod.rs
k9iser,k9iser,Augmentation tools,Meta-compiler,F,A related filename was enumerated. Its existence establishes neither implementation nor correctness.,"b824a0ea4ffb879b14dab6c6c278de8317cc7ba6; ## main...origin/main [ahead 24, behind 5]",features/ssg/ssg-bootstrap.sh
k9iser,k9iser,Augmentation tools,Code generators,I,src/codegen/mod.rs orchestration inspected. It writes/delegates generated artifacts; per-target semantic validity and full generator coverage were not established.,"b824a0ea4ffb879b14dab6c6c278de8317cc7ba6; ## main...origin/main [ahead 24, behind 5]",src/codegen/mod.rs
k9iser,k9iser,Augmentation tools,Coprocessor / GPU,?,No sufficient component assessment in this audit. This is not a claim of absence.,"b824a0ea4ffb879b14dab6c6c278de8317cc7ba6; ## main...origin/main [ahead 24, behind 5]",
k9iser,k9iser,Augmentation tools,FFI / ABI / verifier,F,A related filename was enumerated. Its existence establishes neither implementation nor correctness.,"b824a0ea4ffb879b14dab6c6c278de8317cc7ba6; ## main...origin/main [ahead 24, behind 5]",.machine_readable/scripts/verification/0.3-AI-MANIFEST.a2ml; .machine_readable/scripts/verification/README.adoc; src/abi/mod.rs
k9iser,k9iser,Augmentation tools,Standard library,H,This column refers to the native host language. A manifest/input parser in the augmenter is not that language’s compiler or type checker.,"b824a0ea4ffb879b14dab6c6c278de8317cc7ba6; ## main...origin/main [ahead 24, behind 5]",
k9iser,k9iser,Augmentation tools,Aggregate library,?,No sufficient component assessment in this audit. This is not a claim of absence.,"b824a0ea4ffb879b14dab6c6c278de8317cc7ba6; ## main...origin/main [ahead 24, behind 5]",
k9iser,k9iser,Augmentation tools,Other libraries / packages,F,A related filename was enumerated. Its existence establishes neither implementation nor correctness.,"b824a0ea4ffb879b14dab6c6c278de8317cc7ba6; ## main...origin/main [ahead 24, behind 5]",.machine_readable/6a2/ECOSYSTEM.a2ml
k9iser,k9iser,Augmentation tools,Unit / conformance tests,F,A related filename was enumerated. Its existence establishes neither implementation nor correctness.,"b824a0ea4ffb879b14dab6c6c278de8317cc7ba6; ## main...origin/main [ahead 24, behind 5]",src/interface/ffi/.zig-cache/o/a321aa3c8732663417bf1076929f850a/test.o; src/interface/ffi/test/0.4-AI-MANIFEST.a2ml; src/interface/ffi/test/README.adoc
k9iser,k9iser,Augmentation tools,Property tests / fuzzing,F,A related filename was enumerated. Its existence establishes neither implementation nor correctness.,"b824a0ea4ffb879b14dab6c6c278de8317cc7ba6; ## main...origin/main [ahead 24, behind 5]",tests/fuzz/placeholder.txt; verification/fuzzing/0.2-AI-MANIFEST.a2ml; verification/fuzzing/README.adoc
k9iser,k9iser,Augmentation tools,Formal model / proofs,F,A related filename was enumerated. Its existence establishes neither implementation nor correctness.,"b824a0ea4ffb879b14dab6c6c278de8317cc7ba6; ## main...origin/main [ahead 24, behind 5]",verification/proofs/0.2-AI-MANIFEST.a2ml; verification/proofs/README.adoc
k9iser,k9iser,Augmentation tools,Proof / runtime correspondence,?,No sufficient component assessment in this audit. This is not a claim of absence.,"b824a0ea4ffb879b14dab6c6c278de8317cc7ba6; ## main...origin/main [ahead 24, behind 5]",
k9iser,k9iser,Augmentation tools,CI / security gates,F,A related filename was enumerated. Its existence establishes neither implementation nor correctness.,"b824a0ea4ffb879b14dab6c6c278de8317cc7ba6; ## main...origin/main [ahead 24, behind 5]",.github/workflows/abi-ffi-gate.yml; .github/workflows/boj-build.yml; .github/workflows/casket-pages.yml
k9iser,k9iser,Augmentation tools,Benchmarks / measurement,F,A related filename was enumerated. Its existence establishes neither implementation nor correctness.,"b824a0ea4ffb879b14dab6c6c278de8317cc7ba6; ## main...origin/main [ahead 24, behind 5]",verification/benchmarks/0.2-AI-MANIFEST.a2ml; verification/benchmarks/README.adoc
k9iser,k9iser,Augmentation tools,Release / packaging,F,A related filename was enumerated. Its existence establishes neither implementation nor correctness.,"b824a0ea4ffb879b14dab6c6c278de8317cc7ba6; ## main...origin/main [ahead 24, behind 5]",.github/workflows/release.yml
lustreiser,lustreiser,Augmentation tools,Syntax,H,This column refers to the native host language. A manifest/input parser in the augmenter is not that language’s compiler or type checker.,165ba505ae17357b2f88407e22a0b64b8ffb645f; ## main...origin/main [ahead 27],
lustreiser,lustreiser,Augmentation tools,Semantics,H,This column refers to the native host language. A manifest/input parser in the augmenter is not that language’s compiler or type checker.,165ba505ae17357b2f88407e22a0b64b8ffb645f; ## main...origin/main [ahead 27],src/interface/abi/Lustreiser/ABI/Semantics.idr
lustreiser,lustreiser,Augmentation tools,Type checker,H,This column refers to the native host language. A manifest/input parser in the augmenter is not that language’s compiler or type checker.,165ba505ae17357b2f88407e22a0b64b8ffb645f; ## main...origin/main [ahead 27],
lustreiser,lustreiser,Augmentation tools,Ownership / effects,F,A related filename was enumerated. Its existence establishes neither implementation nor correctness.,165ba505ae17357b2f88407e22a0b64b8ffb645f; ## main...origin/main [ahead 27],docs/governance/audit/effects/0.3-AI-MANIFEST.a2ml; docs/governance/audit/effects/README.adoc; examples/SafeDOMExample.affine
lustreiser,lustreiser,Augmentation tools,AST,H,This column refers to the native host language. A manifest/input parser in the augmenter is not that language’s compiler or type checker.,165ba505ae17357b2f88407e22a0b64b8ffb645f; ## main...origin/main [ahead 27],
lustreiser,lustreiser,Augmentation tools,Judgement / evidence graph,?,No sufficient component assessment in this audit. This is not a claim of absence.,165ba505ae17357b2f88407e22a0b64b8ffb645f; ## main...origin/main [ahead 27],
lustreiser,lustreiser,Augmentation tools,Lexer,H,This column refers to the native host language. A manifest/input parser in the augmenter is not that language’s compiler or type checker.,165ba505ae17357b2f88407e22a0b64b8ffb645f; ## main...origin/main [ahead 27],.github/workflows/secret-scanner.yml
lustreiser,lustreiser,Augmentation tools,Parser,H,This column refers to the native host language. A manifest/input parser in the augmenter is not that language’s compiler or type checker.,165ba505ae17357b2f88407e22a0b64b8ffb645f; ## main...origin/main [ahead 27],src/codegen/parser.rs
lustreiser,lustreiser,Augmentation tools,Elaboration / IR,?,No sufficient component assessment in this audit. This is not a claim of absence.,165ba505ae17357b2f88407e22a0b64b8ffb645f; ## main...origin/main [ahead 27],
lustreiser,lustreiser,Augmentation tools,REPL,?,No sufficient component assessment in this audit. This is not a claim of absence.,165ba505ae17357b2f88407e22a0b64b8ffb645f; ## main...origin/main [ahead 27],
lustreiser,lustreiser,Augmentation tools,LSP / debugger,?,No sufficient component assessment in this audit. This is not a claim of absence.,165ba505ae17357b2f88407e22a0b64b8ffb645f; ## main...origin/main [ahead 27],
lustreiser,lustreiser,Augmentation tools,Interpreter / runner,!,Reviewed run() prints instructions/configuration and returns success; it does not execute the target workload.,165ba505ae17357b2f88407e22a0b64b8ffb645f; ## main...origin/main [ahead 27],src/codegen/mod.rs
lustreiser,lustreiser,Augmentation tools,Meta-interpreter,?,No sufficient component assessment in this audit. This is not a claim of absence.,165ba505ae17357b2f88407e22a0b64b8ffb645f; ## main...origin/main [ahead 27],
lustreiser,lustreiser,Augmentation tools,Compiler / build,!,"Reviewed build() prints a plan/status or validates input, then returns success; it does not invoke the target compiler.",165ba505ae17357b2f88407e22a0b64b8ffb645f; ## main...origin/main [ahead 27],src/codegen/mod.rs
lustreiser,lustreiser,Augmentation tools,Meta-compiler,F,A related filename was enumerated. Its existence establishes neither implementation nor correctness.,165ba505ae17357b2f88407e22a0b64b8ffb645f; ## main...origin/main [ahead 27],features/ssg/ssg-bootstrap.sh
lustreiser,lustreiser,Augmentation tools,Code generators,I,src/codegen/mod.rs orchestration inspected. It writes/delegates generated artifacts; per-target semantic validity and full generator coverage were not established.,165ba505ae17357b2f88407e22a0b64b8ffb645f; ## main...origin/main [ahead 27],src/codegen/mod.rs
lustreiser,lustreiser,Augmentation tools,Coprocessor / GPU,?,No sufficient component assessment in this audit. This is not a claim of absence.,165ba505ae17357b2f88407e22a0b64b8ffb645f; ## main...origin/main [ahead 27],
lustreiser,lustreiser,Augmentation tools,FFI / ABI / verifier,F,A related filename was enumerated. Its existence establishes neither implementation nor correctness.,165ba505ae17357b2f88407e22a0b64b8ffb645f; ## main...origin/main [ahead 27],.machine_readable/scripts/verification/0.3-AI-MANIFEST.a2ml; .machine_readable/scripts/verification/README.adoc; src/abi/mod.rs
lustreiser,lustreiser,Augmentation tools,Standard library,H,This column refers to the native host language. A manifest/input parser in the augmenter is not that language’s compiler or type checker.,165ba505ae17357b2f88407e22a0b64b8ffb645f; ## main...origin/main [ahead 27],
lustreiser,lustreiser,Augmentation tools,Aggregate library,?,No sufficient component assessment in this audit. This is not a claim of absence.,165ba505ae17357b2f88407e22a0b64b8ffb645f; ## main...origin/main [ahead 27],
lustreiser,lustreiser,Augmentation tools,Other libraries / packages,F,A related filename was enumerated. Its existence establishes neither implementation nor correctness.,165ba505ae17357b2f88407e22a0b64b8ffb645f; ## main...origin/main [ahead 27],.machine_readable/6a2/ECOSYSTEM.a2ml
lustreiser,lustreiser,Augmentation tools,Unit / conformance tests,F,A related filename was enumerated. Its existence establishes neither implementation nor correctness.,165ba505ae17357b2f88407e22a0b64b8ffb645f; ## main...origin/main [ahead 27],src/interface/ffi/test/0.4-AI-MANIFEST.a2ml; src/interface/ffi/test/README.adoc; src/interface/ffi/test/integration_test.zig
lustreiser,lustreiser,Augmentation tools,Property tests / fuzzing,F,A related filename was enumerated. Its existence establishes neither implementation nor correctness.,165ba505ae17357b2f88407e22a0b64b8ffb645f; ## main...origin/main [ahead 27],tests/fuzz/placeholder.txt; verification/fuzzing/0.2-AI-MANIFEST.a2ml; verification/fuzzing/README.adoc
lustreiser,lustreiser,Augmentation tools,Formal model / proofs,F,A related filename was enumerated. Its existence establishes neither implementation nor correctness.,165ba505ae17357b2f88407e22a0b64b8ffb645f; ## main...origin/main [ahead 27],verification/proofs/0.2-AI-MANIFEST.a2ml; verification/proofs/README.adoc
lustreiser,lustreiser,Augmentation tools,Proof / runtime correspondence,?,No sufficient component assessment in this audit. This is not a claim of absence.,165ba505ae17357b2f88407e22a0b64b8ffb645f; ## main...origin/main [ahead 27],
lustreiser,lustreiser,Augmentation tools,CI / security gates,F,A related filename was enumerated. Its existence establishes neither implementation nor correctness.,165ba505ae17357b2f88407e22a0b64b8ffb645f; ## main...origin/main [ahead 27],.github/workflows/abi-ffi-gate.yml; .github/workflows/boj-build.yml; .github/workflows/casket-pages.yml
lustreiser,lustreiser,Augmentation tools,Benchmarks / measurement,F,A related filename was enumerated. Its existence establishes neither implementation nor correctness.,165ba505ae17357b2f88407e22a0b64b8ffb645f; ## main...origin/main [ahead 27],verification/benchmarks/0.2-AI-MANIFEST.a2ml; verification/benchmarks/README.adoc
lustreiser,lustreiser,Augmentation tools,Release / packaging,F,A related filename was enumerated. Its existence establishes neither implementation nor correctness.,165ba505ae17357b2f88407e22a0b64b8ffb645f; ## main...origin/main [ahead 27],.github/workflows/release.yml
mylangiser,mylangiser,Augmentation tools,Syntax,H,This column refers to the native host language. A manifest/input parser in the augmenter is not that language’s compiler or type checker.,48b69a8d706e1a9a4bb2ca0e2150051755b39306; ## main...origin/main [ahead 16],
mylangiser,mylangiser,Augmentation tools,Semantics,H,This column refers to the native host language. A manifest/input parser in the augmenter is not that language’s compiler or type checker.,48b69a8d706e1a9a4bb2ca0e2150051755b39306; ## main...origin/main [ahead 16],src/interface/abi/Mylangiser/ABI/Semantics.idr
mylangiser,mylangiser,Augmentation tools,Type checker,H,This column refers to the native host language. A manifest/input parser in the augmenter is not that language’s compiler or type checker.,48b69a8d706e1a9a4bb2ca0e2150051755b39306; ## main...origin/main [ahead 16],
mylangiser,mylangiser,Augmentation tools,Ownership / effects,F,A related filename was enumerated. Its existence establishes neither implementation nor correctness.,48b69a8d706e1a9a4bb2ca0e2150051755b39306; ## main...origin/main [ahead 16],docs/governance/audit/effects/0.3-AI-MANIFEST.a2ml; docs/governance/audit/effects/README.adoc
mylangiser,mylangiser,Augmentation tools,AST,H,This column refers to the native host language. A manifest/input parser in the augmenter is not that language’s compiler or type checker.,48b69a8d706e1a9a4bb2ca0e2150051755b39306; ## main...origin/main [ahead 16],
mylangiser,mylangiser,Augmentation tools,Judgement / evidence graph,?,No sufficient component assessment in this audit. This is not a claim of absence.,48b69a8d706e1a9a4bb2ca0e2150051755b39306; ## main...origin/main [ahead 16],
mylangiser,mylangiser,Augmentation tools,Lexer,H,This column refers to the native host language. A manifest/input parser in the augmenter is not that language’s compiler or type checker.,48b69a8d706e1a9a4bb2ca0e2150051755b39306; ## main...origin/main [ahead 16],.github/workflows/secret-scanner.yml
mylangiser,mylangiser,Augmentation tools,Parser,H,This column refers to the native host language. A manifest/input parser in the augmenter is not that language’s compiler or type checker.,48b69a8d706e1a9a4bb2ca0e2150051755b39306; ## main...origin/main [ahead 16],src/codegen/parser.rs
mylangiser,mylangiser,Augmentation tools,Elaboration / IR,?,No sufficient component assessment in this audit. This is not a claim of absence.,48b69a8d706e1a9a4bb2ca0e2150051755b39306; ## main...origin/main [ahead 16],
mylangiser,mylangiser,Augmentation tools,REPL,?,No sufficient component assessment in this audit. This is not a claim of absence.,48b69a8d706e1a9a4bb2ca0e2150051755b39306; ## main...origin/main [ahead 16],
mylangiser,mylangiser,Augmentation tools,LSP / debugger,?,No sufficient component assessment in this audit. This is not a claim of absence.,48b69a8d706e1a9a4bb2ca0e2150051755b39306; ## main...origin/main [ahead 16],
mylangiser,mylangiser,Augmentation tools,Interpreter / runner,!,Reviewed run() prints instructions/configuration and returns success; it does not execute the target workload.,48b69a8d706e1a9a4bb2ca0e2150051755b39306; ## main...origin/main [ahead 16],src/codegen/mod.rs
mylangiser,mylangiser,Augmentation tools,Meta-interpreter,?,No sufficient component assessment in this audit. This is not a claim of absence.,48b69a8d706e1a9a4bb2ca0e2150051755b39306; ## main...origin/main [ahead 16],
mylangiser,mylangiser,Augmentation tools,Compiler / build,!,"Reviewed build() prints a plan/status or validates input, then returns success; it does not invoke the target compiler.",48b69a8d706e1a9a4bb2ca0e2150051755b39306; ## main...origin/main [ahead 16],src/codegen/mod.rs
mylangiser,mylangiser,Augmentation tools,Meta-compiler,F,A related filename was enumerated. Its existence establishes neither implementation nor correctness.,48b69a8d706e1a9a4bb2ca0e2150051755b39306; ## main...origin/main [ahead 16],features/ssg/ssg-bootstrap.sh
mylangiser,mylangiser,Augmentation tools,Code generators,I,src/codegen/mod.rs orchestration inspected. It writes/delegates generated artifacts; per-target semantic validity and full generator coverage were not established.,48b69a8d706e1a9a4bb2ca0e2150051755b39306; ## main...origin/main [ahead 16],src/codegen/mod.rs
mylangiser,mylangiser,Augmentation tools,Coprocessor / GPU,?,No sufficient component assessment in this audit. This is not a claim of absence.,48b69a8d706e1a9a4bb2ca0e2150051755b39306; ## main...origin/main [ahead 16],
mylangiser,mylangiser,Augmentation tools,FFI / ABI / verifier,F,A related filename was enumerated. Its existence establishes neither implementation nor correctness.,48b69a8d706e1a9a4bb2ca0e2150051755b39306; ## main...origin/main [ahead 16],.machine_readable/scripts/verification/0.3-AI-MANIFEST.a2ml; .machine_readable/scripts/verification/README.adoc; src/abi/mod.rs
mylangiser,mylangiser,Augmentation tools,Standard library,H,This column refers to the native host language. A manifest/input parser in the augmenter is not that language’s compiler or type checker.,48b69a8d706e1a9a4bb2ca0e2150051755b39306; ## main...origin/main [ahead 16],
mylangiser,mylangiser,Augmentation tools,Aggregate library,?,No sufficient component assessment in this audit. This is not a claim of absence.,48b69a8d706e1a9a4bb2ca0e2150051755b39306; ## main...origin/main [ahead 16],
mylangiser,mylangiser,Augmentation tools,Other libraries / packages,F,A related filename was enumerated. Its existence establishes neither implementation nor correctness.,48b69a8d706e1a9a4bb2ca0e2150051755b39306; ## main...origin/main [ahead 16],.machine_readable/6a2/ECOSYSTEM.a2ml
mylangiser,mylangiser,Augmentation tools,Unit / conformance tests,F,A related filename was enumerated. Its existence establishes neither implementation nor correctness.,48b69a8d706e1a9a4bb2ca0e2150051755b39306; ## main...origin/main [ahead 16],src/interface/ffi/test/0.4-AI-MANIFEST.a2ml; src/interface/ffi/test/README.adoc; src/interface/ffi/test/integration_test.zig
mylangiser,mylangiser,Augmentation tools,Property tests / fuzzing,F,A related filename was enumerated. Its existence establishes neither implementation nor correctness.,48b69a8d706e1a9a4bb2ca0e2150051755b39306; ## main...origin/main [ahead 16],tests/fuzz/placeholder.txt; verification/fuzzing/0.2-AI-MANIFEST.a2ml; verification/fuzzing/README.adoc
mylangiser,mylangiser,Augmentation tools,Formal model / proofs,F,A related filename was enumerated. Its existence establishes neither implementation nor correctness.,48b69a8d706e1a9a4bb2ca0e2150051755b39306; ## main...origin/main [ahead 16],verification/proofs/0.2-AI-MANIFEST.a2ml; verification/proofs/README.adoc
mylangiser,mylangiser,Augmentation tools,Proof / runtime correspondence,?,No sufficient component assessment in this audit. This is not a claim of absence.,48b69a8d706e1a9a4bb2ca0e2150051755b39306; ## main...origin/main [ahead 16],
mylangiser,mylangiser,Augmentation tools,CI / security gates,F,A related filename was enumerated. Its existence establishes neither implementation nor correctness.,48b69a8d706e1a9a4bb2ca0e2150051755b39306; ## main...origin/main [ahead 16],.github/workflows/abi-ffi-gate.yml; .github/workflows/boj-build.yml; .github/workflows/casket-pages.yml
mylangiser,mylangiser,Augmentation tools,Benchmarks / measurement,F,A related filename was enumerated. Its existence establishes neither implementation nor correctness.,48b69a8d706e1a9a4bb2ca0e2150051755b39306; ## main...origin/main [ahead 16],verification/benchmarks/0.2-AI-MANIFEST.a2ml; verification/benchmarks/README.adoc
mylangiser,mylangiser,Augmentation tools,Release / packaging,F,A related filename was enumerated. Its existence establishes neither implementation nor correctness.,48b69a8d706e1a9a4bb2ca0e2150051755b39306; ## main...origin/main [ahead 16],.github/workflows/release.yml
nimiser,nimiser,Augmentation tools,Syntax,H,This column refers to the native host language. A manifest/input parser in the augmenter is not that language’s compiler or type checker.,3ed636d5bcfaab305517aee045047eef89146269; ## main...origin/main [ahead 28],
nimiser,nimiser,Augmentation tools,Semantics,H,This column refers to the native host language. A manifest/input parser in the augmenter is not that language’s compiler or type checker.,3ed636d5bcfaab305517aee045047eef89146269; ## main...origin/main [ahead 28],src/interface/abi/Nimiser/ABI/Semantics.idr
nimiser,nimiser,Augmentation tools,Type checker,H,This column refers to the native host language. A manifest/input parser in the augmenter is not that language’s compiler or type checker.,3ed636d5bcfaab305517aee045047eef89146269; ## main...origin/main [ahead 28],
nimiser,nimiser,Augmentation tools,Ownership / effects,F,A related filename was enumerated. Its existence establishes neither implementation nor correctness.,3ed636d5bcfaab305517aee045047eef89146269; ## main...origin/main [ahead 28],docs/governance/audit/effects/0.3-AI-MANIFEST.a2ml; docs/governance/audit/effects/README.adoc; examples/SafeDOMExample.affine
nimiser,nimiser,Augmentation tools,AST,H,This column refers to the native host language. A manifest/input parser in the augmenter is not that language’s compiler or type checker.,3ed636d5bcfaab305517aee045047eef89146269; ## main...origin/main [ahead 28],
nimiser,nimiser,Augmentation tools,Judgement / evidence graph,?,No sufficient component assessment in this audit. This is not a claim of absence.,3ed636d5bcfaab305517aee045047eef89146269; ## main...origin/main [ahead 28],
nimiser,nimiser,Augmentation tools,Lexer,H,This column refers to the native host language. A manifest/input parser in the augmenter is not that language’s compiler or type checker.,3ed636d5bcfaab305517aee045047eef89146269; ## main...origin/main [ahead 28],.github/workflows/secret-scanner.yml
nimiser,nimiser,Augmentation tools,Parser,H,This column refers to the native host language. A manifest/input parser in the augmenter is not that language’s compiler or type checker.,3ed636d5bcfaab305517aee045047eef89146269; ## main...origin/main [ahead 28],src/codegen/parser.rs
nimiser,nimiser,Augmentation tools,Elaboration / IR,?,No sufficient component assessment in this audit. This is not a claim of absence.,3ed636d5bcfaab305517aee045047eef89146269; ## main...origin/main [ahead 28],
nimiser,nimiser,Augmentation tools,REPL,?,No sufficient component assessment in this audit. This is not a claim of absence.,3ed636d5bcfaab305517aee045047eef89146269; ## main...origin/main [ahead 28],
nimiser,nimiser,Augmentation tools,LSP / debugger,?,No sufficient component assessment in this audit. This is not a claim of absence.,3ed636d5bcfaab305517aee045047eef89146269; ## main...origin/main [ahead 28],
nimiser,nimiser,Augmentation tools,Interpreter / runner,!,run() attempts to execute lib<name>.so directly; shared-library launch contract requires a real loader/harness test.,3ed636d5bcfaab305517aee045047eef89146269; ## main...origin/main [ahead 28],src/codegen/mod.rs
nimiser,nimiser,Augmentation tools,Meta-interpreter,?,No sufficient component assessment in this audit. This is not a claim of absence.,3ed636d5bcfaab305517aee045047eef89146269; ## main...origin/main [ahead 28],
nimiser,nimiser,Augmentation tools,Compiler / build,I,build() invokes/delegates a compiler and checks errors. Target compiler execution was not tested in this audit.,3ed636d5bcfaab305517aee045047eef89146269; ## main...origin/main [ahead 28],src/codegen/mod.rs
nimiser,nimiser,Augmentation tools,Meta-compiler,F,A related filename was enumerated. Its existence establishes neither implementation nor correctness.,3ed636d5bcfaab305517aee045047eef89146269; ## main...origin/main [ahead 28],features/ssg/ssg-bootstrap.sh
nimiser,nimiser,Augmentation tools,Code generators,I,src/codegen/mod.rs orchestration inspected. It writes/delegates generated artifacts; per-target semantic validity and full generator coverage were not established.,3ed636d5bcfaab305517aee045047eef89146269; ## main...origin/main [ahead 28],src/codegen/mod.rs
nimiser,nimiser,Augmentation tools,Coprocessor / GPU,?,No sufficient component assessment in this audit. This is not a claim of absence.,3ed636d5bcfaab305517aee045047eef89146269; ## main...origin/main [ahead 28],
nimiser,nimiser,Augmentation tools,FFI / ABI / verifier,F,A related filename was enumerated. Its existence establishes neither implementation nor correctness.,3ed636d5bcfaab305517aee045047eef89146269; ## main...origin/main [ahead 28],.machine_readable/scripts/verification/0.3-AI-MANIFEST.a2ml; .machine_readable/scripts/verification/README.adoc; src/abi/mod.rs
nimiser,nimiser,Augmentation tools,Standard library,H,This column refers to the native host language. A manifest/input parser in the augmenter is not that language’s compiler or type checker.,3ed636d5bcfaab305517aee045047eef89146269; ## main...origin/main [ahead 28],
nimiser,nimiser,Augmentation tools,Aggregate library,?,No sufficient component assessment in this audit. This is not a claim of absence.,3ed636d5bcfaab305517aee045047eef89146269; ## main...origin/main [ahead 28],
nimiser,nimiser,Augmentation tools,Other libraries / packages,F,A related filename was enumerated. Its existence establishes neither implementation nor correctness.,3ed636d5bcfaab305517aee045047eef89146269; ## main...origin/main [ahead 28],.machine_readable/6a2/ECOSYSTEM.a2ml
nimiser,nimiser,Augmentation tools,Unit / conformance tests,F,A related filename was enumerated. Its existence establishes neither implementation nor correctness.,3ed636d5bcfaab305517aee045047eef89146269; ## main...origin/main [ahead 28],src/interface/ffi/test/0.4-AI-MANIFEST.a2ml; src/interface/ffi/test/README.adoc; src/interface/ffi/test/integration_test.zig
nimiser,nimiser,Augmentation tools,Property tests / fuzzing,F,A related filename was enumerated. Its existence establishes neither implementation nor correctness.,3ed636d5bcfaab305517aee045047eef89146269; ## main...origin/main [ahead 28],tests/fuzz/placeholder.txt; verification/fuzzing/0.2-AI-MANIFEST.a2ml; verification/fuzzing/README.adoc
nimiser,nimiser,Augmentation tools,Formal model / proofs,F,A related filename was enumerated. Its existence establishes neither implementation nor correctness.,3ed636d5bcfaab305517aee045047eef89146269; ## main...origin/main [ahead 28],verification/proofs/0.2-AI-MANIFEST.a2ml; verification/proofs/README.adoc
nimiser,nimiser,Augmentation tools,Proof / runtime correspondence,?,No sufficient component assessment in this audit. This is not a claim of absence.,3ed636d5bcfaab305517aee045047eef89146269; ## main...origin/main [ahead 28],
nimiser,nimiser,Augmentation tools,CI / security gates,F,A related filename was enumerated. Its existence establishes neither implementation nor correctness.,3ed636d5bcfaab305517aee045047eef89146269; ## main...origin/main [ahead 28],.github/workflows/abi-ffi-gate.yml; .github/workflows/boj-build.yml; .github/workflows/casket-pages.yml
nimiser,nimiser,Augmentation tools,Benchmarks / measurement,F,A related filename was enumerated. Its existence establishes neither implementation nor correctness.,3ed636d5bcfaab305517aee045047eef89146269; ## main...origin/main [ahead 28],verification/benchmarks/0.2-AI-MANIFEST.a2ml; verification/benchmarks/README.adoc
nimiser,nimiser,Augmentation tools,Release / packaging,F,A related filename was enumerated. Its existence establishes neither implementation nor correctness.,3ed636d5bcfaab305517aee045047eef89146269; ## main...origin/main [ahead 28],.github/workflows/release.yml
oblibeniser,oblibeniser,Augmentation tools,Syntax,H,This column refers to the native host language. A manifest/input parser in the augmenter is not that language’s compiler or type checker.,2d0421e1a43c2037b4a3c35127f63ed831c1b08d; ## main...origin/main [ahead 7],
oblibeniser,oblibeniser,Augmentation tools,Semantics,H,This column refers to the native host language. A manifest/input parser in the augmenter is not that language’s compiler or type checker.,2d0421e1a43c2037b4a3c35127f63ed831c1b08d; ## main...origin/main [ahead 7],src/interface/abi/Oblibeniser/ABI/Semantics.idr
oblibeniser,oblibeniser,Augmentation tools,Type checker,H,This column refers to the native host language. A manifest/input parser in the augmenter is not that language’s compiler or type checker.,2d0421e1a43c2037b4a3c35127f63ed831c1b08d; ## main...origin/main [ahead 7],
oblibeniser,oblibeniser,Augmentation tools,Ownership / effects,F,A related filename was enumerated. Its existence establishes neither implementation nor correctness.,2d0421e1a43c2037b4a3c35127f63ed831c1b08d; ## main...origin/main [ahead 7],docs/governance/audit/effects/0.3-AI-MANIFEST.a2ml; docs/governance/audit/effects/README.adoc; examples/SafeDOMExample.affine
oblibeniser,oblibeniser,Augmentation tools,AST,H,This column refers to the native host language. A manifest/input parser in the augmenter is not that language’s compiler or type checker.,2d0421e1a43c2037b4a3c35127f63ed831c1b08d; ## main...origin/main [ahead 7],
oblibeniser,oblibeniser,Augmentation tools,Judgement / evidence graph,?,No sufficient component assessment in this audit. This is not a claim of absence.,2d0421e1a43c2037b4a3c35127f63ed831c1b08d; ## main...origin/main [ahead 7],
oblibeniser,oblibeniser,Augmentation tools,Lexer,H,This column refers to the native host language. A manifest/input parser in the augmenter is not that language’s compiler or type checker.,2d0421e1a43c2037b4a3c35127f63ed831c1b08d; ## main...origin/main [ahead 7],.github/workflows/secret-scanner.yml
oblibeniser,oblibeniser,Augmentation tools,Parser,H,This column refers to the native host language. A manifest/input parser in the augmenter is not that language’s compiler or type checker.,2d0421e1a43c2037b4a3c35127f63ed831c1b08d; ## main...origin/main [ahead 7],src/codegen/parser.rs
oblibeniser,oblibeniser,Augmentation tools,Elaboration / IR,?,No sufficient component assessment in this audit. This is not a claim of absence.,2d0421e1a43c2037b4a3c35127f63ed831c1b08d; ## main...origin/main [ahead 7],
oblibeniser,oblibeniser,Augmentation tools,REPL,?,No sufficient component assessment in this audit. This is not a claim of absence.,2d0421e1a43c2037b4a3c35127f63ed831c1b08d; ## main...origin/main [ahead 7],
oblibeniser,oblibeniser,Augmentation tools,LSP / debugger,?,No sufficient component assessment in this audit. This is not a claim of absence.,2d0421e1a43c2037b4a3c35127f63ed831c1b08d; ## main...origin/main [ahead 7],
oblibeniser,oblibeniser,Augmentation tools,Interpreter / runner,!,Reviewed run() prints instructions/configuration and returns success; it does not execute the target workload.,2d0421e1a43c2037b4a3c35127f63ed831c1b08d; ## main...origin/main [ahead 7],src/codegen/mod.rs
oblibeniser,oblibeniser,Augmentation tools,Meta-interpreter,?,No sufficient component assessment in this audit. This is not a claim of absence.,2d0421e1a43c2037b4a3c35127f63ed831c1b08d; ## main...origin/main [ahead 7],
oblibeniser,oblibeniser,Augmentation tools,Compiler / build,!,"Reviewed build() prints a plan/status or validates input, then returns success; it does not invoke the target compiler.",2d0421e1a43c2037b4a3c35127f63ed831c1b08d; ## main...origin/main [ahead 7],src/codegen/mod.rs
oblibeniser,oblibeniser,Augmentation tools,Meta-compiler,F,A related filename was enumerated. Its existence establishes neither implementation nor correctness.,2d0421e1a43c2037b4a3c35127f63ed831c1b08d; ## main...origin/main [ahead 7],features/ssg/ssg-bootstrap.sh
oblibeniser,oblibeniser,Augmentation tools,Code generators,I,src/codegen/mod.rs orchestration inspected. It writes/delegates generated artifacts; per-target semantic validity and full generator coverage were not established.,2d0421e1a43c2037b4a3c35127f63ed831c1b08d; ## main...origin/main [ahead 7],src/codegen/mod.rs
oblibeniser,oblibeniser,Augmentation tools,Coprocessor / GPU,?,No sufficient component assessment in this audit. This is not a claim of absence.,2d0421e1a43c2037b4a3c35127f63ed831c1b08d; ## main...origin/main [ahead 7],
oblibeniser,oblibeniser,Augmentation tools,FFI / ABI / verifier,F,A related filename was enumerated. Its existence establishes neither implementation nor correctness.,2d0421e1a43c2037b4a3c35127f63ed831c1b08d; ## main...origin/main [ahead 7],.machine_readable/scripts/verification/0.3-AI-MANIFEST.a2ml; .machine_readable/scripts/verification/README.adoc; src/abi/mod.rs
oblibeniser,oblibeniser,Augmentation tools,Standard library,H,This column refers to the native host language. A manifest/input parser in the augmenter is not that language’s compiler or type checker.,2d0421e1a43c2037b4a3c35127f63ed831c1b08d; ## main...origin/main [ahead 7],
oblibeniser,oblibeniser,Augmentation tools,Aggregate library,?,No sufficient component assessment in this audit. This is not a claim of absence.,2d0421e1a43c2037b4a3c35127f63ed831c1b08d; ## main...origin/main [ahead 7],
oblibeniser,oblibeniser,Augmentation tools,Other libraries / packages,F,A related filename was enumerated. Its existence establishes neither implementation nor correctness.,2d0421e1a43c2037b4a3c35127f63ed831c1b08d; ## main...origin/main [ahead 7],.machine_readable/6a2/ECOSYSTEM.a2ml
oblibeniser,oblibeniser,Augmentation tools,Unit / conformance tests,F,A related filename was enumerated. Its existence establishes neither implementation nor correctness.,2d0421e1a43c2037b4a3c35127f63ed831c1b08d; ## main...origin/main [ahead 7],src/interface/ffi/test/0.4-AI-MANIFEST.a2ml; src/interface/ffi/test/README.adoc; src/interface/ffi/test/integration_test.zig
oblibeniser,oblibeniser,Augmentation tools,Property tests / fuzzing,F,A related filename was enumerated. Its existence establishes neither implementation nor correctness.,2d0421e1a43c2037b4a3c35127f63ed831c1b08d; ## main...origin/main [ahead 7],tests/fuzz/placeholder.txt; verification/fuzzing/0.2-AI-MANIFEST.a2ml; verification/fuzzing/README.adoc
oblibeniser,oblibeniser,Augmentation tools,Formal model / proofs,F,A related filename was enumerated. Its existence establishes neither implementation nor correctness.,2d0421e1a43c2037b4a3c35127f63ed831c1b08d; ## main...origin/main [ahead 7],verification/proofs/0.2-AI-MANIFEST.a2ml; verification/proofs/README.adoc
oblibeniser,oblibeniser,Augmentation tools,Proof / runtime correspondence,?,No sufficient component assessment in this audit. This is not a claim of absence.,2d0421e1a43c2037b4a3c35127f63ed831c1b08d; ## main...origin/main [ahead 7],
oblibeniser,oblibeniser,Augmentation tools,CI / security gates,F,A related filename was enumerated. Its existence establishes neither implementation nor correctness.,2d0421e1a43c2037b4a3c35127f63ed831c1b08d; ## main...origin/main [ahead 7],.github/workflows/abi-ffi-gate.yml; .github/workflows/boj-build.yml; .github/workflows/casket-pages.yml
oblibeniser,oblibeniser,Augmentation tools,Benchmarks / measurement,F,A related filename was enumerated. Its existence establishes neither implementation nor correctness.,2d0421e1a43c2037b4a3c35127f63ed831c1b08d; ## main...origin/main [ahead 7],verification/benchmarks/0.2-AI-MANIFEST.a2ml; verification/benchmarks/README.adoc
oblibeniser,oblibeniser,Augmentation tools,Release / packaging,F,A related filename was enumerated. Its existence establishes neither implementation nor correctness.,2d0421e1a43c2037b4a3c35127f63ed831c1b08d; ## main...origin/main [ahead 7],.github/workflows/release.yml
otpiser,otpiser,Augmentation tools,Syntax,H,This column refers to the native host language. A manifest/input parser in the augmenter is not that language’s compiler or type checker.,2138d8db930173c5a34d9d8655d073cfadce1a30; ## main...origin/main [ahead 28],
otpiser,otpiser,Augmentation tools,Semantics,H,This column refers to the native host language. A manifest/input parser in the augmenter is not that language’s compiler or type checker.,2138d8db930173c5a34d9d8655d073cfadce1a30; ## main...origin/main [ahead 28],src/interface/abi/Otpiser/ABI/Semantics.idr
otpiser,otpiser,Augmentation tools,Type checker,H,This column refers to the native host language. A manifest/input parser in the augmenter is not that language’s compiler or type checker.,2138d8db930173c5a34d9d8655d073cfadce1a30; ## main...origin/main [ahead 28],
otpiser,otpiser,Augmentation tools,Ownership / effects,F,A related filename was enumerated. Its existence establishes neither implementation nor correctness.,2138d8db930173c5a34d9d8655d073cfadce1a30; ## main...origin/main [ahead 28],docs/governance/audit/effects/0.3-AI-MANIFEST.a2ml; docs/governance/audit/effects/README.adoc; examples/SafeDOMExample.affine
otpiser,otpiser,Augmentation tools,AST,H,This column refers to the native host language. A manifest/input parser in the augmenter is not that language’s compiler or type checker.,2138d8db930173c5a34d9d8655d073cfadce1a30; ## main...origin/main [ahead 28],
otpiser,otpiser,Augmentation tools,Judgement / evidence graph,?,No sufficient component assessment in this audit. This is not a claim of absence.,2138d8db930173c5a34d9d8655d073cfadce1a30; ## main...origin/main [ahead 28],
otpiser,otpiser,Augmentation tools,Lexer,H,This column refers to the native host language. A manifest/input parser in the augmenter is not that language’s compiler or type checker.,2138d8db930173c5a34d9d8655d073cfadce1a30; ## main...origin/main [ahead 28],.github/workflows/secret-scanner.yml
otpiser,otpiser,Augmentation tools,Parser,H,This column refers to the native host language. A manifest/input parser in the augmenter is not that language’s compiler or type checker.,2138d8db930173c5a34d9d8655d073cfadce1a30; ## main...origin/main [ahead 28],
otpiser,otpiser,Augmentation tools,Elaboration / IR,?,No sufficient component assessment in this audit. This is not a claim of absence.,2138d8db930173c5a34d9d8655d073cfadce1a30; ## main...origin/main [ahead 28],
otpiser,otpiser,Augmentation tools,REPL,?,No sufficient component assessment in this audit. This is not a claim of absence.,2138d8db930173c5a34d9d8655d073cfadce1a30; ## main...origin/main [ahead 28],
otpiser,otpiser,Augmentation tools,LSP / debugger,?,No sufficient component assessment in this audit. This is not a claim of absence.,2138d8db930173c5a34d9d8655d073cfadce1a30; ## main...origin/main [ahead 28],
otpiser,otpiser,Augmentation tools,Interpreter / runner,!,Reviewed run() prints instructions/configuration and returns success; it does not execute the target workload.,2138d8db930173c5a34d9d8655d073cfadce1a30; ## main...origin/main [ahead 28],src/codegen/mod.rs
otpiser,otpiser,Augmentation tools,Meta-interpreter,?,No sufficient component assessment in this audit. This is not a claim of absence.,2138d8db930173c5a34d9d8655d073cfadce1a30; ## main...origin/main [ahead 28],
otpiser,otpiser,Augmentation tools,Compiler / build,!,"Reviewed build() prints a plan/status or validates input, then returns success; it does not invoke the target compiler.",2138d8db930173c5a34d9d8655d073cfadce1a30; ## main...origin/main [ahead 28],src/codegen/mod.rs
otpiser,otpiser,Augmentation tools,Meta-compiler,F,A related filename was enumerated. Its existence establishes neither implementation nor correctness.,2138d8db930173c5a34d9d8655d073cfadce1a30; ## main...origin/main [ahead 28],features/ssg/ssg-bootstrap.sh
otpiser,otpiser,Augmentation tools,Code generators,I,src/codegen/mod.rs orchestration inspected. It writes/delegates generated artifacts; per-target semantic validity and full generator coverage were not established.,2138d8db930173c5a34d9d8655d073cfadce1a30; ## main...origin/main [ahead 28],src/codegen/mod.rs
otpiser,otpiser,Augmentation tools,Coprocessor / GPU,?,No sufficient component assessment in this audit. This is not a claim of absence.,2138d8db930173c5a34d9d8655d073cfadce1a30; ## main...origin/main [ahead 28],
otpiser,otpiser,Augmentation tools,FFI / ABI / verifier,F,A related filename was enumerated. Its existence establishes neither implementation nor correctness.,2138d8db930173c5a34d9d8655d073cfadce1a30; ## main...origin/main [ahead 28],.machine_readable/scripts/verification/0.3-AI-MANIFEST.a2ml; .machine_readable/scripts/verification/README.adoc; src/abi/mod.rs
otpiser,otpiser,Augmentation tools,Standard library,H,This column refers to the native host language. A manifest/input parser in the augmenter is not that language’s compiler or type checker.,2138d8db930173c5a34d9d8655d073cfadce1a30; ## main...origin/main [ahead 28],
otpiser,otpiser,Augmentation tools,Aggregate library,?,No sufficient component assessment in this audit. This is not a claim of absence.,2138d8db930173c5a34d9d8655d073cfadce1a30; ## main...origin/main [ahead 28],
otpiser,otpiser,Augmentation tools,Other libraries / packages,F,A related filename was enumerated. Its existence establishes neither implementation nor correctness.,2138d8db930173c5a34d9d8655d073cfadce1a30; ## main...origin/main [ahead 28],.machine_readable/6a2/ECOSYSTEM.a2ml
otpiser,otpiser,Augmentation tools,Unit / conformance tests,F,A related filename was enumerated. Its existence establishes neither implementation nor correctness.,2138d8db930173c5a34d9d8655d073cfadce1a30; ## main...origin/main [ahead 28],src/interface/ffi/test/0.4-AI-MANIFEST.a2ml; src/interface/ffi/test/README.adoc; src/interface/ffi/test/integration_test.zig
otpiser,otpiser,Augmentation tools,Property tests / fuzzing,F,A related filename was enumerated. Its existence establishes neither implementation nor correctness.,2138d8db930173c5a34d9d8655d073cfadce1a30; ## main...origin/main [ahead 28],tests/fuzz/placeholder.txt; verification/fuzzing/0.2-AI-MANIFEST.a2ml; verification/fuzzing/README.adoc
otpiser,otpiser,Augmentation tools,Formal model / proofs,F,A related filename was enumerated. Its existence establishes neither implementation nor correctness.,2138d8db930173c5a34d9d8655d073cfadce1a30; ## main...origin/main [ahead 28],verification/proofs/0.2-AI-MANIFEST.a2ml; verification/proofs/README.adoc
otpiser,otpiser,Augmentation tools,Proof / runtime correspondence,?,No sufficient component assessment in this audit. This is not a claim of absence.,2138d8db930173c5a34d9d8655d073cfadce1a30; ## main...origin/main [ahead 28],
otpiser,otpiser,Augmentation tools,CI / security gates,F,A related filename was enumerated. Its existence establishes neither implementation nor correctness.,2138d8db930173c5a34d9d8655d073cfadce1a30; ## main...origin/main [ahead 28],.github/workflows/abi-ffi-gate.yml; .github/workflows/boj-build.yml; .github/workflows/casket-pages.yml
otpiser,otpiser,Augmentation tools,Benchmarks / measurement,F,A related filename was enumerated. Its existence establishes neither implementation nor correctness.,2138d8db930173c5a34d9d8655d073cfadce1a30; ## main...origin/main [ahead 28],verification/benchmarks/0.2-AI-MANIFEST.a2ml; verification/benchmarks/README.adoc
otpiser,otpiser,Augmentation tools,Release / packaging,F,A related filename was enumerated. Its existence establishes neither implementation nor correctness.,2138d8db930173c5a34d9d8655d073cfadce1a30; ## main...origin/main [ahead 28],.github/workflows/release.yml
phronesiser,phronesiser,Augmentation tools,Syntax,H,This column refers to the native host language. A manifest/input parser in the augmenter is not that language’s compiler or type checker.,dd99c548fa6b9f23a826f0d247bd22fcf473b67c; ## main...origin/main [ahead 4],
phronesiser,phronesiser,Augmentation tools,Semantics,H,This column refers to the native host language. A manifest/input parser in the augmenter is not that language’s compiler or type checker.,dd99c548fa6b9f23a826f0d247bd22fcf473b67c; ## main...origin/main [ahead 4],src/interface/abi/Phronesiser/ABI/Semantics.idr
phronesiser,phronesiser,Augmentation tools,Type checker,H,This column refers to the native host language. A manifest/input parser in the augmenter is not that language’s compiler or type checker.,dd99c548fa6b9f23a826f0d247bd22fcf473b67c; ## main...origin/main [ahead 4],
phronesiser,phronesiser,Augmentation tools,Ownership / effects,F,A related filename was enumerated. Its existence establishes neither implementation nor correctness.,dd99c548fa6b9f23a826f0d247bd22fcf473b67c; ## main...origin/main [ahead 4],docs/governance/audit/effects/0.3-AI-MANIFEST.a2ml; docs/governance/audit/effects/README.adoc; examples/SafeDOMExample.affine
phronesiser,phronesiser,Augmentation tools,AST,H,This column refers to the native host language. A manifest/input parser in the augmenter is not that language’s compiler or type checker.,dd99c548fa6b9f23a826f0d247bd22fcf473b67c; ## main...origin/main [ahead 4],
phronesiser,phronesiser,Augmentation tools,Judgement / evidence graph,?,No sufficient component assessment in this audit. This is not a claim of absence.,dd99c548fa6b9f23a826f0d247bd22fcf473b67c; ## main...origin/main [ahead 4],
phronesiser,phronesiser,Augmentation tools,Lexer,H,This column refers to the native host language. A manifest/input parser in the augmenter is not that language’s compiler or type checker.,dd99c548fa6b9f23a826f0d247bd22fcf473b67c; ## main...origin/main [ahead 4],.github/workflows/secret-scanner.yml
phronesiser,phronesiser,Augmentation tools,Parser,H,This column refers to the native host language. A manifest/input parser in the augmenter is not that language’s compiler or type checker.,dd99c548fa6b9f23a826f0d247bd22fcf473b67c; ## main...origin/main [ahead 4],src/codegen/parser.rs
phronesiser,phronesiser,Augmentation tools,Elaboration / IR,?,No sufficient component assessment in this audit. This is not a claim of absence.,dd99c548fa6b9f23a826f0d247bd22fcf473b67c; ## main...origin/main [ahead 4],
phronesiser,phronesiser,Augmentation tools,REPL,?,No sufficient component assessment in this audit. This is not a claim of absence.,dd99c548fa6b9f23a826f0d247bd22fcf473b67c; ## main...origin/main [ahead 4],
phronesiser,phronesiser,Augmentation tools,LSP / debugger,?,No sufficient component assessment in this audit. This is not a claim of absence.,dd99c548fa6b9f23a826f0d247bd22fcf473b67c; ## main...origin/main [ahead 4],
phronesiser,phronesiser,Augmentation tools,Interpreter / runner,I,Run evaluates declared agent capabilities and renders an audit trail; interactive REPL remains a future step.,dd99c548fa6b9f23a826f0d247bd22fcf473b67c; ## main...origin/main [ahead 4],src/codegen/mod.rs
phronesiser,phronesiser,Augmentation tools,Meta-interpreter,?,No sufficient component assessment in this audit. This is not a claim of absence.,dd99c548fa6b9f23a826f0d247bd22fcf473b67c; ## main...origin/main [ahead 4],
phronesiser,phronesiser,Augmentation tools,Compiler / build,I,Build constructs a constraint engine as validation; not native compilation.,dd99c548fa6b9f23a826f0d247bd22fcf473b67c; ## main...origin/main [ahead 4],src/codegen/mod.rs
phronesiser,phronesiser,Augmentation tools,Meta-compiler,F,A related filename was enumerated. Its existence establishes neither implementation nor correctness.,dd99c548fa6b9f23a826f0d247bd22fcf473b67c; ## main...origin/main [ahead 4],features/ssg/ssg-bootstrap.sh
phronesiser,phronesiser,Augmentation tools,Code generators,I,src/codegen/mod.rs orchestration inspected. It writes/delegates generated artifacts; per-target semantic validity and full generator coverage were not established.,dd99c548fa6b9f23a826f0d247bd22fcf473b67c; ## main...origin/main [ahead 4],src/codegen/mod.rs
phronesiser,phronesiser,Augmentation tools,Coprocessor / GPU,?,No sufficient component assessment in this audit. This is not a claim of absence.,dd99c548fa6b9f23a826f0d247bd22fcf473b67c; ## main...origin/main [ahead 4],
phronesiser,phronesiser,Augmentation tools,FFI / ABI / verifier,F,A related filename was enumerated. Its existence establishes neither implementation nor correctness.,dd99c548fa6b9f23a826f0d247bd22fcf473b67c; ## main...origin/main [ahead 4],.machine_readable/scripts/verification/0.3-AI-MANIFEST.a2ml; .machine_readable/scripts/verification/README.adoc; src/abi/mod.rs
phronesiser,phronesiser,Augmentation tools,Standard library,H,This column refers to the native host language. A manifest/input parser in the augmenter is not that language’s compiler or type checker.,dd99c548fa6b9f23a826f0d247bd22fcf473b67c; ## main...origin/main [ahead 4],
phronesiser,phronesiser,Augmentation tools,Aggregate library,?,No sufficient component assessment in this audit. This is not a claim of absence.,dd99c548fa6b9f23a826f0d247bd22fcf473b67c; ## main...origin/main [ahead 4],
phronesiser,phronesiser,Augmentation tools,Other libraries / packages,F,A related filename was enumerated. Its existence establishes neither implementation nor correctness.,dd99c548fa6b9f23a826f0d247bd22fcf473b67c; ## main...origin/main [ahead 4],.machine_readable/6a2/ECOSYSTEM.a2ml
phronesiser,phronesiser,Augmentation tools,Unit / conformance tests,F,A related filename was enumerated. Its existence establishes neither implementation nor correctness.,dd99c548fa6b9f23a826f0d247bd22fcf473b67c; ## main...origin/main [ahead 4],src/interface/ffi/test/0.4-AI-MANIFEST.a2ml; src/interface/ffi/test/README.adoc; src/interface/ffi/test/integration_test.zig
phronesiser,phronesiser,Augmentation tools,Property tests / fuzzing,F,A related filename was enumerated. Its existence establishes neither implementation nor correctness.,dd99c548fa6b9f23a826f0d247bd22fcf473b67c; ## main...origin/main [ahead 4],tests/fuzz/placeholder.txt; verification/fuzzing/0.2-AI-MANIFEST.a2ml; verification/fuzzing/README.adoc
phronesiser,phronesiser,Augmentation tools,Formal model / proofs,F,A related filename was enumerated. Its existence establishes neither implementation nor correctness.,dd99c548fa6b9f23a826f0d247bd22fcf473b67c; ## main...origin/main [ahead 4],verification/proofs/0.2-AI-MANIFEST.a2ml; verification/proofs/README.adoc
phronesiser,phronesiser,Augmentation tools,Proof / runtime correspondence,?,No sufficient component assessment in this audit. This is not a claim of absence.,dd99c548fa6b9f23a826f0d247bd22fcf473b67c; ## main...origin/main [ahead 4],
phronesiser,phronesiser,Augmentation tools,CI / security gates,F,A related filename was enumerated. Its existence establishes neither implementation nor correctness.,dd99c548fa6b9f23a826f0d247bd22fcf473b67c; ## main...origin/main [ahead 4],.github/workflows/abi-ffi-gate.yml; .github/workflows/boj-build.yml; .github/workflows/casket-pages.yml
phronesiser,phronesiser,Augmentation tools,Benchmarks / measurement,F,A related filename was enumerated. Its existence establishes neither implementation nor correctness.,dd99c548fa6b9f23a826f0d247bd22fcf473b67c; ## main...origin/main [ahead 4],verification/benchmarks/0.2-AI-MANIFEST.a2ml; verification/benchmarks/README.adoc
phronesiser,phronesiser,Augmentation tools,Release / packaging,F,A related filename was enumerated. Its existence establishes neither implementation nor correctness.,dd99c548fa6b9f23a826f0d247bd22fcf473b67c; ## main...origin/main [ahead 4],.github/workflows/release.yml
ponyiser,ponyiser,Augmentation tools,Syntax,H,This column refers to the native host language. A manifest/input parser in the augmenter is not that language’s compiler or type checker.,3c4e2be5e7bdf8f78f143fba7b251c010881e775; ## main...origin/main [ahead 27],
ponyiser,ponyiser,Augmentation tools,Semantics,H,This column refers to the native host language. A manifest/input parser in the augmenter is not that language’s compiler or type checker.,3c4e2be5e7bdf8f78f143fba7b251c010881e775; ## main...origin/main [ahead 27],src/interface/abi/Ponyiser/ABI/Semantics.idr
ponyiser,ponyiser,Augmentation tools,Type checker,H,This column refers to the native host language. A manifest/input parser in the augmenter is not that language’s compiler or type checker.,3c4e2be5e7bdf8f78f143fba7b251c010881e775; ## main...origin/main [ahead 27],
ponyiser,ponyiser,Augmentation tools,Ownership / effects,F,A related filename was enumerated. Its existence establishes neither implementation nor correctness.,3c4e2be5e7bdf8f78f143fba7b251c010881e775; ## main...origin/main [ahead 27],docs/governance/audit/effects/0.3-AI-MANIFEST.a2ml; docs/governance/audit/effects/README.adoc; examples/SafeDOMExample.affine
ponyiser,ponyiser,Augmentation tools,AST,H,This column refers to the native host language. A manifest/input parser in the augmenter is not that language’s compiler or type checker.,3c4e2be5e7bdf8f78f143fba7b251c010881e775; ## main...origin/main [ahead 27],
ponyiser,ponyiser,Augmentation tools,Judgement / evidence graph,?,No sufficient component assessment in this audit. This is not a claim of absence.,3c4e2be5e7bdf8f78f143fba7b251c010881e775; ## main...origin/main [ahead 27],
ponyiser,ponyiser,Augmentation tools,Lexer,H,This column refers to the native host language. A manifest/input parser in the augmenter is not that language’s compiler or type checker.,3c4e2be5e7bdf8f78f143fba7b251c010881e775; ## main...origin/main [ahead 27],.github/workflows/secret-scanner.yml
ponyiser,ponyiser,Augmentation tools,Parser,H,This column refers to the native host language. A manifest/input parser in the augmenter is not that language’s compiler or type checker.,3c4e2be5e7bdf8f78f143fba7b251c010881e775; ## main...origin/main [ahead 27],src/codegen/parser.rs
ponyiser,ponyiser,Augmentation tools,Elaboration / IR,?,No sufficient component assessment in this audit. This is not a claim of absence.,3c4e2be5e7bdf8f78f143fba7b251c010881e775; ## main...origin/main [ahead 27],
ponyiser,ponyiser,Augmentation tools,REPL,?,No sufficient component assessment in this audit. This is not a claim of absence.,3c4e2be5e7bdf8f78f143fba7b251c010881e775; ## main...origin/main [ahead 27],
ponyiser,ponyiser,Augmentation tools,LSP / debugger,?,No sufficient component assessment in this audit. This is not a claim of absence.,3c4e2be5e7bdf8f78f143fba7b251c010881e775; ## main...origin/main [ahead 27],
ponyiser,ponyiser,Augmentation tools,Interpreter / runner,!,Reviewed run() prints instructions/configuration and returns success; it does not execute the target workload.,3c4e2be5e7bdf8f78f143fba7b251c010881e775; ## main...origin/main [ahead 27],src/codegen/mod.rs
ponyiser,ponyiser,Augmentation tools,Meta-interpreter,?,No sufficient component assessment in this audit. This is not a claim of absence.,3c4e2be5e7bdf8f78f143fba7b251c010881e775; ## main...origin/main [ahead 27],
ponyiser,ponyiser,Augmentation tools,Compiler / build,!,"Reviewed build() prints a plan/status or validates input, then returns success; it does not invoke the target compiler.",3c4e2be5e7bdf8f78f143fba7b251c010881e775; ## main...origin/main [ahead 27],src/codegen/mod.rs
ponyiser,ponyiser,Augmentation tools,Meta-compiler,F,A related filename was enumerated. Its existence establishes neither implementation nor correctness.,3c4e2be5e7bdf8f78f143fba7b251c010881e775; ## main...origin/main [ahead 27],features/ssg/ssg-bootstrap.sh
ponyiser,ponyiser,Augmentation tools,Code generators,I,src/codegen/mod.rs orchestration inspected. It writes/delegates generated artifacts; per-target semantic validity and full generator coverage were not established.,3c4e2be5e7bdf8f78f143fba7b251c010881e775; ## main...origin/main [ahead 27],src/codegen/mod.rs
ponyiser,ponyiser,Augmentation tools,Coprocessor / GPU,?,No sufficient component assessment in this audit. This is not a claim of absence.,3c4e2be5e7bdf8f78f143fba7b251c010881e775; ## main...origin/main [ahead 27],
ponyiser,ponyiser,Augmentation tools,FFI / ABI / verifier,F,A related filename was enumerated. Its existence establishes neither implementation nor correctness.,3c4e2be5e7bdf8f78f143fba7b251c010881e775; ## main...origin/main [ahead 27],.machine_readable/scripts/verification/0.3-AI-MANIFEST.a2ml; .machine_readable/scripts/verification/README.adoc; src/abi/mod.rs
ponyiser,ponyiser,Augmentation tools,Standard library,H,This column refers to the native host language. A manifest/input parser in the augmenter is not that language’s compiler or type checker.,3c4e2be5e7bdf8f78f143fba7b251c010881e775; ## main...origin/main [ahead 27],
ponyiser,ponyiser,Augmentation tools,Aggregate library,?,No sufficient component assessment in this audit. This is not a claim of absence.,3c4e2be5e7bdf8f78f143fba7b251c010881e775; ## main...origin/main [ahead 27],
ponyiser,ponyiser,Augmentation tools,Other libraries / packages,F,A related filename was enumerated. Its existence establishes neither implementation nor correctness.,3c4e2be5e7bdf8f78f143fba7b251c010881e775; ## main...origin/main [ahead 27],.machine_readable/6a2/ECOSYSTEM.a2ml
ponyiser,ponyiser,Augmentation tools,Unit / conformance tests,F,A related filename was enumerated. Its existence establishes neither implementation nor correctness.,3c4e2be5e7bdf8f78f143fba7b251c010881e775; ## main...origin/main [ahead 27],src/interface/ffi/test/0.4-AI-MANIFEST.a2ml; src/interface/ffi/test/README.adoc; src/interface/ffi/test/integration_test.zig
ponyiser,ponyiser,Augmentation tools,Property tests / fuzzing,F,A related filename was enumerated. Its existence establishes neither implementation nor correctness.,3c4e2be5e7bdf8f78f143fba7b251c010881e775; ## main...origin/main [ahead 27],tests/fuzz/placeholder.txt; verification/fuzzing/0.2-AI-MANIFEST.a2ml; verification/fuzzing/README.adoc
ponyiser,ponyiser,Augmentation tools,Formal model / proofs,F,A related filename was enumerated. Its existence establishes neither implementation nor correctness.,3c4e2be5e7bdf8f78f143fba7b251c010881e775; ## main...origin/main [ahead 27],verification/proofs/0.2-AI-MANIFEST.a2ml; verification/proofs/README.adoc
ponyiser,ponyiser,Augmentation tools,Proof / runtime correspondence,?,No sufficient component assessment in this audit. This is not a claim of absence.,3c4e2be5e7bdf8f78f143fba7b251c010881e775; ## main...origin/main [ahead 27],
ponyiser,ponyiser,Augmentation tools,CI / security gates,F,A related filename was enumerated. Its existence establishes neither implementation nor correctness.,3c4e2be5e7bdf8f78f143fba7b251c010881e775; ## main...origin/main [ahead 27],.github/workflows/abi-ffi-gate.yml; .github/workflows/boj-build.yml; .github/workflows/casket-pages.yml
ponyiser,ponyiser,Augmentation tools,Benchmarks / measurement,F,A related filename was enumerated. Its existence establishes neither implementation nor correctness.,3c4e2be5e7bdf8f78f143fba7b251c010881e775; ## main...origin/main [ahead 27],verification/benchmarks/0.2-AI-MANIFEST.a2ml; verification/benchmarks/README.adoc
ponyiser,ponyiser,Augmentation tools,Release / packaging,F,A related filename was enumerated. Its existence establishes neither implementation nor correctness.,3c4e2be5e7bdf8f78f143fba7b251c010881e775; ## main...origin/main [ahead 27],.github/workflows/release.yml
tlaiser,tlaiser,Augmentation tools,Syntax,H,This column refers to the native host language. A manifest/input parser in the augmenter is not that language’s compiler or type checker.,de937c67fb89f62eb5988a00c9479979cbf4c160; ## main...origin/main [ahead 27],
tlaiser,tlaiser,Augmentation tools,Semantics,H,This column refers to the native host language. A manifest/input parser in the augmenter is not that language’s compiler or type checker.,de937c67fb89f62eb5988a00c9479979cbf4c160; ## main...origin/main [ahead 27],src/interface/abi/Tlaiser/ABI/Semantics.idr
tlaiser,tlaiser,Augmentation tools,Type checker,H,This column refers to the native host language. A manifest/input parser in the augmenter is not that language’s compiler or type checker.,de937c67fb89f62eb5988a00c9479979cbf4c160; ## main...origin/main [ahead 27],
tlaiser,tlaiser,Augmentation tools,Ownership / effects,F,A related filename was enumerated. Its existence establishes neither implementation nor correctness.,de937c67fb89f62eb5988a00c9479979cbf4c160; ## main...origin/main [ahead 27],docs/governance/audit/effects/0.3-AI-MANIFEST.a2ml; docs/governance/audit/effects/README.adoc; examples/SafeDOMExample.affine
tlaiser,tlaiser,Augmentation tools,AST,H,This column refers to the native host language. A manifest/input parser in the augmenter is not that language’s compiler or type checker.,de937c67fb89f62eb5988a00c9479979cbf4c160; ## main...origin/main [ahead 27],
tlaiser,tlaiser,Augmentation tools,Judgement / evidence graph,?,No sufficient component assessment in this audit. This is not a claim of absence.,de937c67fb89f62eb5988a00c9479979cbf4c160; ## main...origin/main [ahead 27],
tlaiser,tlaiser,Augmentation tools,Lexer,H,This column refers to the native host language. A manifest/input parser in the augmenter is not that language’s compiler or type checker.,de937c67fb89f62eb5988a00c9479979cbf4c160; ## main...origin/main [ahead 27],.github/workflows/secret-scanner.yml
tlaiser,tlaiser,Augmentation tools,Parser,H,This column refers to the native host language. A manifest/input parser in the augmenter is not that language’s compiler or type checker.,de937c67fb89f62eb5988a00c9479979cbf4c160; ## main...origin/main [ahead 27],src/codegen/parser.rs
tlaiser,tlaiser,Augmentation tools,Elaboration / IR,?,No sufficient component assessment in this audit. This is not a claim of absence.,de937c67fb89f62eb5988a00c9479979cbf4c160; ## main...origin/main [ahead 27],
tlaiser,tlaiser,Augmentation tools,REPL,?,No sufficient component assessment in this audit. This is not a claim of absence.,de937c67fb89f62eb5988a00c9479979cbf4c160; ## main...origin/main [ahead 27],
tlaiser,tlaiser,Augmentation tools,LSP / debugger,?,No sufficient component assessment in this audit. This is not a claim of absence.,de937c67fb89f62eb5988a00c9479979cbf4c160; ## main...origin/main [ahead 27],
tlaiser,tlaiser,Augmentation tools,Interpreter / runner,!,Reviewed run() prints instructions/configuration and returns success; it does not execute the target workload.,de937c67fb89f62eb5988a00c9479979cbf4c160; ## main...origin/main [ahead 27],src/codegen/mod.rs
tlaiser,tlaiser,Augmentation tools,Meta-interpreter,?,No sufficient component assessment in this audit. This is not a claim of absence.,de937c67fb89f62eb5988a00c9479979cbf4c160; ## main...origin/main [ahead 27],
tlaiser,tlaiser,Augmentation tools,Compiler / build,!,"Reviewed build() prints a plan/status or validates input, then returns success; it does not invoke the target compiler.",de937c67fb89f62eb5988a00c9479979cbf4c160; ## main...origin/main [ahead 27],src/codegen/mod.rs
tlaiser,tlaiser,Augmentation tools,Meta-compiler,F,A related filename was enumerated. Its existence establishes neither implementation nor correctness.,de937c67fb89f62eb5988a00c9479979cbf4c160; ## main...origin/main [ahead 27],features/ssg/ssg-bootstrap.sh
tlaiser,tlaiser,Augmentation tools,Code generators,I,src/codegen/mod.rs orchestration inspected. It writes/delegates generated artifacts; per-target semantic validity and full generator coverage were not established.,de937c67fb89f62eb5988a00c9479979cbf4c160; ## main...origin/main [ahead 27],src/codegen/mod.rs
tlaiser,tlaiser,Augmentation tools,Coprocessor / GPU,?,No sufficient component assessment in this audit. This is not a claim of absence.,de937c67fb89f62eb5988a00c9479979cbf4c160; ## main...origin/main [ahead 27],
tlaiser,tlaiser,Augmentation tools,FFI / ABI / verifier,F,A related filename was enumerated. Its existence establishes neither implementation nor correctness.,de937c67fb89f62eb5988a00c9479979cbf4c160; ## main...origin/main [ahead 27],.machine_readable/scripts/verification/0.3-AI-MANIFEST.a2ml; .machine_readable/scripts/verification/README.adoc; src/abi/mod.rs
tlaiser,tlaiser,Augmentation tools,Standard library,H,This column refers to the native host language. A manifest/input parser in the augmenter is not that language’s compiler or type checker.,de937c67fb89f62eb5988a00c9479979cbf4c160; ## main...origin/main [ahead 27],
tlaiser,tlaiser,Augmentation tools,Aggregate library,?,No sufficient component assessment in this audit. This is not a claim of absence.,de937c67fb89f62eb5988a00c9479979cbf4c160; ## main...origin/main [ahead 27],
tlaiser,tlaiser,Augmentation tools,Other libraries / packages,F,A related filename was enumerated. Its existence establishes neither implementation nor correctness.,de937c67fb89f62eb5988a00c9479979cbf4c160; ## main...origin/main [ahead 27],.machine_readable/6a2/ECOSYSTEM.a2ml
tlaiser,tlaiser,Augmentation tools,Unit / conformance tests,F,A related filename was enumerated. Its existence establishes neither implementation nor correctness.,de937c67fb89f62eb5988a00c9479979cbf4c160; ## main...origin/main [ahead 27],src/interface/ffi/test/0.4-AI-MANIFEST.a2ml; src/interface/ffi/test/README.adoc; src/interface/ffi/test/integration_test.zig
tlaiser,tlaiser,Augmentation tools,Property tests / fuzzing,F,A related filename was enumerated. Its existence establishes neither implementation nor correctness.,de937c67fb89f62eb5988a00c9479979cbf4c160; ## main...origin/main [ahead 27],tests/fuzz/placeholder.txt; verification/fuzzing/0.2-AI-MANIFEST.a2ml; verification/fuzzing/README.adoc
tlaiser,tlaiser,Augmentation tools,Formal model / proofs,F,A related filename was enumerated. Its existence establishes neither implementation nor correctness.,de937c67fb89f62eb5988a00c9479979cbf4c160; ## main...origin/main [ahead 27],verification/proofs/0.2-AI-MANIFEST.a2ml; verification/proofs/README.adoc
tlaiser,tlaiser,Augmentation tools,Proof / runtime correspondence,?,No sufficient component assessment in this audit. This is not a claim of absence.,de937c67fb89f62eb5988a00c9479979cbf4c160; ## main...origin/main [ahead 27],
tlaiser,tlaiser,Augmentation tools,CI / security gates,F,A related filename was enumerated. Its existence establishes neither implementation nor correctness.,de937c67fb89f62eb5988a00c9479979cbf4c160; ## main...origin/main [ahead 27],.github/workflows/abi-ffi-gate.yml; .github/workflows/boj-build.yml; .github/workflows/casket-pages.yml
tlaiser,tlaiser,Augmentation tools,Benchmarks / measurement,F,A related filename was enumerated. Its existence establishes neither implementation nor correctness.,de937c67fb89f62eb5988a00c9479979cbf4c160; ## main...origin/main [ahead 27],verification/benchmarks/0.2-AI-MANIFEST.a2ml; verification/benchmarks/README.adoc
tlaiser,tlaiser,Augmentation tools,Release / packaging,F,A related filename was enumerated. Its existence establishes neither implementation nor correctness.,de937c67fb89f62eb5988a00c9479979cbf4c160; ## main...origin/main [ahead 27],.github/workflows/release.yml
typedqliser,typedqliser,Augmentation tools,Syntax,H,This column refers to the native host language. A manifest/input parser in the augmenter is not that language’s compiler or type checker.,801d22919abdb6b46da6a189bc2bed3641d04d22; ## main...origin/main [ahead 31],
typedqliser,typedqliser,Augmentation tools,Semantics,H,This column refers to the native host language. A manifest/input parser in the augmenter is not that language’s compiler or type checker.,801d22919abdb6b46da6a189bc2bed3641d04d22; ## main...origin/main [ahead 31],src/interface/abi/Typedqliser/ABI/Semantics.idr
typedqliser,typedqliser,Augmentation tools,Type checker,H,This column refers to the native host language. A manifest/input parser in the augmenter is not that language’s compiler or type checker.,801d22919abdb6b46da6a189bc2bed3641d04d22; ## main...origin/main [ahead 31],
typedqliser,typedqliser,Augmentation tools,Ownership / effects,F,A related filename was enumerated. Its existence establishes neither implementation nor correctness.,801d22919abdb6b46da6a189bc2bed3641d04d22; ## main...origin/main [ahead 31],docs/governance/audit/effects/0.3-AI-MANIFEST.a2ml; docs/governance/audit/effects/README.adoc; examples/SafeDOMExample.affine
typedqliser,typedqliser,Augmentation tools,AST,H,This column refers to the native host language. A manifest/input parser in the augmenter is not that language’s compiler or type checker.,801d22919abdb6b46da6a189bc2bed3641d04d22; ## main...origin/main [ahead 31],
typedqliser,typedqliser,Augmentation tools,Judgement / evidence graph,?,No sufficient component assessment in this audit. This is not a claim of absence.,801d22919abdb6b46da6a189bc2bed3641d04d22; ## main...origin/main [ahead 31],
typedqliser,typedqliser,Augmentation tools,Lexer,H,This column refers to the native host language. A manifest/input parser in the augmenter is not that language’s compiler or type checker.,801d22919abdb6b46da6a189bc2bed3641d04d22; ## main...origin/main [ahead 31],.github/workflows/secret-scanner.yml
typedqliser,typedqliser,Augmentation tools,Parser,H,This column refers to the native host language. A manifest/input parser in the augmenter is not that language’s compiler or type checker.,801d22919abdb6b46da6a189bc2bed3641d04d22; ## main...origin/main [ahead 31],
typedqliser,typedqliser,Augmentation tools,Elaboration / IR,?,No sufficient component assessment in this audit. This is not a claim of absence.,801d22919abdb6b46da6a189bc2bed3641d04d22; ## main...origin/main [ahead 31],
typedqliser,typedqliser,Augmentation tools,REPL,?,No sufficient component assessment in this audit. This is not a claim of absence.,801d22919abdb6b46da6a189bc2bed3641d04d22; ## main...origin/main [ahead 31],
typedqliser,typedqliser,Augmentation tools,LSP / debugger,?,No sufficient component assessment in this audit. This is not a claim of absence.,801d22919abdb6b46da6a189bc2bed3641d04d22; ## main...origin/main [ahead 31],
typedqliser,typedqliser,Augmentation tools,Interpreter / runner,?,No sufficient component assessment in this audit. This is not a claim of absence.,801d22919abdb6b46da6a189bc2bed3641d04d22; ## main...origin/main [ahead 31],
typedqliser,typedqliser,Augmentation tools,Meta-interpreter,?,No sufficient component assessment in this audit. This is not a claim of absence.,801d22919abdb6b46da6a189bc2bed3641d04d22; ## main...origin/main [ahead 31],
typedqliser,typedqliser,Augmentation tools,Compiler / build,F,A related filename was enumerated. Its existence establishes neither implementation nor correctness.,801d22919abdb6b46da6a189bc2bed3641d04d22; ## main...origin/main [ahead 31],src/interface/ffi/build.zig
typedqliser,typedqliser,Augmentation tools,Meta-compiler,F,A related filename was enumerated. Its existence establishes neither implementation nor correctness.,801d22919abdb6b46da6a189bc2bed3641d04d22; ## main...origin/main [ahead 31],features/ssg/ssg-bootstrap.sh
typedqliser,typedqliser,Augmentation tools,Code generators,F,A related filename was enumerated. Its existence establishes neither implementation nor correctness.,801d22919abdb6b46da6a189bc2bed3641d04d22; ## main...origin/main [ahead 31],src/codegen/mod.rs
typedqliser,typedqliser,Augmentation tools,Coprocessor / GPU,?,No sufficient component assessment in this audit. This is not a claim of absence.,801d22919abdb6b46da6a189bc2bed3641d04d22; ## main...origin/main [ahead 31],
typedqliser,typedqliser,Augmentation tools,FFI / ABI / verifier,F,A related filename was enumerated. Its existence establishes neither implementation nor correctness.,801d22919abdb6b46da6a189bc2bed3641d04d22; ## main...origin/main [ahead 31],.machine_readable/scripts/verification/0.3-AI-MANIFEST.a2ml; .machine_readable/scripts/verification/README.adoc; src/abi/mod.rs
typedqliser,typedqliser,Augmentation tools,Standard library,H,This column refers to the native host language. A manifest/input parser in the augmenter is not that language’s compiler or type checker.,801d22919abdb6b46da6a189bc2bed3641d04d22; ## main...origin/main [ahead 31],
typedqliser,typedqliser,Augmentation tools,Aggregate library,?,No sufficient component assessment in this audit. This is not a claim of absence.,801d22919abdb6b46da6a189bc2bed3641d04d22; ## main...origin/main [ahead 31],
typedqliser,typedqliser,Augmentation tools,Other libraries / packages,F,A related filename was enumerated. Its existence establishes neither implementation nor correctness.,801d22919abdb6b46da6a189bc2bed3641d04d22; ## main...origin/main [ahead 31],.machine_readable/6a2/ECOSYSTEM.a2ml
typedqliser,typedqliser,Augmentation tools,Unit / conformance tests,F,A related filename was enumerated. Its existence establishes neither implementation nor correctness.,801d22919abdb6b46da6a189bc2bed3641d04d22; ## main...origin/main [ahead 31],src/interface/ffi/test/0.4-AI-MANIFEST.a2ml; src/interface/ffi/test/README.adoc; src/interface/ffi/test/integration_test.zig
typedqliser,typedqliser,Augmentation tools,Property tests / fuzzing,F,A related filename was enumerated. Its existence establishes neither implementation nor correctness.,801d22919abdb6b46da6a189bc2bed3641d04d22; ## main...origin/main [ahead 31],tests/fuzz/placeholder.txt; tests/property_test.rs; verification/fuzzing/0.2-AI-MANIFEST.a2ml
typedqliser,typedqliser,Augmentation tools,Formal model / proofs,F,A related filename was enumerated. Its existence establishes neither implementation nor correctness.,801d22919abdb6b46da6a189bc2bed3641d04d22; ## main...origin/main [ahead 31],verification/proofs/0.2-AI-MANIFEST.a2ml; verification/proofs/README.adoc
typedqliser,typedqliser,Augmentation tools,Proof / runtime correspondence,?,Database-language augmentation boundary only; detailed database-language work is being audited separately.,801d22919abdb6b46da6a189bc2bed3641d04d22; ## main...origin/main [ahead 31],
typedqliser,typedqliser,Augmentation tools,CI / security gates,F,A related filename was enumerated. Its existence establishes neither implementation nor correctness.,801d22919abdb6b46da6a189bc2bed3641d04d22; ## main...origin/main [ahead 31],.github/workflows/abi-ffi-gate.yml; .github/workflows/boj-build.yml; .github/workflows/casket-pages.yml
typedqliser,typedqliser,Augmentation tools,Benchmarks / measurement,F,A related filename was enumerated. Its existence establishes neither implementation nor correctness.,801d22919abdb6b46da6a189bc2bed3641d04d22; ## main...origin/main [ahead 31],benches/typedqliser_bench.rs; verification/benchmarks/0.2-AI-MANIFEST.a2ml; verification/benchmarks/README.adoc
typedqliser,typedqliser,Augmentation tools,Release / packaging,F,A related filename was enumerated. Its existence establishes neither implementation nor correctness.,801d22919abdb6b46da6a189bc2bed3641d04d22; ## main...origin/main [ahead 31],.github/workflows/release.yml
verisimiser,verisimiser,Augmentation tools,Syntax,H,This column refers to the native host language. A manifest/input parser in the augmenter is not that language’s compiler or type checker.,bf29031d570f32e51a381615e08a3f298f3eb123; ## main...origin/main [ahead 4],
verisimiser,verisimiser,Augmentation tools,Semantics,H,This column refers to the native host language. A manifest/input parser in the augmenter is not that language’s compiler or type checker.,bf29031d570f32e51a381615e08a3f298f3eb123; ## main...origin/main [ahead 4],docs/decisions/0006-simulation-semantics.adoc
verisimiser,verisimiser,Augmentation tools,Type checker,H,This column refers to the native host language. A manifest/input parser in the augmenter is not that language’s compiler or type checker.,bf29031d570f32e51a381615e08a3f298f3eb123; ## main...origin/main [ahead 4],
verisimiser,verisimiser,Augmentation tools,Ownership / effects,F,A related filename was enumerated. Its existence establishes neither implementation nor correctness.,bf29031d570f32e51a381615e08a3f298f3eb123; ## main...origin/main [ahead 4],docs/governance/audit/effects/0.3-AI-MANIFEST.a2ml; docs/governance/audit/effects/README.adoc
verisimiser,verisimiser,Augmentation tools,AST,H,This column refers to the native host language. A manifest/input parser in the augmenter is not that language’s compiler or type checker.,bf29031d570f32e51a381615e08a3f298f3eb123; ## main...origin/main [ahead 4],
verisimiser,verisimiser,Augmentation tools,Judgement / evidence graph,?,No sufficient component assessment in this audit. This is not a claim of absence.,bf29031d570f32e51a381615e08a3f298f3eb123; ## main...origin/main [ahead 4],
verisimiser,verisimiser,Augmentation tools,Lexer,H,This column refers to the native host language. A manifest/input parser in the augmenter is not that language’s compiler or type checker.,bf29031d570f32e51a381615e08a3f298f3eb123; ## main...origin/main [ahead 4],.github/workflows/secret-scanner.yml
verisimiser,verisimiser,Augmentation tools,Parser,H,This column refers to the native host language. A manifest/input parser in the augmenter is not that language’s compiler or type checker.,bf29031d570f32e51a381615e08a3f298f3eb123; ## main...origin/main [ahead 4],src/codegen/parser.rs
verisimiser,verisimiser,Augmentation tools,Elaboration / IR,?,No sufficient component assessment in this audit. This is not a claim of absence.,bf29031d570f32e51a381615e08a3f298f3eb123; ## main...origin/main [ahead 4],
verisimiser,verisimiser,Augmentation tools,REPL,?,No sufficient component assessment in this audit. This is not a claim of absence.,bf29031d570f32e51a381615e08a3f298f3eb123; ## main...origin/main [ahead 4],
verisimiser,verisimiser,Augmentation tools,LSP / debugger,?,No sufficient component assessment in this audit. This is not a claim of absence.,bf29031d570f32e51a381615e08a3f298f3eb123; ## main...origin/main [ahead 4],
verisimiser,verisimiser,Augmentation tools,Interpreter / runner,?,No sufficient component assessment in this audit. This is not a claim of absence.,bf29031d570f32e51a381615e08a3f298f3eb123; ## main...origin/main [ahead 4],
verisimiser,verisimiser,Augmentation tools,Meta-interpreter,?,No sufficient component assessment in this audit. This is not a claim of absence.,bf29031d570f32e51a381615e08a3f298f3eb123; ## main...origin/main [ahead 4],
verisimiser,verisimiser,Augmentation tools,Compiler / build,F,A related filename was enumerated. Its existence establishes neither implementation nor correctness.,bf29031d570f32e51a381615e08a3f298f3eb123; ## main...origin/main [ahead 4],src/interface/ffi/build.zig
verisimiser,verisimiser,Augmentation tools,Meta-compiler,F,A related filename was enumerated. Its existence establishes neither implementation nor correctness.,bf29031d570f32e51a381615e08a3f298f3eb123; ## main...origin/main [ahead 4],features/ssg/ssg-bootstrap.sh
verisimiser,verisimiser,Augmentation tools,Code generators,F,A related filename was enumerated. Its existence establishes neither implementation nor correctness.,bf29031d570f32e51a381615e08a3f298f3eb123; ## main...origin/main [ahead 4],src/codegen/ident.rs; src/codegen/mod.rs; src/codegen/overlay.rs
verisimiser,verisimiser,Augmentation tools,Coprocessor / GPU,?,No sufficient component assessment in this audit. This is not a claim of absence.,bf29031d570f32e51a381615e08a3f298f3eb123; ## main...origin/main [ahead 4],
verisimiser,verisimiser,Augmentation tools,FFI / ABI / verifier,F,A related filename was enumerated. Its existence establishes neither implementation nor correctness.,bf29031d570f32e51a381615e08a3f298f3eb123; ## main...origin/main [ahead 4],.machine_readable/scripts/verification/0.3-AI-MANIFEST.a2ml; .machine_readable/scripts/verification/README.adoc; src/abi/mod.rs
verisimiser,verisimiser,Augmentation tools,Standard library,H,This column refers to the native host language. A manifest/input parser in the augmenter is not that language’s compiler or type checker.,bf29031d570f32e51a381615e08a3f298f3eb123; ## main...origin/main [ahead 4],
verisimiser,verisimiser,Augmentation tools,Aggregate library,?,No sufficient component assessment in this audit. This is not a claim of absence.,bf29031d570f32e51a381615e08a3f298f3eb123; ## main...origin/main [ahead 4],
verisimiser,verisimiser,Augmentation tools,Other libraries / packages,F,A related filename was enumerated. Its existence establishes neither implementation nor correctness.,bf29031d570f32e51a381615e08a3f298f3eb123; ## main...origin/main [ahead 4],.machine_readable/6a2/ECOSYSTEM.a2ml
verisimiser,verisimiser,Augmentation tools,Unit / conformance tests,F,A related filename was enumerated. Its existence establishes neither implementation nor correctness.,bf29031d570f32e51a381615e08a3f298f3eb123; ## main...origin/main [ahead 4],src/interface/ffi/test/0.4-AI-MANIFEST.a2ml; src/interface/ffi/test/README.adoc; src/interface/ffi/test/integration_test.zig
verisimiser,verisimiser,Augmentation tools,Property tests / fuzzing,F,A related filename was enumerated. Its existence establishes neither implementation nor correctness.,bf29031d570f32e51a381615e08a3f298f3eb123; ## main...origin/main [ahead 4],tests/fuzz/placeholder.txt
verisimiser,verisimiser,Augmentation tools,Formal model / proofs,?,No sufficient component assessment in this audit. This is not a claim of absence.,bf29031d570f32e51a381615e08a3f298f3eb123; ## main...origin/main [ahead 4],
verisimiser,verisimiser,Augmentation tools,Proof / runtime correspondence,?,Database-language augmentation boundary only; detailed database-language work is being audited separately.,bf29031d570f32e51a381615e08a3f298f3eb123; ## main...origin/main [ahead 4],
verisimiser,verisimiser,Augmentation tools,CI / security gates,F,A related filename was enumerated. Its existence establishes neither implementation nor correctness.,bf29031d570f32e51a381615e08a3f298f3eb123; ## main...origin/main [ahead 4],.github/workflows/abi-ffi-gate.yml; .github/workflows/boj-build.yml; .github/workflows/casket-pages.yml
verisimiser,verisimiser,Augmentation tools,Benchmarks / measurement,?,No sufficient component assessment in this audit. This is not a claim of absence.,bf29031d570f32e51a381615e08a3f298f3eb123; ## main...origin/main [ahead 4],
verisimiser,verisimiser,Augmentation tools,Release / packaging,F,A related filename was enumerated. Its existence establishes neither implementation nor correctness.,bf29031d570f32e51a381615e08a3f298f3eb123; ## main...origin/main [ahead 4],.github/workflows/release.yml
wokelangiser,wokelangiser,Augmentation tools,Syntax,H,This column refers to the native host language. A manifest/input parser in the augmenter is not that language’s compiler or type checker.,27dbd5ea386f3a9f04eca3fe17aca48db454482b; ## main...origin/main [ahead 18],
wokelangiser,wokelangiser,Augmentation tools,Semantics,H,This column refers to the native host language. A manifest/input parser in the augmenter is not that language’s compiler or type checker.,27dbd5ea386f3a9f04eca3fe17aca48db454482b; ## main...origin/main [ahead 18],src/interface/abi/Wokelangiser/ABI/Semantics.idr
wokelangiser,wokelangiser,Augmentation tools,Type checker,H,This column refers to the native host language. A manifest/input parser in the augmenter is not that language’s compiler or type checker.,27dbd5ea386f3a9f04eca3fe17aca48db454482b; ## main...origin/main [ahead 18],
wokelangiser,wokelangiser,Augmentation tools,Ownership / effects,F,A related filename was enumerated. Its existence establishes neither implementation nor correctness.,27dbd5ea386f3a9f04eca3fe17aca48db454482b; ## main...origin/main [ahead 18],docs/governance/audit/effects/0.3-AI-MANIFEST.a2ml; docs/governance/audit/effects/README.adoc; examples/SafeDOMExample.affine
wokelangiser,wokelangiser,Augmentation tools,AST,H,This column refers to the native host language. A manifest/input parser in the augmenter is not that language’s compiler or type checker.,27dbd5ea386f3a9f04eca3fe17aca48db454482b; ## main...origin/main [ahead 18],
wokelangiser,wokelangiser,Augmentation tools,Judgement / evidence graph,?,No sufficient component assessment in this audit. This is not a claim of absence.,27dbd5ea386f3a9f04eca3fe17aca48db454482b; ## main...origin/main [ahead 18],
wokelangiser,wokelangiser,Augmentation tools,Lexer,H,This column refers to the native host language. A manifest/input parser in the augmenter is not that language’s compiler or type checker.,27dbd5ea386f3a9f04eca3fe17aca48db454482b; ## main...origin/main [ahead 18],.github/workflows/secret-scanner.yml
wokelangiser,wokelangiser,Augmentation tools,Parser,H,This column refers to the native host language. A manifest/input parser in the augmenter is not that language’s compiler or type checker.,27dbd5ea386f3a9f04eca3fe17aca48db454482b; ## main...origin/main [ahead 18],src/codegen/parser.rs
wokelangiser,wokelangiser,Augmentation tools,Elaboration / IR,?,No sufficient component assessment in this audit. This is not a claim of absence.,27dbd5ea386f3a9f04eca3fe17aca48db454482b; ## main...origin/main [ahead 18],
wokelangiser,wokelangiser,Augmentation tools,REPL,?,No sufficient component assessment in this audit. This is not a claim of absence.,27dbd5ea386f3a9f04eca3fe17aca48db454482b; ## main...origin/main [ahead 18],
wokelangiser,wokelangiser,Augmentation tools,LSP / debugger,?,No sufficient component assessment in this audit. This is not a claim of absence.,27dbd5ea386f3a9f04eca3fe17aca48db454482b; ## main...origin/main [ahead 18],
wokelangiser,wokelangiser,Augmentation tools,Interpreter / runner,I,Run invokes source consent/accessibility/i18n analysis and renders a report. This does not prove compliance.,27dbd5ea386f3a9f04eca3fe17aca48db454482b; ## main...origin/main [ahead 18],src/codegen/mod.rs
wokelangiser,wokelangiser,Augmentation tools,Meta-interpreter,?,No sufficient component assessment in this audit. This is not a claim of absence.,27dbd5ea386f3a9f04eca3fe17aca48db454482b; ## main...origin/main [ahead 18],
wokelangiser,wokelangiser,Augmentation tools,Compiler / build,!,"Reviewed build() prints a plan/status or validates input, then returns success; it does not invoke the target compiler.",27dbd5ea386f3a9f04eca3fe17aca48db454482b; ## main...origin/main [ahead 18],src/codegen/mod.rs
wokelangiser,wokelangiser,Augmentation tools,Meta-compiler,F,A related filename was enumerated. Its existence establishes neither implementation nor correctness.,27dbd5ea386f3a9f04eca3fe17aca48db454482b; ## main...origin/main [ahead 18],features/ssg/ssg-bootstrap.sh
wokelangiser,wokelangiser,Augmentation tools,Code generators,I,src/codegen/mod.rs orchestration inspected. It writes/delegates generated artifacts; per-target semantic validity and full generator coverage were not established.,27dbd5ea386f3a9f04eca3fe17aca48db454482b; ## main...origin/main [ahead 18],src/codegen/mod.rs
wokelangiser,wokelangiser,Augmentation tools,Coprocessor / GPU,?,No sufficient component assessment in this audit. This is not a claim of absence.,27dbd5ea386f3a9f04eca3fe17aca48db454482b; ## main...origin/main [ahead 18],
wokelangiser,wokelangiser,Augmentation tools,FFI / ABI / verifier,F,A related filename was enumerated. Its existence establishes neither implementation nor correctness.,27dbd5ea386f3a9f04eca3fe17aca48db454482b; ## main...origin/main [ahead 18],.machine_readable/scripts/verification/0.3-AI-MANIFEST.a2ml; .machine_readable/scripts/verification/README.adoc; src/abi/mod.rs
wokelangiser,wokelangiser,Augmentation tools,Standard library,H,This column refers to the native host language. A manifest/input parser in the augmenter is not that language’s compiler or type checker.,27dbd5ea386f3a9f04eca3fe17aca48db454482b; ## main...origin/main [ahead 18],
wokelangiser,wokelangiser,Augmentation tools,Aggregate library,?,No sufficient component assessment in this audit. This is not a claim of absence.,27dbd5ea386f3a9f04eca3fe17aca48db454482b; ## main...origin/main [ahead 18],
wokelangiser,wokelangiser,Augmentation tools,Other libraries / packages,F,A related filename was enumerated. Its existence establishes neither implementation nor correctness.,27dbd5ea386f3a9f04eca3fe17aca48db454482b; ## main...origin/main [ahead 18],.machine_readable/6a2/ECOSYSTEM.a2ml
wokelangiser,wokelangiser,Augmentation tools,Unit / conformance tests,F,A related filename was enumerated. Its existence establishes neither implementation nor correctness.,27dbd5ea386f3a9f04eca3fe17aca48db454482b; ## main...origin/main [ahead 18],src/interface/ffi/test/0.4-AI-MANIFEST.a2ml; src/interface/ffi/test/README.adoc; src/interface/ffi/test/integration_test.zig
wokelangiser,wokelangiser,Augmentation tools,Property tests / fuzzing,F,A related filename was enumerated. Its existence establishes neither implementation nor correctness.,27dbd5ea386f3a9f04eca3fe17aca48db454482b; ## main...origin/main [ahead 18],tests/fuzz/placeholder.txt; verification/fuzzing/0.2-AI-MANIFEST.a2ml; verification/fuzzing/README.adoc
wokelangiser,wokelangiser,Augmentation tools,Formal model / proofs,F,A related filename was enumerated. Its existence establishes neither implementation nor correctness.,27dbd5ea386f3a9f04eca3fe17aca48db454482b; ## main...origin/main [ahead 18],verification/proofs/0.2-AI-MANIFEST.a2ml; verification/proofs/README.adoc
wokelangiser,wokelangiser,Augmentation tools,Proof / runtime correspondence,?,No sufficient component assessment in this audit. This is not a claim of absence.,27dbd5ea386f3a9f04eca3fe17aca48db454482b; ## main...origin/main [ahead 18],
wokelangiser,wokelangiser,Augmentation tools,CI / security gates,F,A related filename was enumerated. Its existence establishes neither implementation nor correctness.,27dbd5ea386f3a9f04eca3fe17aca48db454482b; ## main...origin/main [ahead 18],.github/workflows/abi-ffi-gate.yml; .github/workflows/boj-build.yml; .github/workflows/branch-cleanup.yml
wokelangiser,wokelangiser,Augmentation tools,Benchmarks / measurement,F,A related filename was enumerated. Its existence establishes neither implementation nor correctness.,27dbd5ea386f3a9f04eca3fe17aca48db454482b; ## main...origin/main [ahead 18],verification/benchmarks/0.2-AI-MANIFEST.a2ml; verification/benchmarks/README.adoc
wokelangiser,wokelangiser,Augmentation tools,Release / packaging,F,A related filename was enumerated. Its existence establishes neither implementation nor correctness.,27dbd5ea386f3a9f04eca3fe17aca48db454482b; ## main...origin/main [ahead 18],.github/workflows/release.yml
